using Zenith.NET;

namespace CornellBox.Passes;

internal partial class PathTracingPass
{
    #region DirectX12
    private static readonly ShaderDesc DirectX12CSMain = new()
    {
        Name = "CSMain",
        CodeBytes =
        [
            0x44, 0x58, 0x42, 0x43, 0xB0, 0xA7, 0x43, 0x50, 0x7D, 0x57, 0x96, 0x62, 0xF8, 0x20, 0x99, 0x5E,
            0x86, 0x8B, 0xCB, 0xEF, 0x01, 0x00, 0x00, 0x00, 0xC4, 0x2B, 0x00, 0x00, 0x07, 0x00, 0x00, 0x00,
            0x3C, 0x00, 0x00, 0x00, 0x4C, 0x00, 0x00, 0x00, 0x5C, 0x00, 0x00, 0x00, 0x6C, 0x00, 0x00, 0x00,
            0xDC, 0x00, 0x00, 0x00, 0x60, 0x0B, 0x00, 0x00, 0x7C, 0x0B, 0x00, 0x00, 0x53, 0x46, 0x49, 0x30,
            0x08, 0x00, 0x00, 0x00, 0x00, 0x00, 0x10, 0x02, 0x00, 0x00, 0x00, 0x00, 0x49, 0x53, 0x47, 0x31,
            0x08, 0x00, 0x00, 0x00, 0x00, 0x00, 0x00, 0x00, 0x08, 0x00, 0x00, 0x00, 0x4F, 0x53, 0x47, 0x31,
            0x08, 0x00, 0x00, 0x00, 0x00, 0x00, 0x00, 0x00, 0x08, 0x00, 0x00, 0x00, 0x50, 0x53, 0x56, 0x30,
            0x68, 0x00, 0x00, 0x00, 0x34, 0x00, 0x00, 0x00, 0x00, 0x00, 0x00, 0x00, 0x00, 0x00, 0x00, 0x00,
            0x00, 0x00, 0x00, 0x00, 0x00, 0x00, 0x00, 0x00, 0x00, 0x00, 0x00, 0x00, 0xFF, 0xFF, 0xFF, 0xFF,
            0x05, 0x00, 0x00, 0x00, 0x00, 0x00, 0x00, 0x00, 0x00, 0x00, 0x00, 0x00, 0x08, 0x00, 0x00, 0x00,
            0x08, 0x00, 0x00, 0x00, 0x01, 0x00, 0x00, 0x00, 0x01, 0x00, 0x00, 0x00, 0x01, 0x00, 0x00, 0x00,
            0x18, 0x00, 0x00, 0x00, 0x02, 0x00, 0x00, 0x00, 0x00, 0x00, 0x00, 0x00, 0x00, 0x00, 0x00, 0x00,
            0x00, 0x00, 0x00, 0x00, 0x0D, 0x00, 0x00, 0x00, 0x00, 0x00, 0x00, 0x00, 0x08, 0x00, 0x00, 0x00,
            0x00, 0x43, 0x53, 0x4D, 0x61, 0x69, 0x6E, 0x00, 0x00, 0x00, 0x00, 0x00, 0x53, 0x54, 0x41, 0x54,
            0x7C, 0x0A, 0x00, 0x00, 0x66, 0x00, 0x05, 0x00, 0x9F, 0x02, 0x00, 0x00, 0x44, 0x58, 0x49, 0x4C,
            0x06, 0x01, 0x00, 0x00, 0x10, 0x00, 0x00, 0x00, 0x64, 0x0A, 0x00, 0x00, 0x42, 0x43, 0xC0, 0xDE,
            0x21, 0x0C, 0x00, 0x00, 0x96, 0x02, 0x00, 0x00, 0x0B, 0x82, 0x20, 0x00, 0x02, 0x00, 0x00, 0x00,
            0x13, 0x00, 0x00, 0x00, 0x07, 0x81, 0x23, 0x91, 0x41, 0xC8, 0x04, 0x49, 0x06, 0x10, 0x32, 0x39,
            0x92, 0x01, 0x84, 0x0C, 0x25, 0x05, 0x08, 0x19, 0x1E, 0x04, 0x8B, 0x62, 0x80, 0x18, 0x45, 0x02,
            0x42, 0x92, 0x0B, 0x42, 0xC4, 0x10, 0x32, 0x14, 0x38, 0x08, 0x18, 0x4B, 0x0A, 0x32, 0x62, 0x88,
            0x48, 0x90, 0x14, 0x20, 0x43, 0x46, 0x88, 0xA5, 0x00, 0x19, 0x32, 0x42, 0xE4, 0x48, 0x0E, 0x90,
            0x11, 0x23, 0xC4, 0x50, 0x41, 0x51, 0x81, 0x8C, 0xE1, 0x83, 0xE5, 0x8A, 0x04, 0x31, 0x46, 0x06,
            0x51, 0x18, 0x00, 0x00, 0x08, 0x00, 0x00, 0x00, 0x1B, 0x8C, 0xE0, 0xFF, 0xFF, 0xFF, 0xFF, 0x07,
            0x40, 0x02, 0xA8, 0x0D, 0x84, 0xF0, 0xFF, 0xFF, 0xFF, 0xFF, 0x03, 0x20, 0x6D, 0x30, 0x86, 0xFF,
            0xFF, 0xFF, 0xFF, 0x1F, 0x00, 0x09, 0xA8, 0x00, 0x49, 0x18, 0x00, 0x00, 0x03, 0x00, 0x00, 0x00,
            0x13, 0x82, 0x60, 0x42, 0x20, 0x4C, 0x08, 0x06, 0x00, 0x00, 0x00, 0x00, 0x89, 0x20, 0x00, 0x00,
            0x5F, 0x00, 0x00, 0x00, 0x32, 0x22, 0x88, 0x09, 0x20, 0x64, 0x85, 0x04, 0x13, 0x23, 0xA4, 0x84,
            0x04, 0x13, 0x23, 0xE3, 0x84, 0xA1, 0x90, 0x14, 0x12, 0x4C, 0x8C, 0x8C, 0x0B, 0x84, 0xC4, 0x4C,
            0x10, 0xE8, 0xC1, 0x08, 0x40, 0x09, 0x00, 0x0A, 0xE6, 0x08, 0xC0, 0xA0, 0x0C, 0xC3, 0x30, 0x10,
            0x31, 0x47, 0x80, 0x90, 0x71, 0xCF, 0x70, 0xF9, 0x13, 0xF6, 0x10, 0x92, 0x1F, 0x02, 0xCD, 0xB0,
            0x10, 0x28, 0x38, 0xE6, 0x08, 0x82, 0x52, 0x20, 0xC3, 0x90, 0x24, 0xA4, 0xCC, 0x00, 0x14, 0x84,
            0x19, 0x18, 0x86, 0x61, 0x18, 0x86, 0x9A, 0x32, 0x30, 0x03, 0x43, 0x4F, 0x21, 0x98, 0x81, 0x61,
            0x28, 0x2A, 0x0B, 0x30, 0x20, 0xC3, 0x30, 0x30, 0x0C, 0xC3, 0x18, 0x34, 0xDD, 0x34, 0x5C, 0xFE,
            0x84, 0x3D, 0x84, 0xE4, 0xAF, 0x84, 0xB4, 0x12, 0x93, 0x5F, 0xDC, 0x36, 0x2A, 0x18, 0x86, 0x61,
            0x86, 0x72, 0x54, 0x03, 0x32, 0x0C, 0xC6, 0x40, 0xD6, 0x4D, 0xC3, 0xE5, 0x4F, 0xD8, 0x43, 0x48,
            0xFE, 0x4A, 0x48, 0x2B, 0x31, 0xF9, 0xC8, 0x6D, 0xA3, 0x62, 0x18, 0x86, 0x61, 0x28, 0x07, 0x36,
            0x20, 0xC3, 0x60, 0x0C, 0x94, 0x1D, 0x35, 0x5C, 0xFE, 0x84, 0x3D, 0x84, 0xE4, 0x73, 0x1B, 0x55,
            0xAC, 0xC4, 0xE4, 0x23, 0xB7, 0x8D, 0x88, 0x61, 0x18, 0x86, 0x42, 0x6C, 0x03, 0x32, 0x10, 0x77,
            0xD4, 0x70, 0xF9, 0x13, 0xF6, 0x10, 0x92, 0xCF, 0x6D, 0x54, 0xB1, 0x12, 0x93, 0x5F, 0xDC, 0x36,
            0x22, 0x18, 0x86, 0x61, 0x0A, 0xE1, 0x0D, 0xC8, 0x40, 0x5F, 0x71, 0x80, 0x61, 0x40, 0x86, 0x81,
            0x61, 0x18, 0x86, 0x61, 0x18, 0x86, 0xC2, 0x32, 0x24, 0xC3, 0x40, 0x63, 0x19, 0x98, 0x61, 0xA0,
            0xB2, 0x10, 0xCC, 0x30, 0x18, 0x74, 0x96, 0x82, 0x19, 0x18, 0x86, 0xA1, 0xF4, 0xB6, 0xE1, 0xF2,
            0x27, 0xEC, 0x21, 0x24, 0x7F, 0x25, 0x24, 0x87, 0x8A, 0x04, 0x22, 0x8D, 0x9C, 0x87, 0x88, 0x26,
            0x84, 0x90, 0x90, 0x30, 0x0C, 0x85, 0x40, 0x06, 0x64, 0x25, 0xF6, 0xA0, 0xE1, 0xF2, 0x27, 0xEC,
            0x21, 0x24, 0x7F, 0x25, 0xA4, 0x0D, 0x69, 0x06, 0x44, 0x0C, 0xC3, 0x60, 0x94, 0x02, 0x19, 0xDC,
            0x21, 0xA1, 0x77, 0x20, 0x60, 0x18, 0x81, 0x60, 0x92, 0x40, 0x3E, 0x4B, 0x58, 0x00, 0x49, 0xF2,
            0x19, 0x60, 0x8A, 0x90, 0xCB, 0x2F, 0x16, 0x07, 0x98, 0x7C, 0xDC, 0xC7, 0x51, 0x30, 0x0F, 0x23,
            0x08, 0xC3, 0x49, 0xD2, 0x14, 0x51, 0xC2, 0xE4, 0x73, 0x4E, 0x23, 0x4D, 0x40, 0x33, 0x49, 0x3F,
            0x8D, 0x1C, 0x9A, 0xA6, 0x69, 0x59, 0xAE, 0xEB, 0xBA, 0xAE, 0xEB, 0xBA, 0xBE, 0x45, 0x70, 0x1A,
            0x69, 0x02, 0x9A, 0x49, 0xFA, 0x69, 0x14, 0xD8, 0x74, 0xCF, 0x11, 0x80, 0x02, 0x00, 0x00, 0x00,
            0x13, 0x14, 0x72, 0xC0, 0x87, 0x74, 0x60, 0x87, 0x36, 0x68, 0x87, 0x79, 0x68, 0x03, 0x72, 0xC0,
            0x87, 0x0D, 0xAE, 0x50, 0x0E, 0x6D, 0xD0, 0x0E, 0x7A, 0x50, 0x0E, 0x6D, 0x00, 0x0F, 0x7A, 0x30,
            0x07, 0x72, 0xA0, 0x07, 0x73, 0x20, 0x07, 0x6D, 0x90, 0x0E, 0x71, 0xA0, 0x07, 0x73, 0x20, 0x07,
            0x6D, 0x90, 0x0E, 0x78, 0xA0, 0x07, 0x78, 0xD0, 0x06, 0xE9, 0x10, 0x07, 0x76, 0xA0, 0x07, 0x71,
            0x60, 0x07, 0x6D, 0x90, 0x0E, 0x73, 0x20, 0x07, 0x7A, 0x30, 0x07, 0x72, 0xD0, 0x06, 0xE9, 0x60,
            0x07, 0x74, 0xA0, 0x07, 0x76, 0x40, 0x07, 0x6D, 0x60, 0x0E, 0x71, 0x60, 0x07, 0x7A, 0x10, 0x07,
            0x76, 0xD0, 0x06, 0xE6, 0x30, 0x07, 0x72, 0xA0, 0x07, 0x73, 0x20, 0x07, 0x6D, 0x60, 0x0E, 0x76,
            0x40, 0x07, 0x7A, 0x60, 0x07, 0x74, 0xD0, 0x06, 0xEE, 0x80, 0x07, 0x7A, 0x10, 0x07, 0x76, 0xA0,
            0x07, 0x73, 0x20, 0x07, 0x7A, 0x60, 0x07, 0x74, 0x30, 0xE4, 0x09, 0x80, 0x00, 0x00, 0x00, 0x00,
            0x00, 0x00, 0x00, 0x00, 0x00, 0x60, 0xC8, 0x43, 0x00, 0x01, 0x10, 0x00, 0x00, 0x00, 0x00, 0x00,
            0x00, 0x00, 0xC0, 0x90, 0x47, 0x01, 0x02, 0x20, 0x00, 0x00, 0x00, 0x00, 0x00, 0x00, 0x00, 0x80,
            0x21, 0x4F, 0x03, 0x04, 0x40, 0x00, 0x00, 0x00, 0x00, 0x00, 0x00, 0x00, 0x00, 0x43, 0x9E, 0x07,
            0x08, 0x80, 0x00, 0x00, 0x00, 0x00, 0x00, 0x00, 0x00, 0x00, 0x86, 0x3C, 0x11, 0x10, 0x00, 0x01,
            0x00, 0x00, 0x00, 0x00, 0x00, 0x00, 0x00, 0x0C, 0x79, 0x26, 0x20, 0x00, 0x04, 0x00, 0x00, 0x00,
            0x00, 0x00, 0x00, 0x00, 0x18, 0xF2, 0x58, 0x40, 0x00, 0x0C, 0x00, 0x00, 0x00, 0x00, 0x00, 0x00,
            0x00, 0x30, 0xE4, 0xC9, 0x80, 0x00, 0x18, 0x00, 0x00, 0x00, 0x00, 0x00, 0x00, 0x00, 0x60, 0xC8,
            0xC3, 0x01, 0x01, 0x30, 0x00, 0x00, 0x00, 0x00, 0x00, 0x00, 0x00, 0xC0, 0x90, 0xE7, 0x03, 0x02,
            0x60, 0x00, 0x00, 0x00, 0x00, 0x00, 0x00, 0x00, 0x80, 0x21, 0x0F, 0x01, 0x04, 0x80, 0x00, 0x00,
            0x00, 0x00, 0x00, 0x00, 0x00, 0x00, 0x43, 0x9E, 0x30, 0x00, 0x02, 0x40, 0x00, 0x00, 0x00, 0x00,
            0x00, 0x00, 0x00, 0x80, 0x21, 0x0F, 0x01, 0x04, 0xC0, 0x00, 0x00, 0x00, 0x00, 0x00, 0x00, 0x00,
            0x00, 0x43, 0x9E, 0x31, 0x00, 0x02, 0x40, 0x00, 0x00, 0x00, 0x00, 0x00, 0x00, 0x00, 0x80, 0x21,
            0x4F, 0x19, 0x00, 0x01, 0x30, 0x00, 0x00, 0x00, 0x00, 0x00, 0x00, 0x00, 0xC0, 0x90, 0xE7, 0x0C,
            0x80, 0x00, 0x18, 0x00, 0x00, 0x00, 0x00, 0x00, 0x00, 0x00, 0x60, 0xC8, 0x93, 0x06, 0x40, 0x00,
            0x04, 0x00, 0x00, 0x00, 0x00, 0x00, 0x00, 0x00, 0x30, 0xE4, 0x61, 0x03, 0x20, 0x00, 0x02, 0x00,
            0x00, 0x00, 0x00, 0x00, 0x00, 0x00, 0x18, 0xF2, 0xBC, 0x01, 0x10, 0x00, 0x01, 0x00, 0x00, 0x00,
            0x00, 0x00, 0x00, 0x00, 0x64, 0x81, 0x00, 0x00, 0x19, 0x00, 0x00, 0x00, 0x32, 0x1E, 0x98, 0x18,
            0x19, 0x11, 0x4C, 0x90, 0x8C, 0x09, 0x26, 0x47, 0xC6, 0x04, 0x43, 0x1A, 0x4A, 0xA0, 0x18, 0x46,
            0x00, 0x0A, 0xB8, 0xA0, 0x08, 0x0A, 0xA1, 0x0C, 0xCA, 0xA1, 0x24, 0x0A, 0x30, 0xA0, 0x00, 0x05,
            0x0A, 0x70, 0xA0, 0x00, 0x09, 0x4A, 0xA3, 0x40, 0x09, 0x0A, 0x98, 0xA0, 0x14, 0x0A, 0x9A, 0xA0,
            0xC0, 0x09, 0x0A, 0x9E, 0xA0, 0x00, 0x0B, 0x0A, 0xB2, 0xA0, 0x40, 0x0B, 0x0A, 0xB6, 0xA0, 0x20,
            0x0A, 0xA4, 0x70, 0x11, 0xCA, 0xDF, 0xA1, 0xD0, 0x8A, 0xA2, 0xB8, 0x28, 0x2F, 0x40, 0x40, 0x40,
            0x54, 0x04, 0xBA, 0x67, 0x00, 0x08, 0x9F, 0x01, 0x20, 0x7B, 0x06, 0x00, 0x00, 0x00, 0x00, 0x00,
            0x79, 0x18, 0x00, 0x00, 0xD8, 0x00, 0x00, 0x00, 0x1A, 0x03, 0x4C, 0x90, 0x46, 0x02, 0x13, 0x44,
            0x34, 0x20, 0xC3, 0x1B, 0x43, 0x81, 0x93, 0x4B, 0xB3, 0x0B, 0xA3, 0x2B, 0x4B, 0x01, 0x89, 0x71,
            0xC9, 0x71, 0x81, 0x71, 0x81, 0x01, 0x41, 0x81, 0x93, 0x4B, 0xB3, 0x0B, 0xA3, 0x2B, 0x63, 0x01,
            0x81, 0x81, 0x81, 0x81, 0x81, 0x81, 0x81, 0x81, 0x49, 0xD9, 0x10, 0x04, 0x13, 0x84, 0x81, 0x9A,
            0x20, 0x0C, 0xD5, 0x06, 0x61, 0x20, 0x26, 0x08, 0x83, 0xB5, 0x41, 0x30, 0x0C, 0x0A, 0x63, 0x73,
            0x1B, 0x06, 0x84, 0x20, 0x26, 0x08, 0x78, 0x50, 0x07, 0x5C, 0xC6, 0xDE, 0xDC, 0xE6, 0xE8, 0xC2,
            0xDC, 0xE8, 0xE6, 0xBE, 0x60, 0x26, 0x08, 0xC3, 0xB5, 0x01, 0x31, 0x94, 0xC5, 0x30, 0x06, 0x06,
            0xD8, 0x10, 0x34, 0x1B, 0x08, 0x00, 0x70, 0x80, 0x09, 0x82, 0x1D, 0xD8, 0x01, 0x9B, 0x24, 0x37,
            0xBB, 0x32, 0xB9, 0xB9, 0x32, 0xAB, 0xB4, 0xB2, 0xBB, 0x2F, 0x98, 0x09, 0xC2, 0x80, 0x4D, 0x10,
            0x86, 0x6C, 0xC3, 0x30, 0x4D, 0xC3, 0x04, 0x61, 0xD0, 0x26, 0x08, 0xC3, 0x36, 0x41, 0x18, 0xB8,
            0x0D, 0x08, 0x11, 0x49, 0x54, 0x65, 0x58, 0x17, 0xA7, 0x24, 0x37, 0xBB, 0x32, 0xB9, 0xB9, 0x32,
            0x28, 0xB9, 0x37, 0xB5, 0xB2, 0x31, 0xBA, 0xB4, 0x37, 0xB7, 0x2F, 0x98, 0x09, 0xC2, 0xD0, 0x6D,
            0x40, 0x88, 0x4C, 0xA2, 0x2A, 0xCD, 0xBA, 0x08, 0x59, 0xA5, 0x95, 0xDD, 0x41, 0xC9, 0xBD, 0xA9,
            0x95, 0x8D, 0xD1, 0xA5, 0xBD, 0xB9, 0x7D, 0xC1, 0x4C, 0x10, 0x06, 0x6F, 0x03, 0x42, 0x70, 0x12,
            0x55, 0x75, 0xD6, 0x45, 0x0C, 0x4A, 0xAE, 0xCC, 0x2E, 0xED, 0xAD, 0x6E, 0xCE, 0x2A, 0xAD, 0xEC,
            0x0E, 0x4A, 0xEE, 0x4D, 0xAD, 0x6C, 0x8C, 0x2E, 0xED, 0xCD, 0xED, 0x0B, 0x66, 0x82, 0x30, 0x7C,
            0x1B, 0x10, 0xE2, 0x93, 0xA8, 0x0A, 0x0C, 0xAC, 0x8B, 0x0F, 0xD4, 0xDB, 0x5C, 0x1A, 0x5D, 0xDA,
            0x9B, 0x9B, 0x91, 0x5C, 0x58, 0x5B, 0xD9, 0x17, 0xCC, 0x04, 0x61, 0x00, 0x83, 0x09, 0xC2, 0x10,
            0x06, 0x1B, 0x10, 0x42, 0x0C, 0xAA, 0x31, 0xB0, 0x2E, 0x32, 0x98, 0x28, 0x49, 0x95, 0xB9, 0x91,
            0x95, 0xC9, 0x4D, 0xA5, 0xE9, 0x95, 0x29, 0xA5, 0xD1, 0xD1, 0x95, 0xC9, 0x7D, 0xC1, 0x4C, 0x10,
            0x06, 0x31, 0xD8, 0x80, 0x10, 0x66, 0x50, 0x9D, 0x81, 0x75, 0x91, 0xC1, 0xC4, 0x63, 0x6A, 0xAC,
            0xCC, 0xAD, 0xEC, 0x0B, 0x66, 0x82, 0x30, 0x8C, 0xC1, 0x04, 0x61, 0x20, 0x83, 0x0D, 0x08, 0x91,
            0x06, 0x95, 0x1A, 0x58, 0x6B, 0x40, 0x06, 0x12, 0x15, 0xAB, 0x32, 0x39, 0xBA, 0xB4, 0xB1, 0xB2,
            0xB9, 0x2F, 0x98, 0x09, 0xC2, 0x50, 0x06, 0x1B, 0x10, 0xA2, 0x0D, 0x2A, 0x37, 0xB0, 0xD6, 0x80,
            0x0C, 0x24, 0x26, 0x49, 0x6E, 0x64, 0x69, 0x63, 0x65, 0x73, 0x5F, 0x30, 0x13, 0x84, 0xC1, 0x0C,
            0x36, 0x20, 0x04, 0x1C, 0x54, 0x71, 0x60, 0xAD, 0x01, 0x19, 0x48, 0x5C, 0x9A, 0xC2, 0xE8, 0xCA,
            0xE4, 0xD2, 0xC2, 0xD8, 0xE6, 0xBE, 0x60, 0x26, 0x08, 0xC3, 0x19, 0x6C, 0x40, 0x88, 0x39, 0xA8,
            0xE8, 0xC0, 0x5A, 0x03, 0x32, 0x90, 0x78, 0x0C, 0xBD, 0xB1, 0xBD, 0xC9, 0x7D, 0xC1, 0x4C, 0x10,
            0x06, 0x34, 0xD8, 0x80, 0x10, 0x76, 0x50, 0xDD, 0x81, 0xB5, 0x06, 0x64, 0x20, 0xF1, 0x20, 0x2A,
            0x83, 0xA3, 0x43, 0xFB, 0x82, 0x99, 0x20, 0x0C, 0x69, 0xB0, 0x01, 0x21, 0xF2, 0xA0, 0xD2, 0x03,
            0x6B, 0x0D, 0xC8, 0x40, 0x22, 0xE2, 0xF4, 0x26, 0xD7, 0x16, 0xC6, 0xF6, 0x05, 0x33, 0x41, 0x18,
            0xD4, 0x60, 0x03, 0x42, 0xF0, 0x41, 0xD5, 0x07, 0xD6, 0x1A, 0x90, 0x81, 0xC4, 0xA7, 0xE9, 0x8D,
            0x2E, 0xED, 0xCD, 0xCD, 0xAA, 0x6C, 0x8C, 0xEE, 0x4D, 0x6E, 0xEE, 0x0B, 0x66, 0x82, 0x30, 0xAC,
            0xC1, 0x06, 0x84, 0xF8, 0x83, 0x0A, 0x14, 0xAC, 0x35, 0x20, 0x03, 0x69, 0xC3, 0xC3, 0x60, 0x9B,
            0x17, 0x06, 0x65, 0x80, 0x06, 0x6C, 0xF0, 0x06, 0x72, 0x50, 0x07, 0x78, 0xB0, 0x07, 0x7E, 0x10,
            0x0A, 0x13, 0x84, 0x3B, 0xA0, 0x83, 0x0D, 0x04, 0xB1, 0x54, 0xC6, 0x06, 0x81, 0x21, 0x85, 0x0D,
            0x85, 0x01, 0x89, 0xC2, 0x28, 0x94, 0xC2, 0x04, 0x41, 0x00, 0x36, 0x00, 0x1B, 0x06, 0x03, 0x15,
            0x50, 0x61, 0x43, 0x90, 0x0A, 0x1B, 0x86, 0xE1, 0x14, 0x54, 0x81, 0xC6, 0xD0, 0x54, 0x53, 0x58,
            0x9A, 0xDB, 0x04, 0x21, 0x0F, 0xE6, 0x60, 0x82, 0x30, 0xB0, 0xC1, 0x86, 0xC1, 0x15, 0x5C, 0x61,
            0xD8, 0x40, 0x18, 0xAD, 0x30, 0xBD, 0xC2, 0x86, 0xE2, 0x14, 0x58, 0x01, 0x78, 0x60, 0x81, 0x88,
            0x98, 0x5C, 0x98, 0xDB, 0x18, 0x5A, 0xD9, 0xDC, 0x04, 0x61, 0x68, 0x03, 0x1A, 0x66, 0x6C, 0x6F,
            0x61, 0x74, 0x73, 0x13, 0x84, 0xC1, 0x0D, 0x58, 0xA4, 0xB9, 0xCD, 0xD1, 0xCD, 0x4D, 0x10, 0x86,
            0x37, 0x20, 0x91, 0xE6, 0x46, 0x37, 0x37, 0x41, 0x18, 0xE0, 0x80, 0x08, 0x5D, 0x19, 0xDE, 0x17,
            0xDB, 0x5B, 0x18, 0xD9, 0x04, 0x61, 0x88, 0x03, 0x26, 0x74, 0x65, 0x78, 0x5F, 0x73, 0x74, 0x6F,
            0x72, 0x65, 0x2C, 0xEA, 0xD2, 0xDC, 0xE8, 0xE6, 0x26, 0x08, 0x83, 0x1C, 0x6C, 0x70, 0x64, 0x61,
            0x16, 0x68, 0xA1, 0x16, 0x6C, 0xE1, 0x16, 0x70, 0x21, 0x17, 0x74, 0x61, 0x17, 0x78, 0xC1, 0xEA,
            0x05, 0x5F, 0xA8, 0xC2, 0xC6, 0x66, 0xD7, 0xE6, 0x92, 0x46, 0x56, 0xE6, 0x46, 0x37, 0x25, 0x08,
            0xAA, 0x90, 0xE1, 0xB9, 0xD8, 0x95, 0xC9, 0xCD, 0xA5, 0xBD, 0xB9, 0x4D, 0x09, 0x88, 0x26, 0x64,
            0x78, 0x2E, 0x76, 0x61, 0x6C, 0x76, 0x65, 0x72, 0x53, 0x02, 0xA3, 0x0E, 0x19, 0x9E, 0xCB, 0x1C,
            0x5A, 0x18, 0x59, 0x99, 0x5C, 0xD3, 0x1B, 0x59, 0x19, 0xDB, 0x94, 0x00, 0x29, 0x43, 0x86, 0xE7,
            0x22, 0x57, 0x36, 0xF7, 0x56, 0x27, 0x37, 0x56, 0x36, 0x37, 0x25, 0x70, 0x2A, 0x91, 0xE1, 0xB9,
            0xD0, 0xE5, 0xC1, 0x95, 0x05, 0xB9, 0xB9, 0xBD, 0xD1, 0x85, 0xD1, 0xA5, 0xBD, 0xB9, 0xCD, 0x4D,
            0x11, 0x4A, 0x41, 0x15, 0xEA, 0x90, 0xE1, 0xB9, 0x94, 0xB9, 0xD1, 0xC9, 0xE5, 0x41, 0xBD, 0xA5,
            0xB9, 0xD1, 0xCD, 0x4D, 0x09, 0x60, 0xA1, 0x0B, 0x19, 0x9E, 0xCB, 0xD8, 0x5B, 0x9D, 0x1B, 0x5D,
            0x99, 0xDC, 0xDC, 0x94, 0xC0, 0x17, 0x00, 0x00, 0x79, 0x18, 0x00, 0x00, 0x51, 0x00, 0x00, 0x00,
            0x33, 0x08, 0x80, 0x1C, 0xC4, 0xE1, 0x1C, 0x66, 0x14, 0x01, 0x3D, 0x88, 0x43, 0x38, 0x84, 0xC3,
            0x8C, 0x42, 0x80, 0x07, 0x79, 0x78, 0x07, 0x73, 0x98, 0x71, 0x0C, 0xE6, 0x00, 0x0F, 0xED, 0x10,
            0x0E, 0xF4, 0x80, 0x0E, 0x33, 0x0C, 0x42, 0x1E, 0xC2, 0xC1, 0x1D, 0xCE, 0xA1, 0x1C, 0x66, 0x30,
            0x05, 0x3D, 0x88, 0x43, 0x38, 0x84, 0x83, 0x1B, 0xCC, 0x03, 0x3D, 0xC8, 0x43, 0x3D, 0x8C, 0x03,
            0x3D, 0xCC, 0x78, 0x8C, 0x74, 0x70, 0x07, 0x7B, 0x08, 0x07, 0x79, 0x48, 0x87, 0x70, 0x70, 0x07,
            0x7A, 0x70, 0x03, 0x76, 0x78, 0x87, 0x70, 0x20, 0x87, 0x19, 0xCC, 0x11, 0x0E, 0xEC, 0x90, 0x0E,
            0xE1, 0x30, 0x0F, 0x6E, 0x30, 0x0F, 0xE3, 0xF0, 0x0E, 0xF0, 0x50, 0x0E, 0x33, 0x10, 0xC4, 0x1D,
            0xDE, 0x21, 0x1C, 0xD8, 0x21, 0x1D, 0xC2, 0x61, 0x1E, 0x66, 0x30, 0x89, 0x3B, 0xBC, 0x83, 0x3B,
            0xD0, 0x43, 0x39, 0xB4, 0x03, 0x3C, 0xBC, 0x83, 0x3C, 0x84, 0x03, 0x3B, 0xCC, 0xF0, 0x14, 0x76,
            0x60, 0x07, 0x7B, 0x68, 0x07, 0x37, 0x68, 0x87, 0x72, 0x68, 0x07, 0x37, 0x80, 0x87, 0x70, 0x90,
            0x87, 0x70, 0x60, 0x07, 0x76, 0x28, 0x07, 0x76, 0xF8, 0x05, 0x76, 0x78, 0x87, 0x77, 0x80, 0x87,
            0x5F, 0x08, 0x87, 0x71, 0x18, 0x87, 0x72, 0x98, 0x87, 0x79, 0x98, 0x81, 0x2C, 0xEE, 0xF0, 0x0E,
            0xEE, 0xE0, 0x0E, 0xF5, 0xC0, 0x0E, 0xEC, 0x30, 0x03, 0x62, 0xC8, 0xA1, 0x1C, 0xE4, 0xA1, 0x1C,
            0xCC, 0xA1, 0x1C, 0xE4, 0xA1, 0x1C, 0xDC, 0x61, 0x1C, 0xCA, 0x21, 0x1C, 0xC4, 0x81, 0x1D, 0xCA,
            0x61, 0x06, 0xD6, 0x90, 0x43, 0x39, 0xC8, 0x43, 0x39, 0x98, 0x43, 0x39, 0xC8, 0x43, 0x39, 0xB8,
            0xC3, 0x38, 0x94, 0x43, 0x38, 0x88, 0x03, 0x3B, 0x94, 0xC3, 0x2F, 0xBC, 0x83, 0x3C, 0xFC, 0x82,
            0x3B, 0xD4, 0x03, 0x3B, 0xB0, 0xC3, 0x0C, 0xC4, 0x21, 0x07, 0x7C, 0x70, 0x03, 0x7A, 0x28, 0x87,
            0x76, 0x80, 0x87, 0x19, 0xD1, 0x43, 0x0E, 0xF8, 0xE0, 0x06, 0xE4, 0x20, 0x0E, 0xE7, 0xE0, 0x06,
            0xF6, 0x10, 0x0E, 0xF2, 0xC0, 0x0E, 0xE1, 0x90, 0x0F, 0xEF, 0x50, 0x0F, 0xF4, 0x30, 0x83, 0x81,
            0xC8, 0x01, 0x1F, 0xDC, 0x40, 0x1C, 0xE4, 0xA1, 0x1C, 0xC2, 0x61, 0x1D, 0xDC, 0x40, 0x1C, 0xE4,
            0x01, 0x00, 0x00, 0x00, 0x71, 0x20, 0x00, 0x00, 0x60, 0x00, 0x00, 0x00, 0x06, 0x60, 0x70, 0xAC,
            0x09, 0x20, 0x8D, 0x2D, 0x58, 0xC3, 0xE5, 0x3B, 0x8F, 0x0F, 0x2C, 0x8B, 0x23, 0x00, 0x13, 0xB1,
            0x02, 0x98, 0x4A, 0x11, 0x11, 0x66, 0x12, 0xD4, 0x70, 0xF9, 0xCE, 0xE3, 0x03, 0x4D, 0xE3, 0x4C,
            0xC0, 0x44, 0x84, 0x40, 0x33, 0x2C, 0x84, 0x15, 0x40, 0xC3, 0xE5, 0x3B, 0x8F, 0x1F, 0x20, 0x0D,
            0x10, 0x61, 0x7E, 0x71, 0xDB, 0xA6, 0xB0, 0x0D, 0x97, 0xEF, 0x3C, 0xBE, 0x10, 0x50, 0x45, 0x41,
            0x44, 0xA5, 0x03, 0x0C, 0x25, 0x61, 0x00, 0x02, 0xE6, 0x17, 0xB7, 0x6D, 0x09, 0xDB, 0x70, 0xF9,
            0xCE, 0xE3, 0x0B, 0x01, 0x55, 0x14, 0x44, 0x54, 0x3A, 0xC0, 0x50, 0x12, 0x06, 0x20, 0x60, 0x3E,
            0x72, 0xDB, 0x36, 0xD1, 0x0D, 0x97, 0xEF, 0x3C, 0xBE, 0x10, 0x11, 0xC0, 0x44, 0x84, 0x40, 0x33,
            0x2C, 0xC4, 0x17, 0x39, 0xCC, 0x86, 0x34, 0x03, 0xD2, 0x18, 0x26, 0xA0, 0x0D, 0x97, 0xEF, 0x3C,
            0xBE, 0x10, 0x11, 0xC0, 0x44, 0x84, 0x40, 0x33, 0x2C, 0xC4, 0x17, 0x39, 0x4C, 0x48, 0x00, 0x8F,
            0x0D, 0x38, 0xC3, 0xE5, 0x3B, 0x8F, 0x3F, 0x38, 0xD3, 0xED, 0x17, 0xB7, 0x6D, 0x07, 0xD7, 0x70,
            0xF9, 0xCE, 0xE3, 0x47, 0x80, 0xB5, 0x51, 0x45, 0x41, 0x44, 0xA5, 0x03, 0x0C, 0x7E, 0x71, 0xDB,
            0x86, 0x70, 0x0D, 0x97, 0xEF, 0x3C, 0x7E, 0x04, 0x58, 0x1B, 0x55, 0x14, 0x44, 0x54, 0x3A, 0xC0,
            0xE0, 0x23, 0xB7, 0x6D, 0x0E, 0xD9, 0x70, 0xF9, 0xCE, 0xE3, 0x47, 0x00, 0xA6, 0x52, 0x44, 0x84,
            0xFD, 0x69, 0xE4, 0x08, 0x04, 0x31, 0xF8, 0x48, 0x6D, 0x0F, 0xDE, 0x70, 0xF9, 0xCE, 0xE3, 0x47,
            0x00, 0xA6, 0x52, 0x44, 0x84, 0xFD, 0xEC, 0x04, 0x4C, 0x04, 0x2B, 0x00, 0x0B, 0x10, 0xF9, 0xC5,
            0x6D, 0x5B, 0x83, 0x37, 0x5C, 0xBE, 0xF3, 0xF8, 0x11, 0x80, 0xA9, 0x14, 0x11, 0x61, 0x3F, 0x3B,
            0x01, 0x13, 0xC1, 0x0A, 0xC0, 0x02, 0x44, 0x3E, 0x72, 0xDB, 0x06, 0xE1, 0x0D, 0x97, 0xEF, 0x3C,
            0x7E, 0x04, 0x60, 0x2A, 0x45, 0x44, 0xD8, 0xCF, 0x4E, 0xC0, 0x44, 0xBC, 0x84, 0x30, 0x39, 0x91,
            0x5F, 0xDC, 0xB6, 0x31, 0x74, 0xC3, 0xE5, 0x3B, 0x8F, 0x1F, 0x01, 0x98, 0x4A, 0x11, 0x11, 0xF6,
            0xB7, 0x11, 0x20, 0x10, 0x2B, 0x80, 0x89, 0xCD, 0x82, 0x34, 0x84, 0x45, 0x48, 0xC3, 0xE5, 0x3B,
            0x8F, 0x3F, 0x11, 0xD1, 0x84, 0x00, 0x11, 0xE6, 0x17, 0xB7, 0x6D, 0x06, 0xD6, 0x70, 0xF9, 0xCE,
            0xE3, 0x4F, 0xC4, 0x35, 0x51, 0x11, 0xC1, 0x4E, 0x4E, 0x44, 0xF8, 0xC5, 0x6D, 0x5B, 0x80, 0x34,
            0x5C, 0xBE, 0xF3, 0xF8, 0xD3, 0x11, 0x11, 0xC0, 0x20, 0x0E, 0x3E, 0x72, 0xDB, 0x46, 0xF0, 0x0C,
            0x97, 0xEF, 0x3C, 0x3E, 0xD5, 0x00, 0x11, 0xE6, 0x17, 0xB7, 0x0D, 0x00, 0x00, 0x00, 0x00, 0x00,
            0x48, 0x41, 0x53, 0x48, 0x14, 0x00, 0x00, 0x00, 0x00, 0x00, 0x00, 0x00, 0x14, 0x78, 0x43, 0x95,
            0xCB, 0xB5, 0x8A, 0xCF, 0xCD, 0xE3, 0x97, 0xA1, 0x95, 0x12, 0xA7, 0x6C, 0x44, 0x58, 0x49, 0x4C,
            0x40, 0x20, 0x00, 0x00, 0x66, 0x00, 0x05, 0x00, 0x10, 0x08, 0x00, 0x00, 0x44, 0x58, 0x49, 0x4C,
            0x06, 0x01, 0x00, 0x00, 0x10, 0x00, 0x00, 0x00, 0x28, 0x20, 0x00, 0x00, 0x42, 0x43, 0xC0, 0xDE,
            0x21, 0x0C, 0x00, 0x00, 0x07, 0x08, 0x00, 0x00, 0x0B, 0x82, 0x20, 0x00, 0x02, 0x00, 0x00, 0x00,
            0x13, 0x00, 0x00, 0x00, 0x07, 0x81, 0x23, 0x91, 0x41, 0xC8, 0x04, 0x49, 0x06, 0x10, 0x32, 0x39,
            0x92, 0x01, 0x84, 0x0C, 0x25, 0x05, 0x08, 0x19, 0x1E, 0x04, 0x8B, 0x62, 0x80, 0x18, 0x45, 0x02,
            0x42, 0x92, 0x0B, 0x42, 0xC4, 0x10, 0x32, 0x14, 0x38, 0x08, 0x18, 0x4B, 0x0A, 0x32, 0x62, 0x88,
            0x48, 0x90, 0x14, 0x20, 0x43, 0x46, 0x88, 0xA5, 0x00, 0x19, 0x32, 0x42, 0xE4, 0x48, 0x0E, 0x90,
            0x11, 0x23, 0xC4, 0x50, 0x41, 0x51, 0x81, 0x8C, 0xE1, 0x83, 0xE5, 0x8A, 0x04, 0x31, 0x46, 0x06,
            0x51, 0x18, 0x00, 0x00, 0x08, 0x00, 0x00, 0x00, 0x1B, 0x8C, 0xE0, 0xFF, 0xFF, 0xFF, 0xFF, 0x07,
            0x40, 0x02, 0xA8, 0x0D, 0x84, 0xF0, 0xFF, 0xFF, 0xFF, 0xFF, 0x03, 0x20, 0x6D, 0x30, 0x86, 0xFF,
            0xFF, 0xFF, 0xFF, 0x1F, 0x00, 0x09, 0xA8, 0x00, 0x49, 0x18, 0x00, 0x00, 0x03, 0x00, 0x00, 0x00,
            0x13, 0x82, 0x60, 0x42, 0x20, 0x4C, 0x08, 0x06, 0x00, 0x00, 0x00, 0x00, 0x89, 0x20, 0x00, 0x00,
            0x5F, 0x00, 0x00, 0x00, 0x32, 0x22, 0x88, 0x09, 0x20, 0x64, 0x85, 0x04, 0x13, 0x23, 0xA4, 0x84,
            0x04, 0x13, 0x23, 0xE3, 0x84, 0xA1, 0x90, 0x14, 0x12, 0x4C, 0x8C, 0x8C, 0x0B, 0x84, 0xC4, 0x4C,
            0x10, 0xEC, 0xC1, 0x08, 0x40, 0x09, 0x00, 0x0A, 0xE6, 0x08, 0xC0, 0xA0, 0x0C, 0xC3, 0x30, 0x10,
            0x31, 0x47, 0x80, 0x90, 0x71, 0xCF, 0x70, 0xF9, 0x13, 0xF6, 0x10, 0x92, 0x1F, 0x02, 0xCD, 0xB0,
            0x10, 0x28, 0x38, 0xE6, 0x08, 0x82, 0x52, 0x20, 0xC3, 0x90, 0x24, 0xA4, 0xCC, 0x00, 0x14, 0x84,
            0x19, 0x18, 0x86, 0x61, 0x18, 0x86, 0x9A, 0x32, 0x30, 0x03, 0x43, 0x4F, 0x21, 0x98, 0x81, 0x61,
            0x28, 0x2A, 0x0B, 0x30, 0x20, 0xC3, 0x30, 0x30, 0x0C, 0xC3, 0x18, 0x34, 0xDD, 0x34, 0x5C, 0xFE,
            0x84, 0x3D, 0x84, 0xE4, 0xAF, 0x84, 0xB4, 0x12, 0x93, 0x5F, 0xDC, 0x36, 0x2A, 0x18, 0x86, 0x61,
            0x86, 0x72, 0x54, 0x03, 0x32, 0x0C, 0xC6, 0x40, 0xD6, 0x4D, 0xC3, 0xE5, 0x4F, 0xD8, 0x43, 0x48,
            0xFE, 0x4A, 0x48, 0x2B, 0x31, 0xF9, 0xC8, 0x6D, 0xA3, 0x62, 0x18, 0x86, 0x61, 0x28, 0x07, 0x36,
            0x20, 0xC3, 0x60, 0x0C, 0x94, 0x1D, 0x35, 0x5C, 0xFE, 0x84, 0x3D, 0x84, 0xE4, 0x73, 0x1B, 0x55,
            0xAC, 0xC4, 0xE4, 0x23, 0xB7, 0x8D, 0x88, 0x61, 0x18, 0x86, 0x42, 0x6C, 0x03, 0x32, 0x10, 0x77,
            0xD4, 0x70, 0xF9, 0x13, 0xF6, 0x10, 0x92, 0xCF, 0x6D, 0x54, 0xB1, 0x12, 0x93, 0x5F, 0xDC, 0x36,
            0x22, 0x18, 0x86, 0x61, 0x0A, 0xE1, 0x0D, 0xC8, 0x40, 0x5F, 0x71, 0x80, 0x61, 0x40, 0x86, 0x81,
            0x61, 0x18, 0x86, 0x61, 0x18, 0x86, 0xC2, 0x32, 0x24, 0xC3, 0x40, 0x63, 0x19, 0x98, 0x61, 0xA0,
            0xB2, 0x10, 0xCC, 0x30, 0x18, 0x74, 0x96, 0x82, 0x19, 0x18, 0x86, 0xA1, 0xF4, 0xB6, 0xE1, 0xF2,
            0x27, 0xEC, 0x21, 0x24, 0x7F, 0x25, 0x24, 0x87, 0x8A, 0x04, 0x22, 0x8D, 0x9C, 0x87, 0x88, 0x26,
            0x84, 0x90, 0x90, 0x30, 0x0C, 0x85, 0x40, 0x06, 0x64, 0x25, 0xF6, 0xA0, 0xE1, 0xF2, 0x27, 0xEC,
            0x21, 0x24, 0x7F, 0x25, 0xA4, 0x0D, 0x69, 0x06, 0x44, 0x0C, 0xC3, 0x60, 0x94, 0x02, 0x19, 0xDC,
            0x21, 0xA1, 0x77, 0x20, 0x60, 0x18, 0x81, 0x60, 0x92, 0x40, 0x3E, 0x4B, 0x58, 0x00, 0x49, 0xF2,
            0x19, 0x60, 0x8A, 0x90, 0xCB, 0x2F, 0x16, 0x07, 0x98, 0x7C, 0xDC, 0xC7, 0x51, 0x30, 0x0F, 0x23,
            0x08, 0xC3, 0x49, 0xD2, 0x14, 0x51, 0xC2, 0xE4, 0x73, 0x4E, 0x23, 0x4D, 0x40, 0x33, 0x49, 0x3F,
            0x8D, 0x1C, 0x9A, 0xA6, 0x69, 0x59, 0xAE, 0xEB, 0xBA, 0xAE, 0xEB, 0xBA, 0xBE, 0x45, 0x70, 0x1A,
            0x69, 0x02, 0x9A, 0x49, 0xFA, 0x69, 0x14, 0xD8, 0x74, 0xCF, 0x11, 0x80, 0xC2, 0x14, 0x00, 0x00,
            0x13, 0x14, 0x72, 0xC0, 0x87, 0x74, 0x60, 0x87, 0x36, 0x68, 0x87, 0x79, 0x68, 0x03, 0x72, 0xC0,
            0x87, 0x0D, 0xAE, 0x50, 0x0E, 0x6D, 0xD0, 0x0E, 0x7A, 0x50, 0x0E, 0x6D, 0x00, 0x0F, 0x7A, 0x30,
            0x07, 0x72, 0xA0, 0x07, 0x73, 0x20, 0x07, 0x6D, 0x90, 0x0E, 0x71, 0xA0, 0x07, 0x73, 0x20, 0x07,
            0x6D, 0x90, 0x0E, 0x78, 0xA0, 0x07, 0x78, 0xD0, 0x06, 0xE9, 0x10, 0x07, 0x76, 0xA0, 0x07, 0x71,
            0x60, 0x07, 0x6D, 0x90, 0x0E, 0x73, 0x20, 0x07, 0x7A, 0x30, 0x07, 0x72, 0xD0, 0x06, 0xE9, 0x60,
            0x07, 0x74, 0xA0, 0x07, 0x76, 0x40, 0x07, 0x6D, 0x60, 0x0E, 0x71, 0x60, 0x07, 0x7A, 0x10, 0x07,
            0x76, 0xD0, 0x06, 0xE6, 0x30, 0x07, 0x72, 0xA0, 0x07, 0x73, 0x20, 0x07, 0x6D, 0x60, 0x0E, 0x76,
            0x40, 0x07, 0x7A, 0x60, 0x07, 0x74, 0xD0, 0x06, 0xEE, 0x80, 0x07, 0x7A, 0x10, 0x07, 0x76, 0xA0,
            0x07, 0x73, 0x20, 0x07, 0x7A, 0x60, 0x07, 0x74, 0x30, 0xE4, 0x09, 0x00, 0x00, 0x00, 0x00, 0x00,
            0x00, 0x00, 0x00, 0x00, 0x00, 0x60, 0xC8, 0x43, 0x00, 0x01, 0x10, 0x00, 0x00, 0x00, 0x00, 0x00,
            0x00, 0x00, 0xC0, 0x90, 0x47, 0x01, 0x02, 0x20, 0x00, 0x00, 0x00, 0x00, 0x00, 0x00, 0x00, 0x80,
            0x21, 0x4F, 0x03, 0x04, 0x40, 0x00, 0x00, 0x00, 0x00, 0x00, 0x00, 0x00, 0x00, 0x43, 0x9E, 0x07,
            0x08, 0x80, 0x00, 0x00, 0x00, 0x00, 0x00, 0x00, 0x00, 0x00, 0x86, 0x3C, 0x11, 0x10, 0x00, 0x01,
            0x00, 0x00, 0x00, 0x00, 0x00, 0x00, 0x00, 0x0C, 0x79, 0x26, 0x20, 0x00, 0x04, 0x00, 0x00, 0x00,
            0x00, 0x00, 0x00, 0x00, 0x18, 0xF2, 0x58, 0x40, 0x00, 0x0C, 0x00, 0x00, 0x00, 0x00, 0x00, 0x00,
            0x00, 0x30, 0xE4, 0xC9, 0x80, 0x00, 0x18, 0x00, 0x00, 0x00, 0x00, 0x00, 0x00, 0x00, 0x60, 0xC8,
            0xC3, 0x01, 0x01, 0x30, 0x00, 0x00, 0x00, 0x00, 0x00, 0x00, 0x00, 0xC0, 0x90, 0xE7, 0x03, 0x02,
            0x60, 0x00, 0x00, 0x00, 0x00, 0x00, 0x00, 0x00, 0x80, 0x21, 0x0F, 0x01, 0x04, 0x80, 0x00, 0x00,
            0x00, 0x00, 0x00, 0x00, 0x00, 0x00, 0x43, 0x9E, 0x30, 0x00, 0x02, 0x40, 0x00, 0x00, 0x00, 0x00,
            0x00, 0x00, 0x00, 0x80, 0x21, 0x0F, 0x01, 0x04, 0xC0, 0x00, 0x00, 0x00, 0x00, 0x00, 0x00, 0x00,
            0x00, 0x43, 0x9E, 0x31, 0x00, 0x02, 0x40, 0x00, 0x00, 0x00, 0x00, 0x00, 0x00, 0x00, 0x80, 0x21,
            0x4F, 0x19, 0x00, 0x01, 0x30, 0x00, 0x00, 0x00, 0x00, 0x00, 0x00, 0x00, 0xC0, 0x90, 0xE7, 0x0C,
            0x80, 0x00, 0x18, 0x00, 0x00, 0x00, 0x00, 0x00, 0x00, 0x00, 0x60, 0xC8, 0x93, 0x06, 0x40, 0x00,
            0x04, 0x00, 0x00, 0x00, 0x00, 0x00, 0x00, 0x00, 0x30, 0xE4, 0x61, 0x03, 0x20, 0x00, 0x02, 0x00,
            0x00, 0x00, 0x00, 0x00, 0x00, 0x00, 0x18, 0xF2, 0xBC, 0x01, 0x10, 0x00, 0x01, 0x00, 0x00, 0x00,
            0x00, 0x00, 0x00, 0x00, 0x64, 0x81, 0x00, 0x00, 0x0A, 0x00, 0x00, 0x00, 0x32, 0x1E, 0x98, 0x14,
            0x19, 0x11, 0x4C, 0x90, 0x8C, 0x09, 0x26, 0x47, 0xC6, 0x04, 0x43, 0x1A, 0x4A, 0xA0, 0x18, 0x4A,
            0x62, 0x04, 0xA0, 0x80, 0x0B, 0x0A, 0xA1, 0x20, 0x28, 0x2F, 0x40, 0x40, 0x40, 0x54, 0x04, 0xC2,
            0x67, 0x00, 0x00, 0x00, 0x79, 0x18, 0x00, 0x00, 0x3A, 0x00, 0x00, 0x00, 0x1A, 0x03, 0x4C, 0x90,
            0x46, 0x02, 0x13, 0x44, 0x34, 0x20, 0xC3, 0x1B, 0x43, 0x81, 0x93, 0x4B, 0xB3, 0x0B, 0xA3, 0x2B,
            0x4B, 0x01, 0x89, 0x71, 0xC9, 0x71, 0x81, 0x71, 0x81, 0x01, 0x41, 0x81, 0x93, 0x4B, 0xB3, 0x0B,
            0xA3, 0x2B, 0x63, 0x01, 0x81, 0x81, 0x81, 0x81, 0x81, 0x81, 0x81, 0x81, 0x49, 0xD9, 0x10, 0x04,
            0x13, 0x84, 0x81, 0x9A, 0x20, 0x0C, 0xD5, 0x06, 0x61, 0x20, 0x26, 0x08, 0x83, 0xB5, 0x41, 0x18,
            0x0C, 0x0A, 0x63, 0x73, 0x1B, 0x06, 0x84, 0x20, 0x26, 0x08, 0xC3, 0x35, 0x41, 0xC0, 0x03, 0x8E,
            0xC0, 0x04, 0x61, 0xC0, 0x36, 0x20, 0xCA, 0xC2, 0x28, 0xCA, 0xD0, 0x00, 0x1B, 0x02, 0x67, 0x03,
            0x01, 0x00, 0x0F, 0x30, 0x41, 0x10, 0x00, 0x1A, 0x43, 0x53, 0x4D, 0x61, 0x69, 0x6E, 0x13, 0x84,
            0x3C, 0xD8, 0x26, 0x08, 0x43, 0x36, 0x41, 0x18, 0xB4, 0x0D, 0x43, 0x55, 0x0D, 0x1B, 0x08, 0x65,
            0xA2, 0xAC, 0x0D, 0x45, 0x24, 0x01, 0xD0, 0x55, 0x85, 0x8D, 0xCD, 0xAE, 0xCD, 0x25, 0x8D, 0xAC,
            0xCC, 0x8D, 0x6E, 0x4A, 0x10, 0x54, 0x21, 0xC3, 0x73, 0xB1, 0x2B, 0x93, 0x9B, 0x4B, 0x7B, 0x73,
            0x9B, 0x12, 0x10, 0x4D, 0xC8, 0xF0, 0x5C, 0xEC, 0xC2, 0xD8, 0xEC, 0xCA, 0xE4, 0xA6, 0x04, 0x46,
            0x1D, 0x32, 0x3C, 0x97, 0x39, 0xB4, 0x30, 0xB2, 0x32, 0xB9, 0xA6, 0x37, 0xB2, 0x32, 0xB6, 0x29,
            0x01, 0x52, 0x86, 0x0C, 0xCF, 0x45, 0xAE, 0x6C, 0xEE, 0xAD, 0x4E, 0x6E, 0xAC, 0x6C, 0x6E, 0x4A,
            0xF0, 0xD4, 0x21, 0xC3, 0x73, 0x29, 0x73, 0xA3, 0x93, 0xCB, 0x83, 0x7A, 0x4B, 0x73, 0xA3, 0x9B,
            0x9B, 0x12, 0x5C, 0x00, 0x79, 0x18, 0x00, 0x00, 0x51, 0x00, 0x00, 0x00, 0x33, 0x08, 0x80, 0x1C,
            0xC4, 0xE1, 0x1C, 0x66, 0x14, 0x01, 0x3D, 0x88, 0x43, 0x38, 0x84, 0xC3, 0x8C, 0x42, 0x80, 0x07,
            0x79, 0x78, 0x07, 0x73, 0x98, 0x71, 0x0C, 0xE6, 0x00, 0x0F, 0xED, 0x10, 0x0E, 0xF4, 0x80, 0x0E,
            0x33, 0x0C, 0x42, 0x1E, 0xC2, 0xC1, 0x1D, 0xCE, 0xA1, 0x1C, 0x66, 0x30, 0x05, 0x3D, 0x88, 0x43,
            0x38, 0x84, 0x83, 0x1B, 0xCC, 0x03, 0x3D, 0xC8, 0x43, 0x3D, 0x8C, 0x03, 0x3D, 0xCC, 0x78, 0x8C,
            0x74, 0x70, 0x07, 0x7B, 0x08, 0x07, 0x79, 0x48, 0x87, 0x70, 0x70, 0x07, 0x7A, 0x70, 0x03, 0x76,
            0x78, 0x87, 0x70, 0x20, 0x87, 0x19, 0xCC, 0x11, 0x0E, 0xEC, 0x90, 0x0E, 0xE1, 0x30, 0x0F, 0x6E,
            0x30, 0x0F, 0xE3, 0xF0, 0x0E, 0xF0, 0x50, 0x0E, 0x33, 0x10, 0xC4, 0x1D, 0xDE, 0x21, 0x1C, 0xD8,
            0x21, 0x1D, 0xC2, 0x61, 0x1E, 0x66, 0x30, 0x89, 0x3B, 0xBC, 0x83, 0x3B, 0xD0, 0x43, 0x39, 0xB4,
            0x03, 0x3C, 0xBC, 0x83, 0x3C, 0x84, 0x03, 0x3B, 0xCC, 0xF0, 0x14, 0x76, 0x60, 0x07, 0x7B, 0x68,
            0x07, 0x37, 0x68, 0x87, 0x72, 0x68, 0x07, 0x37, 0x80, 0x87, 0x70, 0x90, 0x87, 0x70, 0x60, 0x07,
            0x76, 0x28, 0x07, 0x76, 0xF8, 0x05, 0x76, 0x78, 0x87, 0x77, 0x80, 0x87, 0x5F, 0x08, 0x87, 0x71,
            0x18, 0x87, 0x72, 0x98, 0x87, 0x79, 0x98, 0x81, 0x2C, 0xEE, 0xF0, 0x0E, 0xEE, 0xE0, 0x0E, 0xF5,
            0xC0, 0x0E, 0xEC, 0x30, 0x03, 0x62, 0xC8, 0xA1, 0x1C, 0xE4, 0xA1, 0x1C, 0xCC, 0xA1, 0x1C, 0xE4,
            0xA1, 0x1C, 0xDC, 0x61, 0x1C, 0xCA, 0x21, 0x1C, 0xC4, 0x81, 0x1D, 0xCA, 0x61, 0x06, 0xD6, 0x90,
            0x43, 0x39, 0xC8, 0x43, 0x39, 0x98, 0x43, 0x39, 0xC8, 0x43, 0x39, 0xB8, 0xC3, 0x38, 0x94, 0x43,
            0x38, 0x88, 0x03, 0x3B, 0x94, 0xC3, 0x2F, 0xBC, 0x83, 0x3C, 0xFC, 0x82, 0x3B, 0xD4, 0x03, 0x3B,
            0xB0, 0xC3, 0x0C, 0xC4, 0x21, 0x07, 0x7C, 0x70, 0x03, 0x7A, 0x28, 0x87, 0x76, 0x80, 0x87, 0x19,
            0xD1, 0x43, 0x0E, 0xF8, 0xE0, 0x06, 0xE4, 0x20, 0x0E, 0xE7, 0xE0, 0x06, 0xF6, 0x10, 0x0E, 0xF2,
            0xC0, 0x0E, 0xE1, 0x90, 0x0F, 0xEF, 0x50, 0x0F, 0xF4, 0x30, 0x83, 0x81, 0xC8, 0x01, 0x1F, 0xDC,
            0x40, 0x1C, 0xE4, 0xA1, 0x1C, 0xC2, 0x61, 0x1D, 0xDC, 0x40, 0x1C, 0xE4, 0x01, 0x00, 0x00, 0x00,
            0x71, 0x20, 0x00, 0x00, 0x60, 0x00, 0x00, 0x00, 0x06, 0x60, 0x70, 0xAC, 0x09, 0x20, 0x8D, 0x2D,
            0x58, 0xC3, 0xE5, 0x3B, 0x8F, 0x0F, 0x2C, 0x8B, 0x23, 0x00, 0x13, 0xB1, 0x02, 0x98, 0x4A, 0x11,
            0x11, 0x66, 0x12, 0xD4, 0x70, 0xF9, 0xCE, 0xE3, 0x03, 0x4D, 0xE3, 0x4C, 0xC0, 0x44, 0x84, 0x40,
            0x33, 0x2C, 0x84, 0x15, 0x40, 0xC3, 0xE5, 0x3B, 0x8F, 0x1F, 0x20, 0x0D, 0x10, 0x61, 0x7E, 0x71,
            0xDB, 0xA6, 0xB0, 0x0D, 0x97, 0xEF, 0x3C, 0xBE, 0x10, 0x50, 0x45, 0x41, 0x44, 0xA5, 0x03, 0x0C,
            0x25, 0x61, 0x00, 0x02, 0xE6, 0x17, 0xB7, 0x6D, 0x09, 0xDB, 0x70, 0xF9, 0xCE, 0xE3, 0x0B, 0x01,
            0x55, 0x14, 0x44, 0x54, 0x3A, 0xC0, 0x50, 0x12, 0x06, 0x20, 0x60, 0x3E, 0x72, 0xDB, 0x36, 0xD1,
            0x0D, 0x97, 0xEF, 0x3C, 0xBE, 0x10, 0x11, 0xC0, 0x44, 0x84, 0x40, 0x33, 0x2C, 0xC4, 0x17, 0x39,
            0xCC, 0x86, 0x34, 0x03, 0xD2, 0x18, 0x26, 0xA0, 0x0D, 0x97, 0xEF, 0x3C, 0xBE, 0x10, 0x11, 0xC0,
            0x44, 0x84, 0x40, 0x33, 0x2C, 0xC4, 0x17, 0x39, 0x4C, 0x48, 0x00, 0x8F, 0x0D, 0x38, 0xC3, 0xE5,
            0x3B, 0x8F, 0x3F, 0x38, 0xD3, 0xED, 0x17, 0xB7, 0x6D, 0x07, 0xD7, 0x70, 0xF9, 0xCE, 0xE3, 0x47,
            0x80, 0xB5, 0x51, 0x45, 0x41, 0x44, 0xA5, 0x03, 0x0C, 0x7E, 0x71, 0xDB, 0x86, 0x70, 0x0D, 0x97,
            0xEF, 0x3C, 0x7E, 0x04, 0x58, 0x1B, 0x55, 0x14, 0x44, 0x54, 0x3A, 0xC0, 0xE0, 0x23, 0xB7, 0x6D,
            0x0E, 0xD9, 0x70, 0xF9, 0xCE, 0xE3, 0x47, 0x00, 0xA6, 0x52, 0x44, 0x84, 0xFD, 0x69, 0xE4, 0x08,
            0x04, 0x31, 0xF8, 0x48, 0x6D, 0x0F, 0xDE, 0x70, 0xF9, 0xCE, 0xE3, 0x47, 0x00, 0xA6, 0x52, 0x44,
            0x84, 0xFD, 0xEC, 0x04, 0x4C, 0x04, 0x2B, 0x00, 0x0B, 0x10, 0xF9, 0xC5, 0x6D, 0x5B, 0x83, 0x37,
            0x5C, 0xBE, 0xF3, 0xF8, 0x11, 0x80, 0xA9, 0x14, 0x11, 0x61, 0x3F, 0x3B, 0x01, 0x13, 0xC1, 0x0A,
            0xC0, 0x02, 0x44, 0x3E, 0x72, 0xDB, 0x06, 0xE1, 0x0D, 0x97, 0xEF, 0x3C, 0x7E, 0x04, 0x60, 0x2A,
            0x45, 0x44, 0xD8, 0xCF, 0x4E, 0xC0, 0x44, 0xBC, 0x84, 0x30, 0x39, 0x91, 0x5F, 0xDC, 0xB6, 0x31,
            0x74, 0xC3, 0xE5, 0x3B, 0x8F, 0x1F, 0x01, 0x98, 0x4A, 0x11, 0x11, 0xF6, 0xB7, 0x11, 0x20, 0x10,
            0x2B, 0x80, 0x89, 0xCD, 0x82, 0x34, 0x84, 0x45, 0x48, 0xC3, 0xE5, 0x3B, 0x8F, 0x3F, 0x11, 0xD1,
            0x84, 0x00, 0x11, 0xE6, 0x17, 0xB7, 0x6D, 0x06, 0xD6, 0x70, 0xF9, 0xCE, 0xE3, 0x4F, 0xC4, 0x35,
            0x51, 0x11, 0xC1, 0x4E, 0x4E, 0x44, 0xF8, 0xC5, 0x6D, 0x5B, 0x80, 0x34, 0x5C, 0xBE, 0xF3, 0xF8,
            0xD3, 0x11, 0x11, 0xC0, 0x20, 0x0E, 0x3E, 0x72, 0xDB, 0x46, 0xF0, 0x0C, 0x97, 0xEF, 0x3C, 0x3E,
            0xD5, 0x00, 0x11, 0xE6, 0x17, 0xB7, 0x0D, 0x00, 0x61, 0x20, 0x00, 0x00, 0x1C, 0x06, 0x00, 0x00,
            0x13, 0x04, 0x5C, 0x2C, 0x10, 0x00, 0x00, 0x00, 0x68, 0x00, 0x00, 0x00, 0x34, 0x14, 0x57, 0xD9,
            0x95, 0x5B, 0xC1, 0x0E, 0x94, 0x51, 0xD1, 0x0E, 0x94, 0xA5, 0x40, 0xA9, 0x7B, 0x4F, 0x26, 0x17,
            0xD4, 0xFD, 0x74, 0xB3, 0xAE, 0x42, 0xE1, 0x94, 0xEC, 0xF2, 0x3D, 0xA2, 0x40, 0xB1, 0x94, 0x4C,
            0x19, 0x06, 0xCC, 0x00, 0x94, 0x4A, 0x81, 0x94, 0x43, 0x21, 0x95, 0x46, 0x61, 0x14, 0x4C, 0x91,
            0x14, 0x4A, 0x11, 0x02, 0x95, 0x4B, 0xE9, 0x06, 0x14, 0x41, 0x91, 0x0B, 0x94, 0xB9, 0x40, 0xF9,
            0x0F, 0x14, 0xBA, 0x40, 0xC1, 0x0B, 0x14, 0x47, 0x51, 0x14, 0xE1, 0x40, 0x99, 0x94, 0x41, 0xC9,
            0x0E, 0x94, 0x48, 0x29, 0x94, 0x20, 0x42, 0x49, 0x12, 0x94, 0x24, 0x44, 0x49, 0x22, 0x14, 0xE9,
            0x40, 0x41, 0x0E, 0x14, 0x26, 0x42, 0x01, 0x95, 0x45, 0x79, 0x94, 0x22, 0x02, 0x19, 0xE5, 0x51,
            0x02, 0x45, 0x30, 0x02, 0x40, 0xC9, 0x08, 0x00, 0x31, 0x23, 0x00, 0x63, 0x04, 0x20, 0x08, 0x82,
            0xF8, 0x37, 0x46, 0x00, 0x82, 0x20, 0x08, 0x82, 0xC2, 0x18, 0xC1, 0x4B, 0xC3, 0xEB, 0xFD, 0x8D,
            0x11, 0xBC, 0x33, 0x69, 0xA2, 0xDD, 0x18, 0x01, 0x08, 0x82, 0x20, 0xFC, 0x8D, 0x11, 0x80, 0x20,
            0x08, 0xE2, 0xBF, 0x30, 0x46, 0xE0, 0x9E, 0xBF, 0x7F, 0x7E, 0x63, 0x04, 0x2A, 0x5E, 0x9F, 0xB2,
            0x37, 0x46, 0x70, 0xE3, 0xED, 0xD8, 0x72, 0x63, 0x04, 0x20, 0x08, 0x82, 0xF8, 0x35, 0x46, 0x00,
            0x82, 0x20, 0x08, 0x82, 0xC1, 0x18, 0x81, 0x8A, 0xD7, 0xA7, 0xEC, 0x0B, 0x63, 0x04, 0x20, 0x08,
            0x82, 0x2A, 0x18, 0x8C, 0x11, 0x80, 0x20, 0x08, 0xCA, 0x60, 0x30, 0x46, 0x00, 0x82, 0x20, 0xF8,
            0x83, 0xC1, 0x18, 0x81, 0xCE, 0x9A, 0x73, 0xF8, 0x8D, 0x11, 0x8C, 0xAC, 0x5F, 0xAA, 0xDF, 0x18,
            0x01, 0x08, 0x82, 0x20, 0xF8, 0x8D, 0x11, 0x80, 0x20, 0x08, 0xA2, 0x60, 0x30, 0x46, 0xB0, 0xFB,
            0xA3, 0xCC, 0x62, 0x63, 0x04, 0x64, 0xC9, 0xEB, 0xF7, 0x37, 0x46, 0x00, 0x82, 0xB4, 0xC9, 0x8F,
            0xC1, 0x18, 0x81, 0x8F, 0x86, 0xB7, 0xF9, 0x8D, 0x11, 0xCC, 0x39, 0x6B, 0xAE, 0xDF, 0x18, 0xC1,
            0x4B, 0xC3, 0xEB, 0xEF, 0x8D, 0x11, 0xB4, 0xE6, 0x9C, 0xF3, 0xDE, 0x18, 0x01, 0x08, 0x82, 0x24,
            0x9C, 0x8D, 0x11, 0x80, 0x20, 0xA8, 0xD6, 0x61, 0x30, 0x46, 0x00, 0x82, 0x20, 0xD9, 0x66, 0x63,
            0x04, 0x20, 0x08, 0x9A, 0x76, 0x18, 0x8C, 0x11, 0x80, 0x20, 0x1C, 0x83, 0x62, 0x30, 0x46, 0xA0,
            0xE2, 0xF5, 0x29, 0xFA, 0xC2, 0x18, 0xC1, 0x3B, 0x93, 0x26, 0xDA, 0x0B, 0x63, 0x04, 0x20, 0x28,
            0xAB, 0xE5, 0x18, 0x8C, 0x11, 0xEC, 0xFE, 0x28, 0x93, 0x60, 0x30, 0x46, 0x70, 0xEA, 0x20, 0x88,
            0x7F, 0xB4, 0xCE, 0x21, 0xD4, 0x01, 0x2A, 0xCC, 0x21, 0xB0, 0x42, 0x2B, 0xCC, 0x21, 0xB4, 0xC1,
            0x35, 0x87, 0x50, 0x07, 0xA7, 0x30, 0x87, 0x50, 0x07, 0xA9, 0x30, 0x87, 0x00, 0x07, 0xD8, 0x1C,
            0x42, 0x1C, 0x64, 0xE4, 0xCE, 0x41, 0x5C, 0xD7, 0x35, 0x0B, 0x00, 0x00, 0x23, 0x06, 0x08, 0x00,
            0x82, 0x60, 0xF0, 0x06, 0xF0, 0x00, 0x0A, 0x01, 0x3B, 0xB8, 0xC1, 0x88, 0xC1, 0x01, 0x80, 0x20,
            0x18, 0xB0, 0x81, 0x3C, 0x90, 0x43, 0x40, 0x8C, 0x18, 0x18, 0x00, 0x08, 0x82, 0x01, 0x41, 0x12,
            0xAE, 0xE0, 0x0E, 0x23, 0x06, 0x06, 0x00, 0x82, 0x60, 0x40, 0x94, 0xC4, 0x2B, 0xC8, 0xC3, 0x88,
            0xC1, 0x01, 0x80, 0x20, 0x18, 0x7C, 0xFD, 0x90, 0x0E, 0xC3, 0x28, 0x8C, 0x26, 0x04, 0xC0, 0x68,
            0x82, 0x10, 0x9C, 0x30, 0xCC, 0x09, 0xC3, 0x0C, 0x37, 0x1C, 0xC2, 0x18, 0x0C, 0x37, 0x1C, 0xC2,
            0x18, 0x94, 0x10, 0xEC, 0x2C, 0xC3, 0x16, 0x04, 0x23, 0x06, 0x07, 0x00, 0x82, 0x60, 0xF0, 0x95,
            0x44, 0x3C, 0x2C, 0xE2, 0x30, 0x9A, 0x10, 0x0C, 0x17, 0x0C, 0x5B, 0xC1, 0x21, 0x15, 0x34, 0x50,
            0x81, 0x22, 0x15, 0x40, 0x50, 0x81, 0x3C, 0x48, 0x05, 0xF2, 0x00, 0x15, 0xC8, 0x03, 0x5A, 0x00,
            0x12, 0x30, 0xA8, 0x21, 0xC0, 0x0A, 0x08, 0xAE, 0xA0, 0x1E, 0xA4, 0x82, 0x7A, 0xC0, 0x0A, 0x04,
            0x3E, 0x8D, 0xA9, 0xD3, 0x98, 0x32, 0xC1, 0x14, 0xE0, 0x63, 0xC2, 0x29, 0xC0, 0x67, 0x34, 0x81,
            0x13, 0x46, 0x13, 0xBA, 0xC1, 0x08, 0x21, 0x3E, 0x46, 0x08, 0xF1, 0xB9, 0x8E, 0xA9, 0xEB, 0x98,
            0x32, 0x42, 0xA0, 0x8F, 0x11, 0x02, 0x7D, 0x46, 0x0C, 0x0E, 0x00, 0x04, 0xC1, 0xE0, 0x0B, 0x8B,
            0x96, 0x38, 0x03, 0x99, 0x18, 0x4D, 0x08, 0x80, 0xD1, 0x04, 0x21, 0x18, 0x4D, 0x18, 0x84, 0xD1,
            0x04, 0x62, 0x18, 0x31, 0x38, 0x00, 0x10, 0x04, 0x83, 0xCF, 0x2C, 0x64, 0x82, 0x0D, 0xD6, 0x61,
            0x34, 0x21, 0x00, 0x46, 0x13, 0x84, 0x60, 0x34, 0x61, 0x10, 0x46, 0x13, 0x88, 0x61, 0xC4, 0xE0,
            0x00, 0x40, 0x10, 0x0C, 0xBE, 0xB5, 0xB8, 0x89, 0x38, 0x00, 0x8B, 0xD1, 0x84, 0x00, 0x18, 0x4D,
            0x10, 0x82, 0xD1, 0x84, 0x41, 0x18, 0x4D, 0x20, 0x86, 0x11, 0x83, 0x03, 0x00, 0x41, 0x30, 0xF8,
            0xE0, 0x82, 0x27, 0xEC, 0x80, 0x25, 0x46, 0x13, 0x02, 0x60, 0x34, 0x41, 0x08, 0x46, 0x13, 0x06,
            0x61, 0x34, 0x81, 0x18, 0xCC, 0xF2, 0x05, 0xF9, 0x58, 0x40, 0x0E, 0xF0, 0xB1, 0x0B, 0x1C, 0xE4,
            0x63, 0xEB, 0x10, 0xC4, 0xC7, 0xAE, 0x41, 0x3E, 0x23, 0x06, 0x08, 0x00, 0x82, 0x60, 0x90, 0x06,
            0x73, 0x71, 0x16, 0xC2, 0x14, 0x58, 0xF0, 0x40, 0xC7, 0x82, 0x05, 0x3A, 0xA6, 0x1D, 0xF2, 0x19,
            0x31, 0x40, 0x00, 0x10, 0x04, 0x83, 0x34, 0xB8, 0x8B, 0xB5, 0x30, 0xAC, 0xC0, 0x1A, 0x09, 0x3A,
            0x16, 0x08, 0xD0, 0xB1, 0x6E, 0x91, 0xCF, 0x88, 0x01, 0x02, 0x80, 0x20, 0x18, 0xA4, 0xC1, 0x5E,
            0xBC, 0x85, 0x92, 0x05, 0x06, 0x55, 0xD0, 0xB1, 0x40, 0x80, 0x8E, 0x81, 0xC1, 0x23, 0x9F, 0x11,
            0x03, 0x04, 0x00, 0x41, 0x30, 0x48, 0x83, 0xBF, 0x98, 0x0B, 0x87, 0x0B, 0x6C, 0xC2, 0xA0, 0x63,
            0x81, 0x00, 0x9D, 0x11, 0x83, 0x03, 0x00, 0x41, 0x30, 0xF8, 0x52, 0xA3, 0x2E, 0x5E, 0x81, 0x2F,
            0x46, 0x13, 0x02, 0x60, 0x34, 0x41, 0x08, 0x46, 0x13, 0x06, 0x61, 0xC4, 0xE0, 0x00, 0x40, 0x10,
            0x0C, 0xBE, 0xD6, 0xC8, 0x8B, 0x59, 0x18, 0x8D, 0xD1, 0x84, 0x00, 0x18, 0x4D, 0x10, 0x82, 0xD1,
            0x84, 0x41, 0x18, 0x31, 0x38, 0x00, 0x10, 0x04, 0x83, 0x2F, 0x36, 0xFA, 0xE2, 0x16, 0xC6, 0x62,
            0x34, 0x21, 0x00, 0x46, 0x13, 0x84, 0x60, 0x34, 0x61, 0x10, 0x2C, 0x6B, 0xE8, 0x63, 0x96, 0x43,
            0x1F, 0x9B, 0x1E, 0xFA, 0xD8, 0xE0, 0xC8, 0x67, 0xC4, 0x00, 0x01, 0x40, 0x10, 0x0C, 0xD2, 0x40,
            0x36, 0x4C, 0x63, 0x58, 0x82, 0x11, 0x03, 0x04, 0x00, 0x41, 0x30, 0x48, 0x83, 0xD9, 0x38, 0x8D,
            0x01, 0x09, 0xCC, 0x80, 0xE4, 0x33, 0x62, 0x80, 0x00, 0x20, 0x08, 0x06, 0x69, 0x50, 0x1B, 0xA9,
            0x61, 0x34, 0xC1, 0x88, 0x01, 0x02, 0x80, 0x20, 0x18, 0xA4, 0x81, 0x6D, 0xA8, 0x86, 0xA1, 0x04,
            0x96, 0x48, 0xF2, 0x19, 0x31, 0x40, 0x00, 0x10, 0x04, 0x83, 0x34, 0xC0, 0x0D, 0xD6, 0x48, 0x9E,
            0x60, 0xC4, 0x00, 0x01, 0x40, 0x10, 0x0C, 0xD2, 0x20, 0x37, 0x5A, 0x23, 0x61, 0x82, 0x11, 0x83,
            0x05, 0x00, 0x41, 0x30, 0x68, 0xD0, 0x83, 0x35, 0x0E, 0x22, 0x38, 0x88, 0x60, 0xC4, 0xC0, 0x00,
            0x40, 0x10, 0x0C, 0x1E, 0xF4, 0x18, 0x8D, 0xC0, 0x82, 0x44, 0x3E, 0x26, 0x1C, 0xF2, 0xB1, 0xA1,
            0x90, 0xCF, 0x68, 0x42, 0x38, 0x00, 0xA3, 0x09, 0xE2, 0x10, 0x8C, 0x26, 0x8C, 0x83, 0x30, 0x4B,
            0x20, 0x0C, 0x54, 0x0C, 0x6A, 0x11, 0xEC, 0x71, 0x90, 0x0D, 0x54, 0x30, 0x7C, 0x12, 0x9C, 0x5F,
            0x36, 0x50, 0xC1, 0xF8, 0x49, 0x30, 0x7E, 0xD9, 0x40, 0x05, 0x03, 0x2A, 0xC1, 0xEF, 0x65, 0x03,
            0x15, 0x0C, 0xA8, 0x04, 0x71, 0x1C, 0x64, 0x03, 0x15, 0x8C, 0xA8, 0x04, 0x6D, 0x1C, 0x64, 0x03,
            0x15, 0x0C, 0xA9, 0x04, 0x69, 0x1C, 0x64, 0x03, 0x15, 0x83, 0xE9, 0x04, 0x6F, 0x1C, 0x64, 0x03,
            0x15, 0x0C, 0x16, 0xAC, 0x6F, 0x90, 0x0D, 0x54, 0x30, 0x5C, 0x70, 0xBE, 0x41, 0x36, 0x50, 0xC1,
            0x80, 0x41, 0x30, 0xBE, 0x41, 0x36, 0x50, 0xC1, 0x60, 0x41, 0xFE, 0x06, 0xD9, 0x40, 0x05, 0xC3,
            0x05, 0xF5, 0x1B, 0x64, 0x03, 0x15, 0x0C, 0x18, 0x04, 0xF1, 0x1B, 0x64, 0x23, 0x06, 0x07, 0x00,
            0x82, 0x60, 0xC0, 0xE1, 0xC7, 0x78, 0xF4, 0x83, 0x6B, 0x8C, 0x26, 0x04, 0xC0, 0x88, 0x01, 0x02,
            0x80, 0x20, 0x18, 0x28, 0x21, 0x12, 0x1E, 0x81, 0x5B, 0xB8, 0xC5, 0x88, 0xC1, 0x01, 0x80, 0x20,
            0x18, 0xB0, 0x81, 0x7C, 0x90, 0x47, 0x70, 0x12, 0x23, 0x06, 0x06, 0x00, 0x82, 0x60, 0x40, 0xE8,
            0x07, 0x6B, 0xFC, 0xC5, 0x88, 0x41, 0x04, 0x80, 0x20, 0x18, 0x84, 0x81, 0x7E, 0xB0, 0x46, 0x20,
            0xBC, 0xC7, 0x6A, 0x18, 0x07, 0xC2, 0x16, 0x89, 0xB2, 0xE8, 0xC4, 0x88, 0x81, 0x01, 0x80, 0x20,
            0x18, 0x8C, 0x01, 0x7E, 0xA8, 0x46, 0x30, 0x62, 0x60, 0x00, 0x20, 0x08, 0x06, 0x84, 0x7E, 0xA8,
            0x86, 0x30, 0xDC, 0x10, 0xC4, 0x07, 0x18, 0xCC, 0x32, 0x0C, 0x46, 0x30, 0xDC, 0xF0, 0xC8, 0x07,
            0x18, 0xCC, 0x32, 0x10, 0x45, 0x30, 0x62, 0x70, 0x00, 0x20, 0x08, 0x06, 0x5C, 0x88, 0xB0, 0x87,
            0x49, 0xD8, 0xC6, 0x68, 0x42, 0x20, 0x8C, 0x18, 0x20, 0x00, 0x08, 0x82, 0x81, 0xA2, 0x22, 0xEA,
            0x11, 0xDC, 0xC5, 0x5D, 0x8C, 0x18, 0x1C, 0x00, 0x08, 0x82, 0x01, 0x1B, 0xEC, 0x47, 0x7B, 0x04,
            0x2F, 0x31, 0x62, 0xE0, 0x00, 0x20, 0x08, 0x06, 0x13, 0x8A, 0x90, 0x47, 0x90, 0x12, 0x28, 0x31,
            0x1E, 0x77, 0x71, 0x17, 0x77, 0x71, 0x17, 0x7D, 0x31, 0x62, 0x70, 0x00, 0x20, 0x08, 0x06, 0x5C,
            0x89, 0xC0, 0x87, 0x4A, 0x88, 0xC7, 0x68, 0x42, 0x00, 0x8C, 0x18, 0x20, 0x00, 0x08, 0x82, 0x81,
            0xE2, 0x22, 0xEE, 0x11, 0xEC, 0xC5, 0x5E, 0x8C, 0x18, 0x1C, 0x00, 0x08, 0x82, 0x01, 0x1B, 0xFC,
            0x47, 0x7C, 0x04, 0x36, 0x31, 0x62, 0xE0, 0x00, 0x20, 0x08, 0x06, 0x13, 0x8B, 0xA0, 0x47, 0xD0,
            0x12, 0x2C, 0x71, 0x1E, 0x7C, 0xC1, 0x17, 0x7C, 0xC1, 0x17, 0xA1, 0x31, 0x62, 0x70, 0x00, 0x20,
            0x08, 0x06, 0x5C, 0x8A, 0xD0, 0x87, 0x4B, 0x98, 0xC7, 0x68, 0x42, 0x20, 0x8C, 0x18, 0x20, 0x00,
            0x08, 0x82, 0x81, 0x22, 0x23, 0xF2, 0x11, 0xFC, 0xC5, 0x5F, 0x8C, 0x18, 0x1C, 0x00, 0x08, 0x82,
            0x01, 0x1B, 0x8C, 0x48, 0x7D, 0x04, 0x36, 0x31, 0x62, 0x70, 0x00, 0x20, 0x08, 0x06, 0x1F, 0x8B,
            0xE0, 0x87, 0x4C, 0x94, 0xC7, 0x68, 0x42, 0x00, 0x8C, 0x26, 0x08, 0xC1, 0x68, 0xC2, 0x30, 0x8C,
            0x18, 0x1C, 0x00, 0x08, 0x82, 0xC1, 0x07, 0x23, 0xFC, 0x61, 0x13, 0xEA, 0x31, 0x9A, 0x10, 0x00,
            0xA3, 0x09, 0x42, 0x30, 0x9A, 0x30, 0x0C, 0x23, 0x06, 0x07, 0x00, 0x82, 0x60, 0xF0, 0xD1, 0x08,
            0x88, 0xE8, 0x04, 0x78, 0x8C, 0x26, 0x04, 0xC0, 0x68, 0x82, 0x10, 0x8C, 0x26, 0x0C, 0x83, 0x2D,
            0x65, 0x20, 0x9F, 0x11, 0x03, 0x04, 0x00, 0x41, 0x30, 0x48, 0x03, 0x19, 0x31, 0x91, 0x33, 0x40,
            0x82, 0x11, 0x03, 0x04, 0x00, 0x41, 0x30, 0x48, 0x83, 0x19, 0x39, 0x91, 0x34, 0x28, 0x02, 0x6B,
            0xD0, 0x40, 0x3E, 0x23, 0x06, 0x08, 0x00, 0x82, 0x60, 0x90, 0x06, 0x35, 0x92, 0x22, 0x6A, 0xA0,
            0x04, 0x23, 0x06, 0x08, 0x00, 0x82, 0x60, 0x90, 0x06, 0x36, 0xA2, 0x22, 0x6C, 0x70, 0x04, 0xF6,
            0xAC, 0x81, 0x7C, 0x46, 0x0C, 0x10, 0x00, 0x04, 0xC1, 0x20, 0x0D, 0x70, 0x84, 0x45, 0xDA, 0x80,
            0x09, 0x46, 0x0C, 0x10, 0x00, 0x04, 0xC1, 0x20, 0x0D, 0x72, 0xA4, 0x45, 0xDE, 0x20, 0x09, 0x46,
            0x0C, 0x0E, 0x00, 0x04, 0xC1, 0xE0, 0x0B, 0x93, 0x16, 0x39, 0x8B, 0x18, 0x19, 0x4D, 0x08, 0x80,
            0xD1, 0x04, 0x21, 0x18, 0x4D, 0x18, 0x86, 0x11, 0x83, 0x03, 0x00, 0x41, 0x30, 0xF8, 0xCA, 0x24,
            0x46, 0xD6, 0x22, 0x47, 0x46, 0x13, 0x02, 0x60, 0x34, 0x41, 0x08, 0x46, 0x13, 0x86, 0x61, 0xC4,
            0xE0, 0x00, 0x40, 0x10, 0x0C, 0xBE, 0x34, 0xA9, 0x91, 0xB7, 0xA0, 0x8F, 0xD1, 0x84, 0x00, 0x18,
            0x4D, 0x10, 0x82, 0xD1, 0x84, 0x61, 0xB0, 0x45, 0x0F, 0xE4, 0x33, 0x62, 0x80, 0x00, 0x20, 0x08,
            0x06, 0x69, 0x70, 0x26, 0x3B, 0xC2, 0x07, 0x48, 0x30, 0x62, 0x80, 0x00, 0x20, 0x08, 0x06, 0x69,
            0x80, 0x26, 0x3C, 0xE2, 0x07, 0x45, 0x60, 0x4D, 0x1F, 0xC8, 0x67, 0xC4, 0x00, 0x01, 0x40, 0x10,
            0x0C, 0xD2, 0x40, 0x4D, 0x7C, 0xE4, 0x0F, 0x94, 0x60, 0xC4, 0x00, 0x01, 0x40, 0x10, 0x0C, 0xD2,
            0x60, 0x4D, 0x7E, 0x24, 0x14, 0x8E, 0xC0, 0x1E, 0x50, 0x90, 0xCF, 0x88, 0x01, 0x02, 0x80, 0x20,
            0x18, 0xA4, 0x41, 0x9B, 0x84, 0x89, 0x28, 0x30, 0xC1, 0x88, 0x01, 0x02, 0x80, 0x20, 0x18, 0xA4,
            0x81, 0x9B, 0x88, 0x09, 0x29, 0x24, 0x81, 0x1D, 0x01, 0x7D, 0xAC, 0x10, 0xE8, 0x63, 0x1E, 0x46,
            0x1F, 0xE3, 0x32, 0xFA, 0x18, 0x21, 0xC4, 0xC7, 0x08, 0x21, 0x3E, 0x26, 0xA4, 0x87, 0x7C, 0x4C,
            0x50, 0x0F, 0xF9, 0x98, 0xD0, 0x1E, 0xF0, 0x31, 0xC1, 0x3D, 0xE0, 0x33, 0x62, 0xE0, 0x00, 0x20,
            0x08, 0x06, 0x13, 0xA9, 0x80, 0x49, 0x1D, 0x94, 0x06, 0x69, 0xFC, 0x88, 0x10, 0x08, 0x42, 0x7E,
            0xCC, 0x12, 0x14, 0xE6, 0x0A, 0xEF, 0x21, 0x1F, 0x0B, 0xE0, 0x03, 0x3E, 0x23, 0x06, 0x06, 0x00,
            0x82, 0x60, 0xF0, 0xA0, 0x8A, 0x8F, 0x04, 0x16, 0x9C, 0x87, 0x7C, 0x4C, 0x08, 0x0F, 0xF9, 0xD8,
            0x10, 0x1E, 0xF2, 0xB1, 0x41, 0x3D, 0xE0, 0x63, 0x83, 0x78, 0xC0, 0xC7, 0x06, 0xF1, 0x80, 0x8F,
            0x0D, 0xBA, 0x20, 0x1F, 0x1B, 0x78, 0x41, 0x3E, 0x36, 0xF8, 0x82, 0x7C, 0x6C, 0x00, 0x07, 0xF8,
            0xD8, 0x20, 0x0E, 0xF0, 0xB1, 0x81, 0x1C, 0xE0, 0x33, 0x4B, 0xA0, 0x8D, 0x18, 0x18, 0x00, 0x08,
            0x82, 0x01, 0xC1, 0x2A, 0x2F, 0x42, 0x0B, 0x23, 0x06, 0x07, 0x00, 0x82, 0x60, 0x70, 0x06, 0xAA,
            0xA2, 0x23, 0xB5, 0x60, 0x22, 0x23, 0x06, 0x07, 0x00, 0x82, 0x60, 0x70, 0x06, 0xAB, 0xB2, 0x23,
            0xB6, 0x90, 0x22, 0x23, 0x06, 0x06, 0x00, 0x82, 0x60, 0x50, 0x06, 0xAD, 0x12, 0x23, 0xB7, 0x60,
            0x01, 0x38, 0xC8, 0xC7, 0x04, 0x71, 0x90, 0x8F, 0x0D, 0xE4, 0x20, 0x1F, 0x1B, 0xC0, 0x01, 0x3E,
            0x36, 0x88, 0x03, 0x7C, 0x6C, 0x20, 0x07, 0xF8, 0x8C, 0x18, 0x1C, 0x00, 0x08, 0x82, 0x01, 0xA7,
            0x2B, 0xA5, 0xF2, 0x1B, 0x62, 0x32, 0x9A, 0x10, 0x00, 0x23, 0x06, 0x08, 0x00, 0x82, 0x60, 0xA0,
            0x8C, 0xCB, 0xA8, 0x04, 0x30, 0x02, 0x23, 0x23, 0x06, 0x07, 0x00, 0x82, 0x60, 0xC0, 0x06, 0xB4,
            0x62, 0x2A, 0x41, 0x79, 0x94, 0x53, 0x26, 0x32, 0x62, 0x70, 0x00, 0x20, 0x08, 0x06, 0xDC, 0xAF,
            0xA8, 0x0A, 0x79, 0xD4, 0xC9, 0x68, 0x42, 0x20, 0x8C, 0x18, 0x20, 0x00, 0x08, 0x82, 0x81, 0x82,
            0x2E, 0xA8, 0x12, 0xD4, 0x48, 0x8D, 0x8C, 0x18, 0x1C, 0x00, 0x08, 0x82, 0x01, 0x1B, 0xE4, 0xCA,
            0xAA, 0x04, 0xEF, 0x31, 0x62, 0xA0, 0x00, 0x20, 0x08, 0x06, 0x19, 0xB9, 0xA4, 0x8A, 0x51, 0xD4,
            0x8A, 0x8E, 0xCC, 0xCA, 0x68, 0x42, 0x00, 0x8C, 0x18, 0x28, 0x00, 0x08, 0x82, 0x81, 0x75, 0x2E,
            0xAB, 0x32, 0x04, 0xB7, 0xD2, 0x23, 0xB5, 0x32, 0x62, 0xA0, 0x00, 0x20, 0x08, 0x06, 0x16, 0xBA,
            0xB0, 0x0A, 0x21, 0x88, 0x8A, 0x8F, 0xD8, 0xCA, 0x68, 0x42, 0x00, 0x8C, 0x26, 0x08, 0xC1, 0x68,
            0xC2, 0x20, 0x8C, 0x26, 0x10, 0x83, 0xF5, 0x88, 0x16, 0x1F, 0x0B, 0xB4, 0xF8, 0x98, 0x11, 0xC8,
            0xC7, 0x0C, 0x41, 0x3E, 0x66, 0x0C, 0xF2, 0x29, 0xA9, 0x5C, 0x60, 0xC4, 0x40, 0x01, 0x40, 0x10,
            0x0C, 0x32, 0x79, 0xB9, 0x15, 0x2A, 0x18, 0x17, 0x34, 0x09, 0x97, 0xD1, 0x84, 0x00, 0x18, 0x31,
            0x50, 0x00, 0x10, 0x04, 0x03, 0xAB, 0x5E, 0x72, 0x25, 0x0A, 0x5E, 0x65, 0x4D, 0xC6, 0x65, 0x34,
            0x21, 0x00, 0x46, 0x13, 0x84, 0x60, 0x34, 0x61, 0x10, 0x6C, 0x30, 0x03, 0xF9, 0xD8, 0x70, 0x06,
            0xF2, 0xB1, 0x01, 0x0D, 0xE4, 0x63, 0x43, 0x03, 0x1F, 0x1B, 0x1A, 0xF8, 0xD8, 0xD0, 0xC0, 0xA7,
            0x3E, 0x57, 0x81, 0x11, 0x03, 0x05, 0x00, 0x41, 0x30, 0xC8, 0xFE, 0x85, 0x5C, 0xC2, 0x20, 0x80,
            0x97, 0x3A, 0x71, 0x97, 0xD1, 0x84, 0x00, 0x18, 0x31, 0x50, 0x00, 0x10, 0x04, 0x03, 0x4B, 0x64,
            0xCC, 0xC5, 0x0B, 0x78, 0x05, 0x4F, 0xE0, 0x65, 0x34, 0x21, 0x00, 0x46, 0x13, 0x84, 0x60, 0x34,
            0x61, 0x10, 0x6C, 0x90, 0x03, 0xF9, 0xD8, 0x30, 0x07, 0xF2, 0xB1, 0x81, 0x0E, 0xE4, 0x63, 0xCD,
            0x00, 0x1F, 0x6B, 0x06, 0xF8, 0x58, 0x33, 0xC0, 0x67, 0xC4, 0x60, 0x01, 0x40, 0x10, 0x0C, 0x1A,
            0x98, 0xA1, 0x97, 0x41, 0x08, 0x06, 0x21, 0x18, 0x31, 0x30, 0x00, 0x10, 0x04, 0x83, 0x07, 0x66,
            0xD6, 0x25, 0xB0, 0x22, 0x90, 0x8F, 0x15, 0x82, 0x7C, 0xAC, 0x18, 0xE4, 0x33, 0x62, 0xB0, 0x00,
            0x20, 0x08, 0x06, 0x4D, 0xCD, 0xE4, 0xCB, 0x20, 0x04, 0x3B, 0xC1, 0x13, 0x3D, 0x31, 0x1C, 0x11,
            0x8C, 0x8A, 0xF0, 0x99, 0xA8, 0x14, 0xF1, 0xB1, 0x51, 0x29, 0xE2, 0x63, 0xA4, 0x52, 0xC4, 0x67,
            0xBA, 0x61, 0x40, 0x88, 0xE9, 0x86, 0x01, 0x29, 0xA6, 0x1B, 0x06, 0xC4, 0x18, 0x4D, 0xE8, 0x03,
            0x61, 0xC4, 0x00, 0x01, 0x40, 0x10, 0x0C, 0x94, 0x9F, 0xF9, 0x97, 0x80, 0x55, 0x58, 0x65, 0xC4,
            0xE0, 0x00, 0x40, 0x10, 0x0C, 0xD8, 0x00, 0x66, 0x44, 0x26, 0x30, 0x93, 0x83, 0x83, 0x61, 0x47,
            0x0C, 0x14, 0x00, 0x04, 0xC1, 0xC0, 0xEA, 0x99, 0x90, 0x11, 0x82, 0x96, 0x99, 0x95, 0x95, 0x19,
            0x4D, 0x08, 0x80, 0xD1, 0x04, 0x21, 0x18, 0x4D, 0x18, 0x84, 0xD1, 0x04, 0x62, 0x18, 0x31, 0x50,
            0x00, 0x10, 0x04, 0x03, 0x4B, 0x6C, 0x4C, 0xE6, 0x30, 0xF8, 0x05, 0x57, 0x60, 0x66, 0x34, 0x21,
            0x00, 0x46, 0x13, 0x84, 0x60, 0xB8, 0x41, 0x2E, 0x6A, 0x06, 0x0C, 0x66, 0x19, 0x0E, 0x24, 0x18,
            0x4D, 0xF8, 0x03, 0x61, 0x34, 0x01, 0x14, 0x82, 0xD1, 0x84, 0x50, 0x00, 0x46, 0x0C, 0x0E, 0x00,
            0x04, 0xC1, 0xE0, 0x33, 0x1B, 0x99, 0x61, 0x13, 0x9B, 0x19, 0x4D, 0x08, 0x80, 0xD1, 0x04, 0x21,
            0x18, 0x4D, 0x18, 0x84, 0xD1, 0x04, 0x62, 0x18, 0x31, 0x38, 0x00, 0x10, 0x04, 0x83, 0x6F, 0x6D,
            0x6E, 0x26, 0x4E, 0x7E, 0x66, 0x34, 0x21, 0x00, 0x46, 0x13, 0x84, 0x60, 0x34, 0x61, 0x10, 0x46,
            0x13, 0x88, 0x61, 0xC4, 0xE0, 0x00, 0x40, 0x10, 0x0C, 0x3E, 0xB8, 0xE1, 0x19, 0x3B, 0xD9, 0x97,
            0xD1, 0x84, 0x00, 0x18, 0x4D, 0x10, 0x82, 0xD1, 0x84, 0x41, 0x18, 0x4D, 0x20, 0x86, 0x11, 0x83,
            0x03, 0x00, 0x41, 0x30, 0xF8, 0xEA, 0x26, 0x6C, 0xF6, 0x24, 0x5E, 0x46, 0x13, 0x02, 0x60, 0x34,
            0x41, 0x08, 0x46, 0x13, 0x06, 0x61, 0x34, 0x81, 0x18, 0x6C, 0x22, 0x07, 0xF9, 0x8C, 0x18, 0x20,
            0x00, 0x08, 0x82, 0x41, 0x1A, 0xD0, 0x0D, 0xDA, 0x90, 0xC3, 0x13, 0x8C, 0x18, 0x20, 0x00, 0x08,
            0x82, 0x41, 0x1A, 0xD4, 0x4D, 0xDA, 0x90, 0xC3, 0x12, 0x58, 0x70, 0x40, 0xC7, 0x2C, 0x74, 0x90,
            0xCF, 0x88, 0x01, 0x02, 0x80, 0x20, 0x18, 0xA4, 0x01, 0xDE, 0xB0, 0x0D, 0x3A, 0x48, 0xC1, 0x88,
            0x01, 0x02, 0x80, 0x20, 0x18, 0xA4, 0x41, 0xDE, 0xB4, 0x0D, 0x3A, 0x38, 0x81, 0x05, 0x0A, 0x74,
            0x2C, 0x63, 0x07, 0xF9, 0x8C, 0x18, 0x20, 0x00, 0x08, 0x82, 0x41, 0x1A, 0xF0, 0x0D, 0xDC, 0xB0,
            0x43, 0x15, 0x8C, 0x18, 0x20, 0x00, 0x08, 0x82, 0x41, 0x1A, 0xF4, 0x4D, 0xDC, 0xB0, 0x43, 0x14,
            0x58, 0xD0, 0x40, 0xC7, 0x38, 0x78, 0x90, 0xCF, 0x88, 0x01, 0x02, 0x80, 0x20, 0x18, 0xA4, 0x01,
            0xE8, 0xD0, 0x0D, 0x3C, 0x60, 0xC1, 0x88, 0x01, 0x02, 0x80, 0x20, 0x18, 0xA4, 0x41, 0xE8, 0xD4,
            0x0D, 0x3C, 0x50, 0x81, 0x05, 0x10, 0x74, 0x46, 0x0C, 0x0E, 0x00, 0x04, 0xC1, 0xE0, 0x53, 0x1D,
            0xBB, 0x81, 0x95, 0xB1, 0x19, 0x4D, 0x08, 0x80, 0xD1, 0x04, 0x21, 0x18, 0x4D, 0x18, 0x86, 0x11,
            0x83, 0x03, 0x00, 0x41, 0x30, 0xF8, 0x5C, 0x47, 0x6F, 0x68, 0x05, 0x6D, 0x46, 0x13, 0x02, 0x60,
            0x34, 0x41, 0x08, 0x46, 0x13, 0x86, 0x61, 0xC4, 0xE0, 0x00, 0x40, 0x10, 0x0C, 0x3E, 0xD9, 0xF1,
            0x1B, 0x5C, 0xF1, 0x99, 0xD1, 0x84, 0x00, 0x18, 0x4D, 0x10, 0x82, 0xD1, 0x84, 0x61, 0x18, 0x31,
            0x38, 0x00, 0x10, 0x04, 0x83, 0xCF, 0x76, 0x44, 0x87, 0x57, 0x62, 0x66, 0x34, 0x21, 0x00, 0x46,
            0x13, 0x84, 0x60, 0x34, 0x61, 0x18, 0xEC, 0x21, 0x09, 0xF9, 0x8C, 0x18, 0x20, 0x00, 0x08, 0x82,
            0x41, 0x1A, 0xD0, 0x0E, 0xEA, 0x90, 0x04, 0x13, 0x8C, 0x18, 0x20, 0x00, 0x08, 0x82, 0x41, 0x1A,
            0xD4, 0x4E, 0xEA, 0x90, 0x44, 0x12, 0x58, 0x60, 0x40, 0xC7, 0x24, 0x94, 0x90, 0xCF, 0x88, 0x01,
            0x02, 0x80, 0x20, 0x18, 0xA4, 0x01, 0xEE, 0xB0, 0x0E, 0x4A, 0x3C, 0xC1, 0x88, 0x01, 0x02, 0x80,
            0x20, 0x18, 0xA4, 0x41, 0xEE, 0xB4, 0x0E, 0x4A, 0x30, 0x81, 0x05, 0x09, 0x74, 0xAC, 0x62, 0x09,
            0xF9, 0x8C, 0x18, 0x20, 0x00, 0x08, 0x82, 0x41, 0x1A, 0xF0, 0x0E, 0xEC, 0xB0, 0x84, 0x14, 0x8C,
            0x18, 0x20, 0x00, 0x08, 0x82, 0x41, 0x1A, 0xF4, 0x4E, 0xEC, 0xB0, 0xC4, 0x13, 0x58, 0xC0, 0x40,
            0x67, 0xC4, 0x60, 0x01, 0x40, 0x10, 0x0C, 0x9A, 0xF6, 0x89, 0x1D, 0x90, 0xF8, 0x07, 0x7F, 0x98,
            0x0F, 0xFA, 0xA8, 0x8F, 0xE1, 0x88, 0x60, 0x67, 0x84, 0xCF, 0x74, 0x46, 0x24, 0xE2, 0x63, 0x3B,
            0x23, 0x12, 0xF1, 0x31, 0x9E, 0x11, 0x89, 0xF8, 0x4C, 0x37, 0x0C, 0x25, 0x41, 0x4C, 0x37, 0x0C,
            0x25, 0x51, 0x4C, 0x37, 0x0C, 0x25, 0x61, 0x8C, 0x18, 0x1C, 0x00, 0x08, 0x82, 0x01, 0xF7, 0x3E,
            0xBA, 0x43, 0x2F, 0xA4, 0x33, 0x9A, 0x10, 0x08, 0x23, 0x06, 0x08, 0x00, 0x82, 0x60, 0xA0, 0xE0,
            0x0F, 0xEE, 0x04, 0x65, 0x53, 0x36, 0x23, 0x06, 0x07, 0x00, 0x82, 0x60, 0xC0, 0x06, 0xE9, 0xB3,
            0x3B, 0x41, 0xBF, 0x58, 0x1B, 0xA4, 0x01, 0x7D, 0x46, 0x0C, 0x0C, 0x00, 0x04, 0xC1, 0xE0, 0xC9,
            0x9F, 0xD7, 0x09, 0x46, 0x0C, 0x1C, 0x00, 0x04, 0xC1, 0x60, 0xC2, 0x1F, 0xDA, 0x19, 0xF2, 0x05,
            0x5F, 0x66, 0x27, 0x08, 0x82, 0xA0, 0x6D, 0x46, 0x0C, 0x0E, 0x00, 0x04, 0xC1, 0x80, 0xAB, 0x1F,
            0xF0, 0xD1, 0x17, 0xD9, 0x19, 0x4D, 0x08, 0x80, 0x11, 0x03, 0x04, 0x00, 0x41, 0x30, 0x50, 0xFC,
            0xC7, 0x77, 0x82, 0xB5, 0x59, 0x9B, 0x11, 0x83, 0x03, 0x00, 0x41, 0x30, 0x60, 0x83, 0xF7, 0x09,
            0x9F, 0xC0, 0x64, 0x46, 0x0C, 0x16, 0x00, 0x04, 0xC1, 0xA0, 0xF9, 0x9F, 0xF1, 0x69, 0x98, 0x65,
            0x16, 0x68, 0xA1, 0x16, 0x46, 0x0C, 0x1C, 0x00, 0x04, 0xC1, 0x60, 0xEA, 0x9F, 0xDC, 0x11, 0xFC,
            0xA5, 0x5F, 0x70, 0xC7, 0x69, 0x98, 0x40, 0x6E, 0x46, 0x0C, 0x0E, 0x00, 0x04, 0xC1, 0x80, 0xD3,
            0x9F, 0xF2, 0xF9, 0x97, 0xDB, 0x19, 0x4D, 0x08, 0x84, 0x11, 0x03, 0x04, 0x00, 0x41, 0x30, 0x50,
            0x46, 0x68, 0x7C, 0x02, 0xB8, 0x81, 0x9B, 0x11, 0x83, 0x03, 0x00, 0x41, 0x30, 0x60, 0x03, 0xFA,
            0x31, 0x9F, 0xE0, 0x64, 0x0C, 0x14, 0xE8, 0x80, 0x3E, 0xD6, 0x07, 0x75, 0x40, 0x1F, 0x13, 0x03,
            0x8D, 0x3E, 0xF6, 0x6D, 0xF4, 0x31, 0x42, 0x88, 0x8F, 0x11, 0x42, 0x7C, 0x4C, 0x80, 0x1B, 0xF9,
            0x98, 0x10, 0x37, 0xF2, 0x31, 0x81, 0x6E, 0xE0, 0x63, 0x42, 0xDD, 0xC0, 0x67, 0xC4, 0xC0, 0x01,
            0x40, 0x10, 0x0C, 0xA6, 0x15, 0x3A, 0x9F, 0x85, 0x65, 0x56, 0xC6, 0x7C, 0x84, 0x40, 0x10, 0x40,
            0x67, 0x96, 0x00, 0x19, 0x8E, 0x48, 0x87, 0xBD, 0x11, 0xBE, 0x59, 0x86, 0x64, 0x09, 0x66, 0x19,
            0x14, 0xCD, 0x1C, 0xAC, 0x1D, 0xD4, 0x41, 0x3E, 0x16, 0xE8, 0x88, 0x7C, 0xCC, 0x1D, 0xD8, 0x41,
            0x3E, 0x16, 0xF4, 0x88, 0x7C, 0xEC, 0x1D, 0xDC, 0x41, 0x3E, 0x16, 0x80, 0x89, 0x7C, 0x4C, 0x4C,
            0x0A, 0xF8, 0x18, 0x99, 0x10, 0xF0, 0x31, 0x33, 0x19, 0xE0, 0x33, 0x4B, 0xA0, 0xD9, 0xE8, 0xF8,
            0x48, 0x7C, 0x8C, 0x74, 0xC0, 0x24, 0x3E, 0x56, 0x3A, 0x62, 0x12, 0x1F, 0xCB, 0x07, 0xBE, 0x81,
            0x8F, 0xE5, 0x43, 0xDF, 0xC0, 0xC7, 0xF2, 0xC1, 0x6F, 0xE0, 0x63, 0xF7, 0x30, 0xC8, 0xC7, 0xF0,
            0x61, 0x90, 0x8F, 0xE5, 0xC3, 0x20, 0x1F, 0x1B, 0x4C, 0x07, 0x3E, 0x36, 0x9C, 0x0E, 0x7C, 0x6C,
            0x40, 0x1D, 0xF8, 0x8C, 0x18, 0x1C, 0x00, 0x08, 0x82, 0x41, 0x24, 0x46, 0x26, 0xC4, 0x0F, 0xA9,
            0x33, 0x62, 0x70, 0x00, 0x20, 0x08, 0x06, 0xD1, 0x18, 0x9D, 0xD0, 0x20, 0x8C, 0x18, 0x1C, 0x00,
            0x08, 0x82, 0x41, 0x44, 0x46, 0x28, 0x54, 0x04, 0x36, 0x3B, 0x20, 0x11, 0x1F, 0xA3, 0x1D, 0x21,
            0x3E, 0x16, 0x08, 0xF2, 0xB1, 0x80, 0x80, 0x8F, 0x15, 0x01, 0x7D, 0x8A, 0x4F, 0x56, 0x48, 0x2A,
            0x58, 0x21, 0xA8, 0x60, 0x85, 0xD0, 0x82, 0x1C, 0x82, 0x41, 0x0D, 0x01, 0x56, 0x40, 0x70, 0x05,
            0x2E, 0x24, 0x15, 0xB8, 0x10, 0x56, 0x20, 0xF0, 0x05, 0x4C, 0x95, 0x50, 0x43, 0x52, 0x41, 0x0D,
            0x41, 0x05, 0x35, 0x84, 0x16, 0x8C, 0x11, 0x0C, 0x6A, 0x08, 0xB0, 0x02, 0x82, 0x2B, 0xC0, 0x21,
            0xA9, 0x00, 0x87, 0xB0, 0x02, 0x81, 0x2F, 0x60, 0xCA, 0x16, 0xD9, 0x91, 0x8F, 0x05, 0xB2, 0x03,
            0x1F, 0x1B, 0x64, 0x47, 0x3E, 0x16, 0xC8, 0x0E, 0x7C, 0x6C, 0x38, 0x8F, 0xF8, 0xD8, 0xEC, 0x9C,
            0x47, 0x7C, 0x6C, 0x38, 0x8F, 0xF8, 0xD8, 0x30, 0xC8, 0xC7, 0x86, 0x41, 0x3E, 0x26, 0x04, 0xF0,
            0x31, 0x82, 0x90, 0x8F, 0x09, 0x01, 0x7C, 0x46, 0x0C, 0x0C, 0x00, 0x04, 0xC1, 0xE0, 0x59, 0xA5,
            0x1E, 0x0A, 0x2C, 0x09, 0xE8, 0x63, 0x89, 0x40, 0x1F, 0x4B, 0x06, 0xFA, 0x8C, 0x18, 0x2C, 0x00,
            0x08, 0x82, 0x41, 0x03, 0x4B, 0x74, 0x64, 0x17, 0x75, 0x41, 0x17, 0x83, 0x10, 0x0C, 0x47, 0x04,
            0xFE, 0xA3, 0x7C, 0xB3, 0x0C, 0x8C, 0x14, 0x58, 0xFF, 0x14, 0xF1, 0x31, 0xFF, 0x29, 0xE2, 0x63,
            0xFF, 0x53, 0xC4, 0x67, 0xC4, 0x60, 0x01, 0x40, 0x10, 0x0C, 0x9A, 0x5A, 0xCA, 0x23, 0x11, 0xE2,
            0x1F, 0x11, 0x1A, 0x84, 0x60, 0xC4, 0xE0, 0x00, 0x40, 0x10, 0x0C, 0x22, 0x5A, 0xC2, 0xA3, 0x60,
            0x84, 0x86, 0x23, 0x02, 0x12, 0x52, 0xBE, 0x59, 0x86, 0x46, 0x0A, 0x8C, 0x29, 0x1F, 0xF8, 0x0C,
            0x47, 0x04, 0x22, 0xA4, 0x7C, 0xB3, 0x0C, 0xCE, 0x13, 0x8C, 0x18, 0x2C, 0x00, 0x08, 0x82, 0x41,
            0xA3, 0x4B, 0x7E, 0x84, 0x1A, 0xA7, 0x61, 0x1A, 0x0D, 0xB3, 0x0C, 0x47, 0x04, 0x28, 0x24, 0x7C,
            0xD3, 0x0D, 0x25, 0x84, 0x3E, 0x41, 0xA5, 0x46, 0x20, 0x16, 0xFC, 0x07, 0x7C, 0x8A, 0x35, 0x06,
            0xB1, 0x40, 0x44, 0xE0, 0x53, 0xAF, 0x51, 0x88, 0x05, 0x25, 0x02, 0x9F, 0x11, 0x83, 0x03, 0x00,
            0x41, 0x30, 0xE0, 0x7A, 0x09, 0x95, 0xC4, 0x67, 0x8E, 0x46, 0x13, 0x02, 0x60, 0xC4, 0x00, 0x01,
            0x40, 0x10, 0x0C, 0x14, 0x73, 0x32, 0xA5, 0x60, 0x86, 0x66, 0x68, 0xC4, 0xE0, 0x00, 0x40, 0x10,
            0x0C, 0xD8, 0xE0, 0x96, 0x52, 0x29, 0x60, 0x9F, 0x11, 0x03, 0x03, 0x00, 0x41, 0x30, 0x20, 0x7E,
            0x29, 0x8E, 0x74, 0x68, 0xC4, 0x20, 0x02, 0x40, 0x10, 0x0C, 0xC2, 0xE0, 0x97, 0xE2, 0x28, 0x10,
            0x68, 0x09, 0x8E, 0x0C, 0x44, 0x89, 0xA1, 0x4D, 0xCB, 0xA0, 0x11, 0x03, 0x03, 0x00, 0x41, 0x30,
            0x18, 0x83, 0x5E, 0x7A, 0xA3, 0x60, 0xC4, 0xC0, 0x00, 0x40, 0x10, 0x0C, 0x88, 0x5F, 0x7A, 0x23,
            0x61, 0xB8, 0x21, 0xB0, 0x25, 0x30, 0x98, 0x65, 0x78, 0xA4, 0x60, 0xC4, 0xE0, 0x00, 0x40, 0x10,
            0x0C, 0xB8, 0x72, 0x82, 0x25, 0xF5, 0x69, 0xA3, 0xD1, 0x84, 0x40, 0x18, 0x31, 0x40, 0x00, 0x10,
            0x04, 0x03, 0xC5, 0x9D, 0x5C, 0x29, 0xD8, 0xA1, 0x1D, 0x1A, 0x31, 0x38, 0x00, 0x10, 0x04, 0x03,
            0x36, 0xF8, 0xA5, 0x58, 0x0A, 0xEA, 0x67, 0xC4, 0x40, 0x01, 0x40, 0x10, 0x0C, 0xAC, 0x75, 0x7A,
            0xA5, 0x00, 0x8E, 0x76, 0x29, 0x8C, 0x72, 0x69, 0x34, 0x21, 0x00, 0x46, 0x13, 0x84, 0x60, 0x34,
            0x61, 0x10, 0x46, 0x13, 0x88, 0xC1, 0xD0, 0x00, 0x0D, 0xE4, 0x63, 0x1F, 0x08, 0xC9, 0xC7, 0x84,
            0x80, 0x3E, 0x23, 0x06, 0x07, 0x00, 0x82, 0x60, 0x10, 0xD5, 0x53, 0x2E, 0x9D, 0x01, 0x19, 0x8D,
            0x18, 0x2C, 0x00, 0x08, 0x82, 0x41, 0x83, 0x4F, 0xBC, 0xE4, 0x1B, 0xBD, 0xC1, 0x1B, 0xE0, 0xF0,
            0x0B, 0xBE, 0x30, 0x62, 0x70, 0x00, 0x20, 0x08, 0x06, 0xD1, 0x3D, 0xED, 0x52, 0x20, 0x46, 0xD6,
            0x06, 0x20, 0x13, 0x1F, 0x6B, 0x03, 0x91, 0x89, 0x8F, 0xB5, 0x01, 0xC9, 0xC4, 0x67, 0xC4, 0x60,
            0x01, 0x40, 0x10, 0x0C, 0x9A, 0x7E, 0x0A, 0xA7, 0x41, 0x08, 0x06, 0x21, 0x18, 0x31, 0x30, 0x00,
            0x10, 0x04, 0x83, 0xA7, 0x9F, 0x70, 0x29, 0xB0, 0xA0, 0x90, 0x8F, 0x09, 0x85, 0x7C, 0x6C, 0x28,
            0xE4, 0x33, 0x62, 0xB0, 0x00, 0x20, 0x08, 0x06, 0x8D, 0x48, 0x99, 0xD3, 0x20, 0x04, 0xEA, 0x90,
            0x0E, 0xE8, 0x30, 0x62, 0x70, 0x00, 0x20, 0x08, 0x06, 0x51, 0x48, 0x95, 0x53, 0x00, 0x47, 0xE6,
            0x46, 0xE6, 0x10, 0x1F, 0x7B, 0x23, 0x73, 0x88, 0x8F, 0xC1, 0x91, 0x39, 0xC4, 0xC7, 0xE6, 0x88,
            0x88, 0xCF, 0x88, 0x81, 0x01, 0x80, 0x20, 0x18, 0x3C, 0x27, 0xD5, 0x4B, 0xC1, 0x88, 0x81, 0x01,
            0x80, 0x20, 0x18, 0x3C, 0x28, 0x65, 0x4B, 0x81, 0x05, 0x6A, 0x24, 0x9F, 0x11, 0x03, 0x03, 0x00,
            0x41, 0x30, 0x78, 0x54, 0x4A, 0x9C, 0x02, 0x0B, 0x10, 0xF9, 0x98, 0x80, 0xC8, 0xC7, 0x06, 0x44,
            0x3E, 0xE6, 0x0E, 0x03, 0x7C, 0xCC, 0x1D, 0x06, 0xF8, 0x98, 0x3B, 0x0C, 0xF0, 0x31, 0x3F, 0x1A,
            0xE2, 0x63, 0x7F, 0x34, 0xC4, 0xC7, 0x40, 0x69, 0x88, 0x8F, 0xB9, 0x43, 0x1C, 0xC9, 0xC7, 0x02,
            0xFA, 0x90, 0x8F, 0x05, 0x85, 0x7C, 0x6C, 0xA8, 0x0F, 0xF9, 0x58, 0x60, 0xC8, 0xC7, 0x0A, 0xFB,
            0x90, 0x8F, 0x05, 0x87, 0x7C, 0x46, 0x0C, 0x16, 0x00, 0x04, 0xC1, 0xA0, 0xE1, 0x29, 0x90, 0x12,
            0x91, 0x10, 0x01, 0x91, 0x8E, 0xDB, 0x46, 0x0C, 0x0E, 0x00, 0x04, 0xC1, 0x20, 0xDA, 0xA9, 0x7F,
            0x0A, 0x54, 0xC9, 0xF4, 0x41, 0x1F, 0xE4, 0x63, 0x41, 0x20, 0x1F, 0x0B, 0x4E, 0x09, 0x3E, 0x46,
            0x10, 0xF2, 0xB1, 0x40, 0x90, 0x8F, 0x05, 0xAF, 0x04, 0x1F, 0x0B, 0x02, 0xF9, 0x58, 0xF0, 0x46,
            0xF2, 0xB1, 0x23, 0xA0, 0x8F, 0x8D, 0xC4, 0x2C, 0xC1, 0xC7, 0x82, 0x40, 0x3E, 0x16, 0x90, 0x92,
            0x7C, 0xCC, 0x96, 0x82, 0xF8, 0x98, 0x1C, 0x04, 0xF2, 0xB1, 0x60, 0x80, 0x8F, 0xD1, 0x41, 0x40,
            0x1F, 0x23, 0xEE, 0x40, 0x3E, 0x16, 0x18, 0xF0, 0xB1, 0x3C, 0x08, 0xE8, 0x63, 0xC4, 0x22, 0x1F,
            0x0B, 0x04, 0xF9, 0x58, 0x40, 0x06, 0xF2, 0x31, 0x81, 0x0C, 0xE4, 0x63, 0x03, 0x19, 0xC8, 0xC7,
            0xFE, 0x00, 0x96, 0xE4, 0x63, 0x81, 0x1F, 0xC8, 0xC7, 0x02, 0x5E, 0x82, 0x8F, 0x19, 0x01, 0x7D,
            0xCC, 0x10, 0xE8, 0x63, 0xC6, 0x40, 0x1F, 0x1B, 0xCA, 0x00, 0x3E, 0x36, 0x90, 0x01, 0x7C, 0x6C,
            0x18, 0x03, 0xF8, 0x0C, 0x47, 0xA0, 0x02, 0x3B, 0x29, 0xDF, 0x2C, 0x03, 0x14, 0x05, 0xA6, 0x8D,
            0x81, 0x7C, 0xCC, 0x0F, 0x76, 0x49, 0x3E, 0x16, 0x98, 0x13, 0x7C, 0x6C, 0x08, 0xE8, 0x63, 0x41,
            0x4E, 0xC8, 0xC7, 0xE2, 0x49, 0x27, 0xE2, 0x63, 0x81, 0x38, 0xC9, 0xC7, 0x02, 0x58, 0x90, 0x8F,
            0x11, 0x01, 0x7C, 0x66, 0x09, 0xA2, 0x81, 0x0A, 0x46, 0x80, 0xD8, 0x33, 0x78, 0x8C, 0x16, 0x68,
            0x41, 0x3E, 0x26, 0x08, 0xF2, 0x31, 0x01, 0x9E, 0xE0, 0x63, 0x81, 0x00, 0x1F, 0x23, 0x02, 0xFA,
            0x18, 0x2F, 0xFC, 0x83, 0x7C, 0x2C, 0x00, 0x07, 0xF9, 0x58, 0x50, 0xC9, 0xC7, 0x02, 0x42, 0x3E,
            0x46, 0x88, 0x83, 0x7C, 0x2C, 0xB8, 0xE4, 0x63, 0xC1, 0x21, 0x1F, 0x3B, 0xC8, 0x41, 0x3E, 0x16,
            0x64, 0xF2, 0xB1, 0x40, 0x91, 0x8F, 0x1D, 0xE3, 0x40, 0x1F, 0x2B, 0xC8, 0x81, 0x3E, 0x36, 0x94,
            0x03, 0x7D, 0x66, 0x09, 0xA4, 0x81, 0x12, 0x46, 0x46, 0x83, 0x45, 0x46, 0x03, 0xC6, 0x88, 0x64,
            0x34, 0x70, 0x06, 0x4A, 0x18, 0x1A, 0x0D, 0x16, 0x1A, 0x0D, 0x18, 0x23, 0xA2, 0xD1, 0xC0, 0x19,
            0x28, 0x61, 0x6C, 0x34, 0x58, 0x6C, 0x34, 0x60, 0x8C, 0xC8, 0x46, 0x03, 0xC7, 0x86, 0xF4, 0x91,
            0x8F, 0x0D, 0xEB, 0x23, 0x1F, 0x1B, 0xDA, 0x47, 0x3E, 0x36, 0xBC, 0x0F, 0x7C, 0x6C, 0x88, 0x1F,
            0xF8, 0xD8, 0x30, 0x3F, 0xF0, 0x19, 0x31, 0x58, 0x00, 0x10, 0x04, 0x83, 0xA6, 0xBC, 0x52, 0x6B,
            0x55, 0x54, 0x25, 0x55, 0x5A, 0x83, 0x35, 0x56, 0x63, 0xC4, 0xE0, 0x00, 0x40, 0x10, 0x0C, 0x22,
            0xF2, 0x42, 0xAD, 0xE0, 0xA5, 0x2A, 0x2D, 0x4C, 0x4B, 0x2A, 0x30, 0x2D, 0xA8, 0xC0, 0xB4, 0xD0,
            0x02, 0xDA, 0x82, 0x41, 0x0D, 0x01, 0x56, 0x40, 0x70, 0x05, 0xA9, 0x25, 0x15, 0xA4, 0x16, 0x56,
            0x20, 0xF0, 0x05, 0x4C, 0x59, 0x40, 0x53, 0xF2, 0x19, 0x8E, 0x08, 0x4E, 0x83, 0xF8, 0x66, 0x19,
            0xA6, 0x2A, 0xB0, 0xD7, 0x78, 0x0D, 0xF9, 0x54, 0x31, 0x5B, 0x52, 0xC1, 0x6C, 0x41, 0x05, 0xB3,
            0x85, 0x16, 0x84, 0x17, 0x0C, 0x6A, 0x08, 0xB0, 0x02, 0x82, 0x2B, 0xB0, 0x2D, 0xA9, 0xC0, 0xB6,
            0xB0, 0x02, 0x81, 0x2F, 0x60, 0xAA, 0x84, 0xDE, 0x92, 0x0A, 0x7A, 0x0B, 0x2A, 0xE8, 0x2D, 0xB4,
            0x60, 0xBD, 0x60, 0x50, 0x43, 0x80, 0x15, 0x10, 0x5C, 0x01, 0x78, 0x49, 0x05, 0xE0, 0x85, 0x15,
            0x08, 0x7C, 0x01, 0x53, 0x16, 0xAC, 0x95, 0x7C, 0x8C, 0x11, 0x2B, 0xF9, 0x98, 0x5D, 0x09, 0xF1,
            0x31, 0x0C, 0x93, 0x8F, 0x05, 0x73, 0x05, 0x1F, 0x0B, 0x0A, 0xF9, 0x58, 0xA0, 0x57, 0xF0, 0xB1,
            0x22, 0xA0, 0xCF, 0x88, 0x81, 0x01, 0x80, 0x20, 0x18, 0x3C, 0x2F, 0x16, 0x5E, 0x81, 0x05, 0x81,
            0x7C, 0xCC, 0xAF, 0x82, 0xF8, 0x8C, 0x18, 0x18, 0x00, 0x08, 0x82, 0xC1, 0x23, 0x63, 0xE4, 0x15,
            0x8C, 0x18, 0x18, 0x00, 0x08, 0x82, 0xC1, 0x33, 0x63, 0x22, 0xA6, 0x2F, 0xC3, 0x11, 0x41, 0x5B,
            0x09, 0xDF, 0x74, 0xC3, 0x68, 0x89, 0x56, 0x30, 0xDD, 0x30, 0x5A, 0xA4, 0x25, 0x58, 0xC0, 0x2F,
            0xF2, 0xB1, 0x7E, 0x19, 0xE4, 0x63, 0xA5, 0x15, 0xC4, 0xC7, 0x0A, 0x90, 0x91, 0x8F, 0x15, 0x22,
            0x23, 0x1F, 0x13, 0x82, 0xF8, 0x8C, 0x18, 0x2C, 0x00, 0x08, 0x82, 0x41, 0xE3, 0x63, 0x22, 0x66,
            0x10, 0x81, 0x41, 0x04, 0x23, 0x06, 0x06, 0x00, 0x82, 0x60, 0xF0, 0xF8, 0x58, 0x7E, 0x05, 0x86,
            0x04, 0xF2, 0x31, 0xE1, 0x90, 0x8F, 0x15, 0x83, 0x7C, 0x46, 0x0C, 0x0C, 0x00, 0x04, 0xC1, 0xE0,
            0x11, 0xB3, 0xFA, 0xD2, 0x8C, 0x08, 0xE4, 0x63, 0x84, 0x20, 0x1F, 0x23, 0x06, 0xF9, 0x58, 0xC1,
            0x32, 0xF2, 0xB1, 0x83, 0x65, 0xE4, 0x63, 0x42, 0x10, 0x1F, 0x53, 0x5C, 0x46, 0x3E, 0x96, 0xC4,
            0x8C, 0x7C, 0x4C, 0x08, 0xE2, 0x63, 0xCC, 0xCC, 0xC8, 0xC7, 0x9C, 0x99, 0x91, 0x8F, 0x09, 0x41,
            0x7C, 0x46, 0x0C, 0x0C, 0x00, 0x04, 0xC1, 0xE0, 0x79, 0xB3, 0x11, 0x3B, 0x03, 0x43, 0x02, 0xF9,
            0x98, 0x21, 0xC8, 0xC7, 0x88, 0x41, 0x3E, 0x36, 0x40, 0xF0, 0xB1, 0x40, 0x0C, 0xE4, 0x63, 0x44,
            0x04, 0x1F, 0x0B, 0xC8, 0x40, 0x3E, 0x56, 0x48, 0xF0, 0xB1, 0xC0, 0x0C, 0xE4, 0x63, 0x6A, 0x00,
            0x36, 0xF2, 0xB1, 0x35, 0x00, 0x1B, 0xF9, 0x18, 0x1B, 0x80, 0x8D, 0x7C, 0x0C, 0x19, 0xE0, 0x63,
            0xC7, 0x00, 0x1F, 0x33, 0x06, 0xF8, 0x8C, 0x18, 0x2C, 0x00, 0x08, 0x82, 0x41, 0x03, 0x6A, 0x64,
            0x36, 0x08, 0xC1, 0x20, 0x04, 0x23, 0x06, 0x06, 0x00, 0x82, 0x60, 0xF0, 0x80, 0xDA, 0x8E, 0x05,
            0x56, 0x04, 0xF2, 0xB1, 0x42, 0x90, 0x8F, 0x15, 0x83, 0x7C, 0x46, 0x0C, 0x16, 0x00, 0x04, 0xC1,
            0xA0, 0x29, 0xB5, 0x34, 0x5B, 0x25, 0x56, 0x6A, 0xA5, 0x41, 0x08, 0x2C, 0x40, 0x2F, 0xF9, 0x58,
            0x11, 0xC8, 0xC7, 0x0A, 0x41, 0x3E, 0x56, 0x0C, 0xF2, 0x31, 0x58, 0x1A, 0xE2, 0x63, 0xB2, 0x34,
            0xC4, 0xC7, 0x68, 0x69, 0x88, 0xCF, 0x88, 0xC1, 0x02, 0x80, 0x20, 0x18, 0x34, 0xAD, 0x16, 0x67,
            0x73, 0x23, 0x37, 0x71, 0x33, 0x08, 0xC1, 0x70, 0x44, 0xB0, 0x5F, 0xCA, 0x37, 0xCB, 0x40, 0x69,
            0xC1, 0x88, 0xC1, 0x02, 0x80, 0x20, 0x18, 0x34, 0xAF, 0x36, 0x67, 0x0D, 0xB3, 0xDC, 0x89, 0x9D,
            0xD4, 0xC9, 0x88, 0xC1, 0x01, 0x80, 0x20, 0x18, 0x44, 0xAE, 0x26, 0x67, 0x41, 0x7F, 0xD9, 0x7E,
            0xCD, 0x49, 0x7C, 0x8C, 0xBF, 0xE6, 0x24, 0x3E, 0xD6, 0x5F, 0x73, 0x12, 0x1F, 0x03, 0x31, 0x22,
            0x3E, 0x23, 0x06, 0x06, 0x00, 0x82, 0x60, 0xF0, 0xD0, 0x9A, 0x9A, 0x05, 0x23, 0x06, 0x06, 0x00,
            0x82, 0x60, 0xF0, 0xD4, 0xDA, 0x98, 0x05, 0x16, 0xDC, 0x97, 0x7C, 0x46, 0x0C, 0x0C, 0x00, 0x04,
            0xC1, 0xE0, 0xB9, 0xB5, 0x37, 0x0B, 0x2C, 0x40, 0xE4, 0x63, 0x02, 0x22, 0x1F, 0x1B, 0x10, 0xF9,
            0xD8, 0xB0, 0x27, 0xF0, 0xB1, 0x61, 0x4F, 0xE0, 0x63, 0xC3, 0x9E, 0xC0, 0xC7, 0xF6, 0x64, 0xC5,
            0xE0, 0x63, 0x41, 0x20, 0x1F, 0x0B, 0xF8, 0x4B, 0x3E, 0xE6, 0x62, 0x41, 0x7C, 0xAC, 0x1F, 0x02,
            0xF9, 0x58, 0x30, 0xC0, 0xC7, 0xFE, 0x21, 0xA0, 0x8F, 0x65, 0x84, 0x7C, 0x2C, 0x30, 0xE0, 0x63,
            0x5B, 0x40, 0x1F, 0x0B, 0x08, 0xF9, 0x58, 0xA0, 0xC9, 0xC7, 0x82, 0x47, 0x3E, 0x26, 0x3C, 0xF2,
            0xB1, 0xE1, 0x91, 0xCF, 0x88, 0xC1, 0x02, 0x80, 0x20, 0x18, 0x34, 0xEE, 0x26, 0x6B, 0xB4, 0x33,
            0x3B, 0xB2, 0xC3, 0x06, 0x6B, 0xA0, 0x06, 0x23, 0x06, 0x07, 0x00, 0x82, 0x60, 0x10, 0xB5, 0x5B,
            0xAC, 0x05, 0x3C, 0x66, 0x2A, 0x51, 0x2A, 0xF2, 0xB1, 0x40, 0x90, 0x8F, 0x05, 0x36, 0x06, 0x1F,
            0x43, 0x02, 0xFA, 0x18, 0x22, 0xD0, 0xC7, 0x90, 0x81, 0x3E, 0x23, 0x06, 0x07, 0x00, 0x82, 0x60,
            0x10, 0xD1, 0x9B, 0xAA, 0x0D, 0x35, 0x36, 0x62, 0x70, 0x00, 0x20, 0x08, 0x06, 0x51, 0xBD, 0xAD,
            0xDA, 0x60, 0x63, 0x23, 0x06, 0x07, 0x00, 0x82, 0x60, 0x10, 0xD9, 0x1B, 0xAB, 0x0D, 0x37, 0x36,
            0x4B, 0x60, 0x95, 0x4A, 0xE0, 0x9A, 0x54, 0x80, 0x6B, 0x50, 0x01, 0xAE, 0xA1, 0x05, 0xE6, 0x06,
            0x83, 0x1A, 0x02, 0xAC, 0x80, 0xE0, 0x0A, 0x76, 0x4D, 0x2A, 0xD8, 0x35, 0xAC, 0x40, 0xE0, 0x0B,
            0x98, 0x2A, 0x41, 0xDC, 0xA4, 0x02, 0x71, 0x83, 0x0A, 0xC4, 0x0D, 0x2D, 0x80, 0x37, 0x18, 0xD4,
            0x10, 0x60, 0x05, 0x04, 0x57, 0x50, 0x6E, 0x52, 0x41, 0xB9, 0x61, 0x05, 0x02, 0x5F, 0xC0, 0x94,
            0x05, 0x70, 0x26, 0x1F, 0x63, 0xCE, 0x4C, 0x3E, 0x23, 0x06, 0x06, 0x00, 0x82, 0x60, 0xF0, 0xB8,
            0x1C, 0xB8, 0x09, 0xC6, 0x67, 0x43, 0x7C, 0x46, 0x0C, 0x0C, 0x00, 0x04, 0xC1, 0xE0, 0x81, 0x39,
            0x71, 0x0B, 0x46, 0x0C, 0x0C, 0x00, 0x04, 0xC1, 0xE0, 0x89, 0x39, 0x90, 0xC3, 0x9F, 0xE1, 0x88,
            0x60, 0xCD, 0x84, 0x6F, 0xBA, 0x21, 0xD4, 0x40, 0x2D, 0x98, 0x6E, 0x08, 0x35, 0x51, 0x13, 0x2C,
            0xD0, 0x1F, 0xF9, 0xD8, 0xFE, 0x0C, 0xF2, 0xB1, 0x51, 0x0B, 0xE2, 0x63, 0x85, 0xFF, 0xC8, 0xC7,
            0x0A, 0x10, 0x92, 0x8F, 0x09, 0x41, 0x7C, 0x46, 0x0C, 0x16, 0x00, 0x04, 0xC1, 0xA0, 0xE1, 0x39,
            0x90, 0x33, 0x88, 0xC0, 0x20, 0x82, 0x11, 0x03, 0x03, 0x00, 0x41, 0x30, 0x78, 0x78, 0xEE, 0xDE,
            0x02, 0x43, 0x02, 0xF9, 0x98, 0x70, 0xC8, 0xC7, 0x8A, 0x41, 0x3E, 0x23, 0x06, 0x06, 0x00, 0x82,
            0x60, 0xF0, 0x80, 0xDD, 0xBC, 0x4D, 0x46, 0x04, 0xF2, 0x31, 0x42, 0x90, 0x8F, 0x11, 0x83, 0x7C,
            0xAC, 0x50, 0x21, 0xF9, 0xD8, 0xA1, 0x42, 0xF2, 0x31, 0x21, 0x88, 0x8F, 0x29, 0x2C, 0x24, 0x1F,
            0x4B, 0x5E, 0x48, 0x3E, 0x26, 0x04, 0xF1, 0x31, 0x26, 0x86, 0xE4, 0x63, 0x4E, 0x0C, 0xC9, 0xC7,
            0x84, 0x20, 0x3E, 0x23, 0x06, 0x06, 0x00, 0x82, 0x60, 0xF0, 0xB4, 0x5D, 0xC8, 0x81, 0x81, 0x21,
            0x81, 0x7C, 0xCC, 0x10, 0xE4, 0x63, 0xC4, 0x20, 0x1F, 0x1B, 0x20, 0xF8, 0x58, 0x40, 0x06, 0xF2,
            0x31, 0x22, 0x82, 0x8F, 0x05, 0x66, 0x20, 0x1F, 0x2B, 0x24, 0xF8, 0x58, 0x80, 0x06, 0xF2, 0xB1,
            0x33, 0xF0, 0x21, 0xF9, 0x18, 0x1A, 0xF8, 0x90, 0x7C, 0x2C, 0x0D, 0x7C, 0x48, 0x3E, 0x86, 0x0C,
            0xF0, 0xB1, 0x63, 0x80, 0x8F, 0x19, 0x03, 0x7C, 0x46, 0x0C, 0x16, 0x00, 0x04, 0xC1, 0xA0, 0xF1,
            0x3B, 0xB1, 0x1B, 0x84, 0x60, 0x10, 0x82, 0x11, 0x03, 0x03, 0x00, 0x41, 0x30, 0x78, 0xFC, 0x2E,
            0xE7, 0x02, 0x2B, 0x02, 0xF9, 0x58, 0x21, 0xC8, 0xC7, 0x8A, 0x41, 0x3E, 0x36, 0xA4, 0x56, 0x7C,
            0x6C, 0x58, 0xAD, 0xF8, 0xD8, 0xD0, 0x5A, 0xF1, 0x19, 0x31, 0x58, 0x00, 0x10, 0x04, 0x83, 0xC6,
            0xF4, 0xD4, 0x6E, 0x10, 0x82, 0x41, 0x08, 0x46, 0x0C, 0x0C, 0x00, 0x04, 0xC1, 0xE0, 0x31, 0xBD,
            0xB0, 0x0B, 0xAC, 0x08, 0xE4, 0x63, 0x85, 0x20, 0x1F, 0x2B, 0x06, 0xF9, 0x8C, 0x18, 0x2C, 0x00,
            0x08, 0x82, 0x41, 0xB3, 0x7A, 0x6F, 0x37, 0x08, 0xC1, 0xDC, 0xC8, 0x4D, 0xDC, 0x8C, 0x18, 0x1C,
            0x00, 0x08, 0x82, 0x41, 0xA4, 0x7A, 0x6E, 0x17, 0xE4, 0x9B, 0xDD, 0xDB, 0xDB, 0xC4, 0xC7, 0xF0,
            0xED, 0x6D, 0xE2, 0x63, 0xF9, 0xF6, 0x36, 0xF1, 0x31, 0x7E, 0x23, 0xE2, 0x33, 0x62, 0x60, 0x00,
            0x20, 0x08, 0x06, 0x0F, 0xEC, 0x99, 0x5D, 0x30, 0x62, 0x60, 0x00, 0x20, 0x08, 0x06, 0x4F, 0xEC,
            0xFD, 0x5C, 0x60, 0xC1, 0xBC, 0xC9, 0x67, 0xC4, 0xC0, 0x00, 0x40, 0x10, 0x0C, 0x9E, 0xD9, 0x5B,
            0xBB, 0xC0, 0x02, 0x44, 0x3E, 0x26, 0x20, 0xF2, 0xB1, 0x01, 0x91, 0x8F, 0x89, 0x9C, 0xDE, 0xC4,
            0xC7, 0x02, 0x22, 0x3E, 0x46, 0x72, 0x7B, 0x13, 0x1F, 0x0B, 0x8A, 0xF8, 0x98, 0xC9, 0xF1, 0x4D,
            0x7C, 0x2C, 0x30, 0xE2, 0x63, 0x77, 0xC3, 0x47, 0xF2, 0xB1, 0xC0, 0x90, 0x8F, 0xE5, 0x4D, 0x1F,
            0xC9, 0xC7, 0x02, 0x43, 0x3E, 0xB6, 0x37, 0x7E, 0x24, 0x1F, 0x0B, 0x0C, 0xF9, 0x58, 0xBB, 0xE5,
            0x4D, 0x7C, 0xCC, 0x08, 0xE8, 0x63, 0x85, 0x40, 0x1F, 0x23, 0x06, 0xFA, 0xCC, 0x12, 0x58, 0x03,
            0x15, 0x0C, 0x79, 0x50, 0x46, 0x35, 0x50, 0xC1, 0x90, 0x07, 0x65, 0x54, 0x03, 0x15, 0x0C, 0x79,
            0x50, 0x46, 0x35, 0x50, 0xC1, 0x88, 0x0A, 0x65, 0x0B, 0xD5, 0x40, 0x05, 0x23, 0x2A, 0x94, 0x2D,
            0x54, 0x03, 0x15, 0x8C, 0xA8, 0x50, 0xB6, 0x50, 0x0D, 0x54, 0x0C, 0xB0, 0x43, 0x99, 0x46, 0x65,
            0x47, 0x7E, 0xC9, 0xC7, 0x8E, 0xFD, 0x92, 0x8F, 0x1D, 0xFD, 0x25, 0x1F, 0xC3, 0xA5, 0x9D, 0x93,
            0x8F, 0xE1, 0x12, 0xCF, 0xC9, 0xC7, 0x70, 0xA9, 0xE7, 0xE4, 0x63, 0x03, 0x4E, 0xC1, 0xC7, 0x06,
            0x9C, 0x82, 0x8F, 0x0D, 0x38, 0x05, 0x9F, 0xE1, 0x86, 0x10, 0x3B, 0x3F, 0x33, 0x98, 0x65, 0xB8,
            0xB2, 0x60, 0xC4, 0xE0, 0x00, 0x40, 0x10, 0x0C, 0xA2, 0xFB, 0xDB, 0xBD, 0x04, 0x19, 0x31, 0x38,
            0x00, 0x10, 0x04, 0x83, 0x08, 0xFF, 0x78, 0x6F, 0x09, 0xAA, 0xD1, 0x3D, 0xA9, 0x40, 0xF7, 0xA0,
            0x02, 0xDD, 0x43, 0x0B, 0xD0, 0x0F, 0x06, 0x35, 0x04, 0x58, 0x01, 0xC1, 0x15, 0xF4, 0x9E, 0x54,
            0xD0, 0x7B, 0x58, 0x81, 0xC0, 0x17, 0x30, 0x65, 0x01, 0xDA, 0xC9, 0x67, 0x38, 0x22, 0x60, 0x84,
            0x6F, 0x96, 0x41, 0xC3, 0x02, 0xC3, 0x1A, 0xFA, 0x18, 0xE6, 0xD0, 0xC7, 0xB0, 0x87, 0x3E, 0xB3,
            0x04, 0xD9, 0x40, 0x05, 0x63, 0x60, 0x76, 0x60, 0x0D, 0x54, 0x30, 0x06, 0x66, 0x07, 0xD6, 0x40,
            0x05, 0x63, 0x60, 0x76, 0x60, 0x0D, 0x54, 0x0C, 0x14, 0xE6, 0x07, 0x96, 0xDD, 0x58, 0xFF, 0xC1,
            0x60, 0xB8, 0x21, 0xC0, 0x3F, 0x34, 0x98, 0x65, 0x10, 0xB4, 0x60, 0xA0, 0x86, 0xD1, 0xE3, 0x20,
            0xB1, 0x3F, 0x45, 0x5F, 0x83, 0x82, 0x97, 0x32, 0x5E, 0xBA, 0x78, 0x69, 0x1A, 0xA8, 0x61, 0xFC,
            0x38, 0x48, 0xEC, 0x4F, 0xD1, 0xD7, 0xA0, 0xE0, 0xA5, 0x8C, 0x97, 0x2E, 0x5E, 0x9A, 0x06, 0x6A,
            0x18, 0x51, 0x0E, 0x12, 0xFB, 0x53, 0xF4, 0x35, 0x28, 0x78, 0x29, 0xE3, 0xA5, 0x8B, 0x97, 0xA6,
            0x11, 0x83, 0x03, 0x00, 0x41, 0x30, 0xE0, 0x5A, 0x30, 0xC0, 0x3F, 0x99, 0x13, 0xBF, 0xD1, 0x84,
            0x00, 0x18, 0x31, 0x40, 0x00, 0x10, 0x04, 0x03, 0xC5, 0x06, 0x03, 0xFB, 0x0B, 0x46, 0x6F, 0xF4,
            0x46, 0x0C, 0x0E, 0x00, 0x04, 0xC1, 0x80, 0x0D, 0x4E, 0x30, 0xC8, 0xBF, 0xC0, 0xE7, 0x46, 0x0C,
            0x0E, 0x00, 0x04, 0xC1, 0x20, 0xAA, 0xC1, 0x60, 0xFD, 0x8E, 0xBA, 0x1B, 0x31, 0x38, 0x00, 0x10,
            0x04, 0x83, 0xC8, 0x06, 0x03, 0xF6, 0x3B, 0xEC, 0x6E, 0xC4, 0xE0, 0x00, 0x40, 0x10, 0x0C, 0xA2,
            0x1B, 0x0C, 0xDA, 0xEF, 0xB8, 0xBB, 0x11, 0x03, 0x07, 0x00, 0x41, 0x30, 0x98, 0x6E, 0x30, 0x98,
            0x3F, 0x02, 0xE7, 0x6E, 0x4E, 0xFE, 0x06, 0x21, 0x30, 0x3D, 0xD6, 0x9B, 0x25, 0xD8, 0x10, 0x00,
            0x00, 0x00, 0x00, 0x00
        ],
        ThreadGroupSize = new()
        {
            X = 8,
            Y = 8,
            Z = 1
        }
    };
    #endregion

    #region Metal
    private static readonly ShaderDesc MetalCSMain = new()
    {
        Name = "CSMain",
        CodeBytes =
        [
            0x4D, 0x54, 0x4C, 0x42, 0x01, 0x80, 0x02, 0x00, 0x09, 0x00, 0x00, 0x81, 0x1A, 0x00, 0x00, 0x00,
            0x64, 0x4D, 0x00, 0x00, 0x00, 0x00, 0x00, 0x00, 0x58, 0x00, 0x00, 0x00, 0x00, 0x00, 0x00, 0x00,
            0x8A, 0x00, 0x00, 0x00, 0x00, 0x00, 0x00, 0x00, 0x2C, 0x01, 0x00, 0x00, 0x00, 0x00, 0x00, 0x00,
            0x08, 0x00, 0x00, 0x00, 0x00, 0x00, 0x00, 0x00, 0x34, 0x01, 0x00, 0x00, 0x00, 0x00, 0x00, 0x00,
            0x08, 0x00, 0x00, 0x00, 0x00, 0x00, 0x00, 0x00, 0x3C, 0x01, 0x00, 0x00, 0x00, 0x00, 0x00, 0x00,
            0x00, 0x43, 0x00, 0x00, 0x00, 0x00, 0x00, 0x00, 0x01, 0x00, 0x00, 0x00, 0x8A, 0x00, 0x00, 0x00,
            0x4E, 0x41, 0x4D, 0x45, 0x07, 0x00, 0x43, 0x53, 0x4D, 0x61, 0x69, 0x6E, 0x00, 0x54, 0x59, 0x50,
            0x45, 0x01, 0x00, 0x02, 0x48, 0x41, 0x53, 0x48, 0x20, 0x00, 0x41, 0xD4, 0x8A, 0x18, 0x5D, 0x35,
            0x48, 0x3A, 0x9F, 0x57, 0xED, 0x50, 0xB4, 0x02, 0x97, 0x14, 0x68, 0x7D, 0x29, 0x96, 0xD3, 0x11,
            0x5B, 0xAA, 0x1A, 0x9B, 0x1D, 0xC4, 0x83, 0xEC, 0xD7, 0xB2, 0x4F, 0x46, 0x46, 0x54, 0x18, 0x00,
            0x00, 0x00, 0x00, 0x00, 0x00, 0x00, 0x00, 0x00, 0x00, 0x00, 0x00, 0x00, 0x00, 0x00, 0x00, 0x00,
            0x00, 0x00, 0x00, 0x00, 0x00, 0x00, 0x00, 0x00, 0x56, 0x45, 0x52, 0x53, 0x08, 0x00, 0x02, 0x00,
            0x08, 0x00, 0x04, 0x00, 0x00, 0x00, 0x4D, 0x44, 0x53, 0x5A, 0x08, 0x00, 0x00, 0x43, 0x00, 0x00,
            0x00, 0x00, 0x00, 0x00, 0x52, 0x46, 0x4C, 0x54, 0x08, 0x00, 0x04, 0x00, 0x00, 0x00, 0x00, 0x00,
            0x00, 0x00, 0x45, 0x4E, 0x44, 0x54, 0x48, 0x44, 0x59, 0x4E, 0x10, 0x00, 0x3C, 0x44, 0x00, 0x00,
            0x00, 0x00, 0x00, 0x00, 0x2A, 0x00, 0x00, 0x00, 0x00, 0x00, 0x00, 0x00, 0x52, 0x4C, 0x53, 0x54,
            0x10, 0x00, 0x66, 0x44, 0x00, 0x00, 0x00, 0x00, 0x00, 0x00, 0xFE, 0x08, 0x00, 0x00, 0x00, 0x00,
            0x00, 0x00, 0x55, 0x55, 0x49, 0x44, 0x10, 0x00, 0x6A, 0x73, 0x05, 0x36, 0x31, 0xA9, 0x37, 0xBB,
            0x84, 0x2A, 0xD1, 0xE0, 0x9F, 0x81, 0x9E, 0x18, 0x45, 0x4E, 0x44, 0x54, 0x08, 0x00, 0x00, 0x00,
            0x45, 0x4E, 0x44, 0x54, 0x08, 0x00, 0x00, 0x00, 0x45, 0x4E, 0x44, 0x54, 0xDE, 0xC0, 0x17, 0x0B,
            0x00, 0x00, 0x00, 0x00, 0x14, 0x00, 0x00, 0x00, 0xE0, 0x42, 0x00, 0x00, 0xFF, 0xFF, 0xFF, 0xFF,
            0x42, 0x43, 0xC0, 0xDE, 0x35, 0x14, 0x00, 0x00, 0x03, 0x00, 0x00, 0x00, 0x62, 0x0C, 0x30, 0x24,
            0x80, 0x10, 0x05, 0xC8, 0x14, 0x00, 0x00, 0x00, 0x21, 0x0C, 0x00, 0x00, 0x79, 0x0E, 0x00, 0x00,
            0x0B, 0x02, 0x21, 0x00, 0x02, 0x00, 0x00, 0x00, 0x16, 0x00, 0x00, 0x00, 0x07, 0x81, 0x23, 0x91,
            0x41, 0xC8, 0x04, 0x49, 0x06, 0x10, 0x32, 0x39, 0x92, 0x01, 0x84, 0x0C, 0x25, 0x05, 0x08, 0x19,
            0x1E, 0x04, 0x8B, 0x62, 0x80, 0x1C, 0x45, 0x02, 0x42, 0x92, 0x0B, 0x42, 0xE4, 0x10, 0x32, 0x14,
            0x38, 0x08, 0x18, 0x4B, 0x0A, 0x32, 0x72, 0x88, 0x48, 0x70, 0xC4, 0x21, 0x23, 0x44, 0x12, 0x87,
            0x8C, 0x10, 0x41, 0x92, 0x02, 0x64, 0xC8, 0x08, 0xB1, 0x14, 0x20, 0x43, 0x46, 0x88, 0x20, 0xC9,
            0x01, 0x32, 0x72, 0x84, 0x18, 0x2A, 0x28, 0x2A, 0x90, 0x31, 0x7C, 0xB0, 0x5C, 0x91, 0x20, 0xC7,
            0xC8, 0x00, 0x00, 0x00, 0x89, 0x20, 0x00, 0x00, 0x9D, 0x00, 0x00, 0x00, 0x32, 0x22, 0xC8, 0x09,
            0x20, 0x62, 0x46, 0x00, 0x21, 0x2B, 0x24, 0x98, 0x1C, 0x21, 0x25, 0x24, 0x98, 0x1C, 0x19, 0x27,
            0x0C, 0x85, 0xA4, 0x90, 0x60, 0x72, 0x64, 0x5C, 0x20, 0x24, 0x67, 0x82, 0x00, 0x1D, 0x46, 0x00,
            0xE6, 0x08, 0xC0, 0x60, 0x18, 0x61, 0x08, 0x66, 0x00, 0x86, 0x11, 0x88, 0x41, 0x09, 0x08, 0x33,
            0x51, 0xF3, 0x40, 0x0F, 0xF2, 0x50, 0x0F, 0xE3, 0x40, 0x0F, 0x6E, 0xD0, 0x0E, 0xE5, 0x40, 0x0F,
            0xE1, 0xC0, 0x0E, 0x7A, 0xA0, 0x07, 0xED, 0x10, 0x0E, 0xF4, 0x20, 0x0F, 0xE9, 0x80, 0x0F, 0x29,
            0x28, 0x60, 0x1A, 0x48, 0x53, 0x44, 0x09, 0x93, 0xFF, 0x23, 0x8D, 0x34, 0x01, 0x8D, 0x40, 0xFC,
            0x80, 0x20, 0x10, 0x0B, 0x11, 0x01, 0x13, 0xE2, 0x34, 0xBF, 0x34, 0x45, 0x94, 0x30, 0x51, 0x11,
            0xF1, 0x4F, 0x63, 0x04, 0xC0, 0x20, 0xC2, 0x11, 0xCC, 0x14, 0x07, 0xF3, 0x40, 0x0F, 0xF2, 0x50,
            0x0F, 0xE3, 0x40, 0x0F, 0x6E, 0xD0, 0x0E, 0xE5, 0x40, 0x0F, 0xE1, 0xC0, 0x0E, 0x7A, 0xA0, 0x07,
            0xF2, 0x10, 0x0E, 0xF9, 0x40, 0x0F, 0xF2, 0x10, 0x0E, 0xE3, 0x90, 0x0E, 0xEE, 0x70, 0x0E, 0x7A,
            0xA0, 0x07, 0xBF, 0x10, 0x0E, 0xE3, 0x30, 0x0E, 0xE5, 0xC0, 0x0E, 0xE5, 0x20, 0x0F, 0xE1, 0x40,
            0x0F, 0xE9, 0xF0, 0x0E, 0xEE, 0xF0, 0x0B, 0xF3, 0x40, 0x0F, 0xF2, 0x50, 0x0F, 0xE3, 0x40, 0x0F,
            0xF5, 0x20, 0x0F, 0xE5, 0x90, 0x02, 0x84, 0x12, 0x0C, 0xF0, 0x92, 0xA6, 0x88, 0x12, 0x26, 0xFF,
            0x25, 0xA2, 0x89, 0xB8, 0xFE, 0x06, 0x98, 0xA8, 0x08, 0x58, 0x7E, 0x3A, 0x09, 0x0A, 0xC5, 0x20,
            0xC2, 0x12, 0x0C, 0x22, 0x04, 0x01, 0x52, 0xD2, 0x14, 0x51, 0xC2, 0xE4, 0xFF, 0x13, 0x71, 0x4D,
            0x54, 0x44, 0xFC, 0xF6, 0xF0, 0x4F, 0x63, 0x04, 0xC0, 0x20, 0x82, 0x13, 0xCC, 0x74, 0xCD, 0x03,
            0x3D, 0xC8, 0x43, 0x3D, 0x8C, 0x03, 0x3D, 0xB8, 0x41, 0x3B, 0x94, 0x03, 0x3D, 0x84, 0x03, 0x3B,
            0xE8, 0x81, 0x1E, 0xD0, 0x43, 0x39, 0xE0, 0x03, 0x3D, 0xD4, 0x83, 0x3C, 0x94, 0x83, 0x1C, 0x90,
            0x43, 0x0A, 0x1E, 0x28, 0x49, 0x53, 0x44, 0x09, 0x93, 0xCF, 0x39, 0x8D, 0x34, 0x01, 0xCD, 0x24,
            0xFD, 0x74, 0x72, 0x0C, 0x06, 0x83, 0x81, 0x40, 0x48, 0x30, 0x1A, 0x0C, 0x08, 0x04, 0x02, 0x19,
            0x44, 0x88, 0x04, 0x33, 0x00, 0x04, 0x12, 0x9A, 0xCC, 0x11, 0x80, 0xC2, 0x1C, 0x01, 0x42, 0x16,
            0x33, 0x00, 0x2A, 0x17, 0xC2, 0x0C, 0x23, 0x08, 0x81, 0x31, 0x00, 0x0F, 0x0D, 0x21, 0x10, 0xA0,
            0xCD, 0x30, 0xC2, 0x30, 0x98, 0xA1, 0xD3, 0xE9, 0x90, 0x87, 0x02, 0x68, 0x49, 0x53, 0x44, 0x09,
            0x93, 0x4F, 0x12, 0x51, 0x43, 0x2C, 0x9C, 0xD3, 0x4C, 0xC4, 0x35, 0xFD, 0x74, 0x0A, 0x24, 0x14,
            0x32, 0x46, 0x47, 0xD3, 0xE9, 0x80, 0x44, 0x34, 0x42, 0x4E, 0x9A, 0x22, 0x4A, 0x98, 0xFC, 0x1F,
            0x69, 0x26, 0x22, 0x92, 0x08, 0x61, 0x42, 0x9C, 0xE6, 0x87, 0x28, 0x22, 0xC2, 0xFE, 0x69, 0x8C,
            0x00, 0xA0, 0x92, 0x11, 0x00, 0x26, 0x3A, 0x19, 0x61, 0x10, 0xA0, 0x94, 0x19, 0x06, 0x83, 0x01,
            0xAD, 0x8C, 0x30, 0x18, 0x50, 0xCB, 0x0C, 0x83, 0x4E, 0x87, 0x5E, 0x66, 0xE8, 0x74, 0x40, 0x14,
            0x33, 0x44, 0xA7, 0x33, 0x00, 0xD1, 0x8C, 0x16, 0x46, 0xE9, 0x74, 0x3A, 0x9D, 0x4E, 0x6D, 0x30,
            0x00, 0x89, 0xC8, 0x66, 0x8A, 0x4E, 0xA7, 0xD3, 0xA9, 0x11, 0xCE, 0x10, 0x9D, 0x4E, 0xA7, 0x43,
            0x3A, 0x63, 0x0C, 0x3A, 0x9D, 0xCE, 0x60, 0x40, 0xBC, 0x39, 0x82, 0xC0, 0x14, 0xBE, 0x4E, 0x67,
            0x20, 0xA2, 0x9F, 0x11, 0x02, 0x26, 0x0A, 0x1A, 0xC1, 0x67, 0xA2, 0xA1, 0x99, 0x00, 0xA6, 0x4E,
            0x67, 0x30, 0x40, 0x04, 0x02, 0x81, 0x40, 0x20, 0x10, 0x08, 0x04, 0x02, 0x3E, 0x1F, 0x15, 0x4D,
            0x60, 0xA2, 0xA3, 0x21, 0x06, 0x83, 0xC1, 0x80, 0x92, 0x83, 0x08, 0x56, 0x60, 0x0A, 0xC0, 0x65,
            0x59, 0xF1, 0x11, 0xD3, 0x08, 0x03, 0x13, 0x39, 0x87, 0x11, 0x84, 0xC1, 0x08, 0x50, 0x13, 0x45,
            0x8D, 0x00, 0xD5, 0xD0, 0x74, 0x18, 0x41, 0xF0, 0x03, 0x23, 0xF8, 0xAA, 0x64, 0x35, 0x82, 0x06,
            0x4A, 0xD8, 0x81, 0x00, 0x92, 0x0C, 0x22, 0x10, 0xC2, 0x14, 0xC0, 0x30, 0x02, 0x11, 0x0C, 0x22,
            0xF8, 0x82, 0x30, 0x88, 0xF0, 0x08, 0x34, 0x18, 0x44, 0x40, 0x84, 0x41, 0x84, 0x46, 0x18, 0x44,
            0x60, 0x84, 0x41, 0x84, 0x21, 0x18, 0x44, 0x80, 0x84, 0x41, 0x84, 0x4A, 0x00, 0x00, 0x00, 0x00,
            0x51, 0x18, 0x00, 0x00, 0xF2, 0x02, 0x00, 0x00, 0x1B, 0xC8, 0x24, 0xF8, 0xFF, 0xFF, 0xFF, 0xFF,
            0x01, 0x58, 0x03, 0xC0, 0x14, 0x00, 0x09, 0x98, 0x88, 0x70, 0x80, 0x07, 0x78, 0x90, 0x87, 0x77,
            0xC0, 0x87, 0x36, 0x30, 0x87, 0x7A, 0x70, 0x87, 0x71, 0x68, 0x03, 0x73, 0x80, 0x87, 0x36, 0x68,
            0x87, 0x70, 0xA0, 0x07, 0x74, 0x00, 0xE8, 0x41, 0x1E, 0xEA, 0xA1, 0x1C, 0x00, 0xC2, 0x1C, 0xE4,
            0x21, 0x1C, 0xDA, 0xA1, 0x1C, 0xDA, 0x00, 0x1E, 0xDE, 0x21, 0x1D, 0xDC, 0x81, 0x1E, 0xCA, 0x41,
            0x1E, 0x80, 0x70, 0x60, 0x07, 0x76, 0x00, 0x88, 0x76, 0x08, 0x07, 0x7C, 0x68, 0x83, 0x7B, 0x78,
            0x07, 0x79, 0x58, 0x87, 0x36, 0x38, 0x07, 0x79, 0x78, 0x87, 0x7A, 0x80, 0x87, 0x36, 0x98, 0x87,
            0x74, 0xD0, 0x87, 0x72, 0x00, 0xEC, 0x80, 0x0E, 0x00, 0xA2, 0x1D, 0xD2, 0xC1, 0x1D, 0xDA, 0x80,
            0x1D, 0xCA, 0xE1, 0x1C, 0xC2, 0x81, 0x1D, 0xDA, 0xC0, 0x1E, 0xCA, 0x61, 0x1C, 0xE8, 0xE1, 0x1D,
            0xE4, 0xA1, 0x0D, 0xEE, 0x21, 0x1D, 0xC8, 0x81, 0x1E, 0xD0, 0x01, 0x88, 0x03, 0x39, 0xC0, 0x03,
            0x60, 0x70, 0x87, 0x77, 0x68, 0x03, 0x71, 0xA8, 0x87, 0x74, 0x60, 0x07, 0x7A, 0x48, 0x07, 0x77,
            0x98, 0x07, 0x80, 0x70, 0x87, 0x77, 0x68, 0x83, 0x74, 0x70, 0x07, 0x73, 0x98, 0x87, 0x36, 0x30,
            0x07, 0x78, 0x68, 0x83, 0x76, 0x08, 0x07, 0x7A, 0x40, 0x07, 0x80, 0x1E, 0xE4, 0xA1, 0x1E, 0xCA,
            0x01, 0x20, 0xDC, 0xE1, 0x1D, 0xDA, 0xC0, 0x1D, 0xC2, 0xC1, 0x1D, 0xE6, 0xA1, 0x0D, 0xCC, 0x01,
            0x1E, 0xDA, 0xA0, 0x1D, 0xC2, 0x81, 0x1E, 0xD0, 0x01, 0xA0, 0x07, 0x79, 0xA8, 0x87, 0x72, 0x00,
            0x08, 0x77, 0x78, 0x87, 0x36, 0x98, 0x87, 0x74, 0x38, 0x07, 0x77, 0x28, 0x07, 0x72, 0x68, 0x03,
            0x7D, 0x28, 0x07, 0x79, 0x78, 0x87, 0x79, 0x68, 0x03, 0x73, 0x80, 0x87, 0x36, 0x68, 0x87, 0x70,
            0xA0, 0x07, 0x74, 0x00, 0xE8, 0x41, 0x1E, 0xEA, 0xA1, 0x1C, 0x00, 0xC2, 0x1D, 0xDE, 0xA1, 0x0D,
            0xE8, 0x41, 0x1E, 0xC2, 0x01, 0x1E, 0xE0, 0x21, 0x1D, 0xDC, 0xE1, 0x1C, 0xDA, 0xA0, 0x1D, 0xC2,
            0x81, 0x1E, 0xD0, 0x01, 0xA0, 0x07, 0x79, 0xA8, 0x87, 0x72, 0x00, 0x88, 0x79, 0xA0, 0x87, 0x70,
            0x18, 0x87, 0x75, 0x68, 0x03, 0x78, 0x90, 0x87, 0x77, 0xA0, 0x87, 0x72, 0x18, 0x07, 0x7A, 0x78,
            0x07, 0x79, 0x68, 0x03, 0x71, 0xA8, 0x07, 0x73, 0x30, 0x87, 0x72, 0x90, 0x87, 0x36, 0x98, 0x87,
            0x74, 0xD0, 0x87, 0x72, 0x00, 0xF0, 0x00, 0x20, 0xEA, 0xC1, 0x1D, 0xE6, 0x21, 0x1C, 0xCC, 0xA1,
            0x1C, 0xDA, 0xC0, 0x1C, 0xE0, 0xA1, 0x0D, 0xDA, 0x21, 0x1C, 0xE8, 0x01, 0x1D, 0x00, 0x7A, 0x90,
            0x87, 0x7A, 0x28, 0x07, 0x80, 0xB8, 0x87, 0x77, 0x90, 0x87, 0x75, 0x68, 0x83, 0x73, 0x90, 0x87,
            0x77, 0xA8, 0x07, 0x78, 0x68, 0x83, 0x79, 0x48, 0x07, 0x7D, 0x28, 0x07, 0x00, 0x0F, 0xD8, 0x00,
            0x0F, 0xD8, 0x20, 0x0E, 0x80, 0x0D, 0x84, 0x10, 0x00, 0xA4, 0xB0, 0x21, 0x1B, 0x04, 0x80, 0x14,
            0x86, 0x70, 0x48, 0x07, 0x79, 0x68, 0x03, 0x71, 0xA8, 0x07, 0x73, 0x30, 0x87, 0x72, 0x90, 0x87,
            0x36, 0x70, 0x87, 0x77, 0x68, 0x83, 0x70, 0x60, 0x87, 0x74, 0x08, 0x87, 0x79, 0x00, 0x36, 0x38,
            0xC4, 0xFF, 0xFF, 0xFF, 0xFF, 0x0F, 0x40, 0x1B, 0x00, 0xA7, 0x00, 0xF8, 0x01, 0xF0, 0x07, 0x80,
            0x04, 0xF4, 0xC1, 0x06, 0xA2, 0x08, 0x00, 0x3E, 0xD8, 0x40, 0x18, 0x02, 0xB0, 0x6C, 0x50, 0x8E,
            0xFF, 0xFF, 0xFF, 0xFF, 0x1F, 0x80, 0x36, 0x00, 0x4C, 0x01, 0x90, 0x80, 0x3E, 0xD8, 0x40, 0x20,
            0x01, 0xB0, 0x6C, 0x70, 0x92, 0xFF, 0xFF, 0xFF, 0xFF, 0x1F, 0x00, 0x53, 0x00, 0xFC, 0x00, 0xF8,
            0x03, 0x40, 0x02, 0x28, 0xA0, 0x0F, 0x36, 0xCC, 0x87, 0xF2, 0xFF, 0xFF, 0xFF, 0xFF, 0x03, 0xB0,
            0x06, 0x80, 0x04, 0x4C, 0x44, 0x38, 0xC0, 0x03, 0x3C, 0xC8, 0xC3, 0x3B, 0xE0, 0x43, 0x1B, 0x98,
            0x43, 0x3D, 0xB8, 0xC3, 0x38, 0xB4, 0x81, 0x39, 0xC0, 0x43, 0x1B, 0xB4, 0x43, 0x38, 0xD0, 0x03,
            0x3A, 0x00, 0xF4, 0x20, 0x0F, 0xF5, 0x50, 0x0E, 0x00, 0x61, 0x0E, 0xF2, 0x10, 0x0E, 0xED, 0x50,
            0x0E, 0x6D, 0x00, 0x0F, 0xEF, 0x90, 0x0E, 0xEE, 0x40, 0x0F, 0xE5, 0x20, 0x0F, 0x40, 0x38, 0xB0,
            0x03, 0x3B, 0x00, 0x44, 0x3B, 0xA4, 0x83, 0x3B, 0xB4, 0x01, 0x3B, 0x94, 0xC3, 0x39, 0x84, 0x03,
            0x3B, 0xB4, 0x81, 0x3D, 0x94, 0xC3, 0x38, 0xD0, 0xC3, 0x3B, 0xC8, 0x43, 0x1B, 0xDC, 0x43, 0x3A,
            0x90, 0x03, 0x3D, 0xA0, 0x03, 0x10, 0x07, 0x72, 0x80, 0x07, 0xC0, 0xE0, 0x0E, 0xEF, 0xD0, 0x06,
            0xE2, 0x50, 0x0F, 0xE9, 0xC0, 0x0E, 0xF4, 0x90, 0x0E, 0xEE, 0x30, 0x0F, 0x00, 0xE1, 0x0E, 0xEF,
            0xD0, 0x06, 0xE9, 0xE0, 0x0E, 0xE6, 0x30, 0x0F, 0x6D, 0x60, 0x0E, 0xF0, 0xD0, 0x06, 0xED, 0x10,
            0x0E, 0xF4, 0x80, 0x0E, 0x00, 0x3D, 0xC8, 0x43, 0x3D, 0x94, 0x03, 0x40, 0xB8, 0xC3, 0x3B, 0xB4,
            0x81, 0x3B, 0x84, 0x83, 0x3B, 0xCC, 0x43, 0x1B, 0x98, 0x03, 0x3C, 0xB4, 0x41, 0x3B, 0x84, 0x03,
            0x3D, 0xA0, 0x03, 0x40, 0x0F, 0xF2, 0x50, 0x0F, 0xE5, 0x00, 0x10, 0xEE, 0xF0, 0x0E, 0x6D, 0x30,
            0x0F, 0xE9, 0x70, 0x0E, 0xEE, 0x50, 0x0E, 0xE4, 0xD0, 0x06, 0xFA, 0x50, 0x0E, 0xF2, 0xF0, 0x0E,
            0xF3, 0xD0, 0x06, 0xE6, 0x00, 0x0F, 0x6D, 0xD0, 0x0E, 0xE1, 0x40, 0x0F, 0xE8, 0x00, 0xD0, 0x83,
            0x3C, 0xD4, 0x43, 0x39, 0x00, 0x84, 0x3B, 0xBC, 0x43, 0x1B, 0xD0, 0x83, 0x3C, 0x84, 0x03, 0x3C,
            0xC0, 0x43, 0x3A, 0xB8, 0xC3, 0x39, 0xB4, 0x41, 0x3B, 0x84, 0x03, 0x3D, 0xA0, 0x03, 0x40, 0x0F,
            0xF2, 0x50, 0x0F, 0xE5, 0x00, 0x10, 0xF3, 0x40, 0x0F, 0xE1, 0x30, 0x0E, 0xEB, 0xD0, 0x06, 0xF0,
            0x20, 0x0F, 0xEF, 0x40, 0x0F, 0xE5, 0x30, 0x0E, 0xF4, 0xF0, 0x0E, 0xF2, 0xD0, 0x06, 0xE2, 0x50,
            0x0F, 0xE6, 0x60, 0x0E, 0xE5, 0x20, 0x0F, 0x6D, 0x30, 0x0F, 0xE9, 0xA0, 0x0F, 0xE5, 0x00, 0xE0,
            0x01, 0x40, 0xD4, 0x83, 0x3B, 0xCC, 0x43, 0x38, 0x98, 0x43, 0x39, 0xB4, 0x81, 0x39, 0xC0, 0x43,
            0x1B, 0xB4, 0x43, 0x38, 0xD0, 0x03, 0x3A, 0x00, 0xF4, 0x20, 0x0F, 0xF5, 0x50, 0x0E, 0xC0, 0x06,
            0x62, 0x11, 0x00, 0x52, 0xD8, 0x40, 0x30, 0x03, 0x40, 0x0A, 0x1B, 0x8C, 0x86, 0x00, 0x16, 0x80,
            0x14, 0x36, 0x20, 0x4E, 0x01, 0x2C, 0x00, 0x29, 0x00, 0xD5, 0x06, 0xE4, 0xF9, 0xFF, 0xFF, 0xFF,
            0xFF, 0x01, 0x30, 0x05, 0x40, 0x02, 0xFA, 0x60, 0x83, 0x7E, 0x40, 0xFF, 0xFF, 0xFF, 0xFF, 0x3F,
            0x00, 0x6D, 0x00, 0x98, 0x02, 0xE0, 0x07, 0xC0, 0x1F, 0x00, 0x12, 0x30, 0x01, 0x7D, 0x40, 0x84,
            0x03, 0x3C, 0xC0, 0x83, 0x3C, 0xBC, 0x03, 0x3E, 0xB4, 0x81, 0x39, 0xD4, 0x83, 0x3B, 0x8C, 0x43,
            0x1B, 0x98, 0x03, 0x3C, 0xB4, 0x41, 0x3B, 0x84, 0x03, 0x3D, 0xA0, 0x03, 0x40, 0x0F, 0xF2, 0x50,
            0x0F, 0xE5, 0x00, 0x10, 0xE6, 0x20, 0x0F, 0xE1, 0xD0, 0x0E, 0xE5, 0xD0, 0x06, 0xF0, 0xF0, 0x0E,
            0xE9, 0xE0, 0x0E, 0xF4, 0x50, 0x0E, 0xF2, 0x00, 0x84, 0x03, 0x3B, 0xB0, 0x03, 0x40, 0xB4, 0x43,
            0x3A, 0xB8, 0x43, 0x1B, 0xB0, 0x43, 0x39, 0x9C, 0x43, 0x38, 0xB0, 0x43, 0x1B, 0xD8, 0x43, 0x39,
            0x8C, 0x03, 0x3D, 0xBC, 0x83, 0x3C, 0xB4, 0xC1, 0x3D, 0xA4, 0x03, 0x39, 0xD0, 0x03, 0x3A, 0x00,
            0x79, 0x60, 0x07, 0xC0, 0xE0, 0x0E, 0xEF, 0xD0, 0x06, 0xE2, 0x50, 0x0F, 0xE9, 0xC0, 0x0E, 0xF4,
            0x90, 0x0E, 0xEE, 0x30, 0x0F, 0x00, 0xE1, 0x0E, 0xEF, 0xD0, 0x06, 0xE9, 0xE0, 0x0E, 0xE6, 0x30,
            0x0F, 0x6D, 0x60, 0x0E, 0xF0, 0xD0, 0x06, 0xED, 0x10, 0x0E, 0xF4, 0x80, 0x0E, 0x00, 0x3D, 0xC8,
            0x43, 0x3D, 0x94, 0x03, 0x40, 0xB8, 0xC3, 0x3B, 0xB4, 0x81, 0x3B, 0x84, 0x83, 0x3B, 0xCC, 0x43,
            0x1B, 0x98, 0x03, 0x3C, 0xB4, 0x41, 0x3B, 0x84, 0x03, 0x3D, 0xA0, 0x03, 0x40, 0x0F, 0xF2, 0x50,
            0x0F, 0xE5, 0x00, 0x10, 0xEE, 0xF0, 0x0E, 0x6D, 0x30, 0x0F, 0xE9, 0x70, 0x0E, 0xEE, 0x50, 0x0E,
            0xE4, 0xD0, 0x06, 0xFA, 0x50, 0x0E, 0xF2, 0xF0, 0x0E, 0xF3, 0xD0, 0x06, 0xE6, 0x00, 0x0F, 0x6D,
            0xD0, 0x0E, 0xE1, 0x40, 0x0F, 0xE8, 0x00, 0xD0, 0x83, 0x3C, 0xD4, 0x43, 0x39, 0x00, 0x84, 0x3B,
            0xBC, 0x43, 0x1B, 0xD0, 0x83, 0x3C, 0x84, 0x03, 0x3C, 0xC0, 0x43, 0x3A, 0xB8, 0xC3, 0x39, 0xB4,
            0x41, 0x3B, 0x84, 0x03, 0x3D, 0xA0, 0x03, 0x40, 0x0F, 0xF2, 0x50, 0x0F, 0xE5, 0x00, 0x10, 0xF3,
            0x40, 0x0F, 0xE1, 0x30, 0x0E, 0xEB, 0xD0, 0x06, 0xF0, 0x20, 0x0F, 0xEF, 0x40, 0x0F, 0xE5, 0x30,
            0x0E, 0xF4, 0xF0, 0x0E, 0xF2, 0xD0, 0x06, 0xE2, 0x50, 0x0F, 0xE6, 0x60, 0x0E, 0xE5, 0x20, 0x0F,
            0x6D, 0x30, 0x0F, 0xE9, 0xA0, 0x0F, 0xE5, 0x00, 0xE0, 0x01, 0x40, 0xD4, 0x83, 0x3B, 0xCC, 0x43,
            0x38, 0x98, 0x43, 0x39, 0xB4, 0x81, 0x39, 0xC0, 0x43, 0x1B, 0xB4, 0x43, 0x38, 0xD0, 0x03, 0x3A,
            0x00, 0xF4, 0x20, 0x0F, 0xF5, 0x50, 0x0E, 0xC0, 0x06, 0x23, 0x12, 0x80, 0x05, 0x20, 0x85, 0x0D,
            0x86, 0x34, 0x00, 0x0B, 0x40, 0x0A, 0x1B, 0xEC, 0x63, 0xFA, 0xFF, 0xFF, 0xFF, 0xFF, 0x01, 0x58,
            0x03, 0xC0, 0x14, 0x00, 0x09, 0x98, 0x80, 0x3E, 0x20, 0xC2, 0x01, 0x1E, 0xE0, 0x41, 0x1E, 0xDE,
            0x01, 0x1F, 0xDA, 0xC0, 0x1C, 0xEA, 0xC1, 0x1D, 0xC6, 0xA1, 0x0D, 0xCC, 0x01, 0x1E, 0xDA, 0xA0,
            0x1D, 0xC2, 0x81, 0x1E, 0xD0, 0x01, 0xA0, 0x07, 0x79, 0xA8, 0x87, 0x72, 0x00, 0x08, 0x73, 0x90,
            0x87, 0x70, 0x68, 0x87, 0x72, 0x68, 0x03, 0x78, 0x78, 0x87, 0x74, 0x70, 0x07, 0x7A, 0x28, 0x07,
            0x79, 0x00, 0xC2, 0x81, 0x1D, 0xD8, 0x01, 0x20, 0xDA, 0x21, 0x1D, 0xDC, 0xA1, 0x0D, 0xD8, 0xA1,
            0x1C, 0xCE, 0x21, 0x1C, 0xD8, 0xA1, 0x0D, 0xEC, 0xA1, 0x1C, 0xC6, 0x81, 0x1E, 0xDE, 0x41, 0x1E,
            0xDA, 0xE0, 0x1E, 0xD2, 0x81, 0x1C, 0xE8, 0x01, 0x1D, 0x80, 0x3C, 0xB0, 0x03, 0x60, 0x70, 0x87,
            0x77, 0x68, 0x03, 0x71, 0xA8, 0x87, 0x74, 0x60, 0x07, 0x7A, 0x48, 0x07, 0x77, 0x98, 0x07, 0x80,
            0x70, 0x87, 0x77, 0x68, 0x83, 0x74, 0x70, 0x07, 0x73, 0x98, 0x87, 0x36, 0x30, 0x07, 0x78, 0x68,
            0x83, 0x76, 0x08, 0x07, 0x7A, 0x40, 0x07, 0x80, 0x1E, 0xE4, 0xA1, 0x1E, 0xCA, 0x01, 0x20, 0xDC,
            0xE1, 0x1D, 0xDA, 0xC0, 0x1D, 0xC2, 0xC1, 0x1D, 0xE6, 0xA1, 0x0D, 0xCC, 0x01, 0x1E, 0xDA, 0xA0,
            0x1D, 0xC2, 0x81, 0x1E, 0xD0, 0x01, 0xA0, 0x07, 0x79, 0xA8, 0x87, 0x72, 0x00, 0x08, 0x77, 0x78,
            0x87, 0x36, 0x98, 0x87, 0x74, 0x38, 0x07, 0x77, 0x28, 0x07, 0x72, 0x68, 0x03, 0x7D, 0x28, 0x07,
            0x79, 0x78, 0x87, 0x79, 0x68, 0x03, 0x73, 0x80, 0x87, 0x36, 0x68, 0x87, 0x70, 0xA0, 0x07, 0x74,
            0x00, 0xE8, 0x41, 0x1E, 0xEA, 0xA1, 0x1C, 0x00, 0xC2, 0x1D, 0xDE, 0xA1, 0x0D, 0xE8, 0x41, 0x1E,
            0xC2, 0x01, 0x1E, 0xE0, 0x21, 0x1D, 0xDC, 0xE1, 0x1C, 0xDA, 0xA0, 0x1D, 0xC2, 0x81, 0x1E, 0xD0,
            0x01, 0xA0, 0x07, 0x79, 0xA8, 0x87, 0x72, 0x00, 0x88, 0x79, 0xA0, 0x87, 0x70, 0x18, 0x87, 0x75,
            0x68, 0x03, 0x78, 0x90, 0x87, 0x77, 0xA0, 0x87, 0x72, 0x18, 0x07, 0x7A, 0x78, 0x07, 0x79, 0x68,
            0x03, 0x71, 0xA8, 0x07, 0x73, 0x30, 0x87, 0x72, 0x90, 0x87, 0x36, 0x98, 0x87, 0x74, 0xD0, 0x87,
            0x72, 0x00, 0xF0, 0x00, 0x20, 0xEA, 0xC1, 0x1D, 0xE6, 0x21, 0x1C, 0xCC, 0xA1, 0x1C, 0xDA, 0xC0,
            0x1C, 0xE0, 0xA1, 0x0D, 0xDA, 0x21, 0x1C, 0xE8, 0x01, 0x1D, 0x00, 0x7A, 0x90, 0x87, 0x7A, 0x28,
            0x07, 0x60, 0x03, 0x41, 0x11, 0x00, 0x29, 0x6C, 0x20, 0x2A, 0x03, 0x20, 0x85, 0x0D, 0x84, 0x75,
            0x00, 0xA4, 0xB0, 0xC1, 0xB8, 0x10, 0x60, 0x01, 0x48, 0x61, 0x03, 0x82, 0x25, 0xC0, 0x02, 0x90,
            0x02, 0x50, 0x6D, 0xE0, 0x8F, 0xEC, 0xFF, 0xFF, 0xFF, 0xFF, 0x07, 0xA0, 0x0D, 0x00, 0x53, 0x00,
            0xFC, 0x00, 0xF8, 0x03, 0x40, 0x02, 0x26, 0xA0, 0x02, 0xFA, 0x80, 0x08, 0x07, 0x78, 0x80, 0x07,
            0x79, 0x78, 0x07, 0x7C, 0x68, 0x03, 0x73, 0xA8, 0x07, 0x77, 0x18, 0x87, 0x36, 0x30, 0x07, 0x78,
            0x68, 0x83, 0x76, 0x08, 0x07, 0x7A, 0x40, 0x07, 0x80, 0x1E, 0xE4, 0xA1, 0x1E, 0xCA, 0x01, 0x20,
            0xCC, 0x41, 0x1E, 0xC2, 0xA1, 0x1D, 0xCA, 0xA1, 0x0D, 0xE0, 0xE1, 0x1D, 0xD2, 0xC1, 0x1D, 0xE8,
            0xA1, 0x1C, 0xE4, 0x01, 0x08, 0x07, 0x76, 0x60, 0x07, 0x80, 0x68, 0x87, 0x74, 0x70, 0x87, 0x36,
            0x60, 0x87, 0x72, 0x38, 0x87, 0x70, 0x60, 0x87, 0x36, 0xB0, 0x87, 0x72, 0x18, 0x07, 0x7A, 0x78,
            0x07, 0x79, 0x68, 0x83, 0x7B, 0x48, 0x07, 0x72, 0xA0, 0x07, 0x74, 0x00, 0xF2, 0xC0, 0x0E, 0x80,
            0xC1, 0x1D, 0xDE, 0xA1, 0x0D, 0xC4, 0xA1, 0x1E, 0xD2, 0x81, 0x1D, 0xE8, 0x21, 0x1D, 0xDC, 0x61,
            0x1E, 0x00, 0xC2, 0x1D, 0xDE, 0xA1, 0x0D, 0xD2, 0xC1, 0x1D, 0xCC, 0x61, 0x1E, 0xDA, 0xC0, 0x1C,
            0xE0, 0xA1, 0x0D, 0xDA, 0x21, 0x1C, 0xE8, 0x01, 0x1D, 0x00, 0x7A, 0x90, 0x87, 0x7A, 0x28, 0x07,
            0x80, 0x70, 0x87, 0x77, 0x68, 0x03, 0x77, 0x08, 0x07, 0x77, 0x98, 0x87, 0x36, 0x30, 0x07, 0x78,
            0x68, 0x83, 0x76, 0x08, 0x07, 0x7A, 0x40, 0x07, 0x80, 0x1E, 0xE4, 0xA1, 0x1E, 0xCA, 0x01, 0x20,
            0xDC, 0xE1, 0x1D, 0xDA, 0x60, 0x1E, 0xD2, 0xE1, 0x1C, 0xDC, 0xA1, 0x1C, 0xC8, 0xA1, 0x0D, 0xF4,
            0xA1, 0x1C, 0xE4, 0xE1, 0x1D, 0xE6, 0xA1, 0x0D, 0xCC, 0x01, 0x1E, 0xDA, 0xA0, 0x1D, 0xC2, 0x81,
            0x1E, 0xD0, 0x01, 0xA0, 0x07, 0x79, 0xA8, 0x87, 0x72, 0x00, 0x08, 0x77, 0x78, 0x87, 0x36, 0xA0,
            0x07, 0x79, 0x08, 0x07, 0x78, 0x80, 0x87, 0x74, 0x70, 0x87, 0x73, 0x68, 0x83, 0x76, 0x08, 0x07,
            0x7A, 0x40, 0x07, 0x80, 0x1E, 0xE4, 0xA1, 0x1E, 0xCA, 0x01, 0x20, 0xE6, 0x81, 0x1E, 0xC2, 0x61,
            0x1C, 0xD6, 0xA1, 0x0D, 0xE0, 0x41, 0x1E, 0xDE, 0x81, 0x1E, 0xCA, 0x61, 0x1C, 0xE8, 0xE1, 0x1D,
            0xE4, 0xA1, 0x0D, 0xC4, 0xA1, 0x1E, 0xCC, 0xC1, 0x1C, 0xCA, 0x41, 0x1E, 0xDA, 0x60, 0x1E, 0xD2,
            0x41, 0x1F, 0xCA, 0x01, 0xC0, 0x03, 0x80, 0xA8, 0x07, 0x77, 0x98, 0x87, 0x70, 0x30, 0x87, 0x72,
            0x68, 0x03, 0x73, 0x80, 0x87, 0x36, 0x68, 0x87, 0x70, 0xA0, 0x07, 0x74, 0x00, 0xE8, 0x41, 0x1E,
            0xEA, 0xA1, 0x1C, 0x80, 0x0D, 0x88, 0x46, 0x00, 0x0B, 0x40, 0x0A, 0x40, 0xB5, 0x41, 0x3F, 0xB6,
            0xFF, 0xFF, 0xFF, 0xFF, 0x1F, 0x00, 0x53, 0x00, 0xFC, 0x00, 0xF8, 0x03, 0x40, 0x02, 0x26, 0x80,
            0x02, 0xFA, 0x80, 0x08, 0x07, 0x78, 0x80, 0x07, 0x79, 0x78, 0x07, 0x7C, 0x68, 0x03, 0x73, 0xA8,
            0x07, 0x77, 0x18, 0x87, 0x36, 0x30, 0x07, 0x78, 0x68, 0x83, 0x76, 0x08, 0x07, 0x7A, 0x40, 0x07,
            0x80, 0x1E, 0xE4, 0xA1, 0x1E, 0xCA, 0x01, 0x20, 0xCC, 0x41, 0x1E, 0xC2, 0xA1, 0x1D, 0xCA, 0xA1,
            0x0D, 0xE0, 0xE1, 0x1D, 0xD2, 0xC1, 0x1D, 0xE8, 0xA1, 0x1C, 0xE4, 0x01, 0x08, 0x07, 0x76, 0x60,
            0x07, 0x80, 0x68, 0x87, 0x74, 0x70, 0x87, 0x36, 0x60, 0x87, 0x72, 0x38, 0x87, 0x70, 0x60, 0x87,
            0x36, 0xB0, 0x87, 0x72, 0x18, 0x07, 0x7A, 0x78, 0x07, 0x79, 0x68, 0x83, 0x7B, 0x48, 0x07, 0x72,
            0xA0, 0x07, 0x74, 0x00, 0xF2, 0xC0, 0x0E, 0x80, 0xC1, 0x1D, 0xDE, 0xA1, 0x0D, 0xC4, 0xA1, 0x1E,
            0xD2, 0x81, 0x1D, 0xE8, 0x21, 0x1D, 0xDC, 0x61, 0x1E, 0x00, 0xC2, 0x1D, 0xDE, 0xA1, 0x0D, 0xD2,
            0xC1, 0x1D, 0xCC, 0x61, 0x1E, 0xDA, 0xC0, 0x1C, 0xE0, 0xA1, 0x0D, 0xDA, 0x21, 0x1C, 0xE8, 0x01,
            0x1D, 0x00, 0x7A, 0x90, 0x87, 0x7A, 0x28, 0x07, 0x80, 0x70, 0x87, 0x77, 0x68, 0x03, 0x77, 0x08,
            0x07, 0x77, 0x98, 0x87, 0x36, 0x30, 0x07, 0x78, 0x68, 0x83, 0x76, 0x08, 0x07, 0x7A, 0x40, 0x07,
            0x80, 0x1E, 0xE4, 0xA1, 0x1E, 0xCA, 0x01, 0x20, 0xDC, 0xE1, 0x1D, 0xDA, 0x60, 0x1E, 0xD2, 0xE1,
            0x1C, 0xDC, 0xA1, 0x1C, 0xC8, 0xA1, 0x0D, 0xF4, 0xA1, 0x1C, 0xE4, 0xE1, 0x1D, 0xE6, 0xA1, 0x0D,
            0xCC, 0x01, 0x1E, 0xDA, 0xA0, 0x1D, 0xC2, 0x81, 0x1E, 0xD0, 0x01, 0xA0, 0x07, 0x79, 0xA8, 0x87,
            0x72, 0x00, 0x08, 0x77, 0x78, 0x87, 0x36, 0xA0, 0x07, 0x79, 0x08, 0x07, 0x78, 0x80, 0x87, 0x74,
            0x70, 0x87, 0x73, 0x68, 0x83, 0x76, 0x08, 0x07, 0x7A, 0x40, 0x07, 0x80, 0x1E, 0xE4, 0xA1, 0x1E,
            0xCA, 0x01, 0x20, 0xE6, 0x81, 0x1E, 0xC2, 0x61, 0x1C, 0xD6, 0xA1, 0x0D, 0xE0, 0x41, 0x1E, 0xDE,
            0x81, 0x1E, 0xCA, 0x61, 0x1C, 0xE8, 0xE1, 0x1D, 0xE4, 0xA1, 0x0D, 0xC4, 0xA1, 0x1E, 0xCC, 0xC1,
            0x1C, 0xCA, 0x41, 0x1E, 0xDA, 0x60, 0x1E, 0xD2, 0x41, 0x1F, 0xCA, 0x01, 0xC0, 0x03, 0x80, 0xA8,
            0x07, 0x77, 0x98, 0x87, 0x70, 0x30, 0x87, 0x72, 0x68, 0x03, 0x73, 0x80, 0x87, 0x36, 0x68, 0x87,
            0x70, 0xA0, 0x07, 0x74, 0x00, 0xE8, 0x41, 0x1E, 0xEA, 0xA1, 0x1C, 0x80, 0x0D, 0x04, 0x57, 0x00,
            0xA4, 0xB0, 0x81, 0x3E, 0xBA, 0xFF, 0xFF, 0xFF, 0xFF, 0x1F, 0x00, 0x53, 0x00, 0x24, 0x60, 0x02,
            0xFA, 0x80, 0x08, 0x07, 0x78, 0x80, 0x07, 0x79, 0x78, 0x07, 0x7C, 0x68, 0x03, 0x73, 0xA8, 0x07,
            0x77, 0x18, 0x87, 0x36, 0x30, 0x07, 0x78, 0x68, 0x83, 0x76, 0x08, 0x07, 0x7A, 0x40, 0x07, 0x80,
            0x1E, 0xE4, 0xA1, 0x1E, 0xCA, 0x01, 0x20, 0xCC, 0x41, 0x1E, 0xC2, 0xA1, 0x1D, 0xCA, 0xA1, 0x0D,
            0xE0, 0xE1, 0x1D, 0xD2, 0xC1, 0x1D, 0xE8, 0xA1, 0x1C, 0xE4, 0x01, 0x08, 0x07, 0x76, 0x60, 0x07,
            0x80, 0x68, 0x87, 0x74, 0x70, 0x87, 0x36, 0x60, 0x87, 0x72, 0x38, 0x87, 0x70, 0x60, 0x87, 0x36,
            0xB0, 0x87, 0x72, 0x18, 0x07, 0x7A, 0x78, 0x07, 0x79, 0x68, 0x83, 0x7B, 0x48, 0x07, 0x72, 0xA0,
            0x07, 0x74, 0x00, 0xF2, 0xC0, 0x0E, 0x80, 0xC1, 0x1D, 0xDE, 0xA1, 0x0D, 0xC4, 0xA1, 0x1E, 0xD2,
            0x81, 0x1D, 0xE8, 0x21, 0x1D, 0xDC, 0x61, 0x1E, 0x00, 0xC2, 0x1D, 0xDE, 0xA1, 0x0D, 0xD2, 0xC1,
            0x1D, 0xCC, 0x61, 0x1E, 0xDA, 0xC0, 0x1C, 0xE0, 0xA1, 0x0D, 0xDA, 0x21, 0x1C, 0xE8, 0x01, 0x1D,
            0x00, 0x7A, 0x90, 0x87, 0x7A, 0x28, 0x07, 0x80, 0x70, 0x87, 0x77, 0x68, 0x03, 0x77, 0x08, 0x07,
            0x77, 0x98, 0x87, 0x36, 0x30, 0x07, 0x78, 0x68, 0x83, 0x76, 0x08, 0x07, 0x7A, 0x40, 0x07, 0x80,
            0x1E, 0xE4, 0xA1, 0x1E, 0xCA, 0x01, 0x20, 0xDC, 0xE1, 0x1D, 0xDA, 0x60, 0x1E, 0xD2, 0xE1, 0x1C,
            0xDC, 0xA1, 0x1C, 0xC8, 0xA1, 0x0D, 0xF4, 0xA1, 0x1C, 0xE4, 0xE1, 0x1D, 0xE6, 0xA1, 0x0D, 0xCC,
            0x01, 0x1E, 0xDA, 0xA0, 0x1D, 0xC2, 0x81, 0x1E, 0xD0, 0x01, 0xA0, 0x07, 0x79, 0xA8, 0x87, 0x72,
            0x00, 0x08, 0x77, 0x78, 0x87, 0x36, 0xA0, 0x07, 0x79, 0x08, 0x07, 0x78, 0x80, 0x87, 0x74, 0x70,
            0x87, 0x73, 0x68, 0x83, 0x76, 0x08, 0x07, 0x7A, 0x40, 0x07, 0x80, 0x1E, 0xE4, 0xA1, 0x1E, 0xCA,
            0x01, 0x20, 0xE6, 0x81, 0x1E, 0xC2, 0x61, 0x1C, 0xD6, 0xA1, 0x0D, 0xE0, 0x41, 0x1E, 0xDE, 0x81,
            0x1E, 0xCA, 0x61, 0x1C, 0xE8, 0xE1, 0x1D, 0xE4, 0xA1, 0x0D, 0xC4, 0xA1, 0x1E, 0xCC, 0xC1, 0x1C,
            0xCA, 0x41, 0x1E, 0xDA, 0x60, 0x1E, 0xD2, 0x41, 0x1F, 0xCA, 0x01, 0xC0, 0x03, 0x80, 0xA8, 0x07,
            0x77, 0x98, 0x87, 0x70, 0x30, 0x87, 0x72, 0x68, 0x03, 0x73, 0x80, 0x87, 0x36, 0x68, 0x87, 0x70,
            0xA0, 0x07, 0x74, 0x00, 0xE8, 0x41, 0x1E, 0xEA, 0xA1, 0x1C, 0x80, 0x0D, 0x84, 0x07, 0x00, 0x62,
            0xB0, 0xC1, 0xF9, 0xFE, 0xFF, 0xFF, 0xFF, 0x7F, 0x00, 0xDA, 0x00, 0x30, 0x05, 0xC0, 0x0F, 0x00,
            0x09, 0xA8, 0x80, 0x3E, 0xD8, 0x60, 0x80, 0x41, 0x00, 0x2C, 0x40, 0xB5, 0x81, 0x08, 0x03, 0x03,
            0xA8, 0x36, 0x28, 0x62, 0xF0, 0xFF, 0xFF, 0xFF, 0xFF, 0x03, 0xD0, 0x06, 0x80, 0x1F, 0x00, 0x12,
            0xD0, 0x07, 0x1B, 0x90, 0x31, 0x08, 0x80, 0x04, 0x58, 0x00, 0x3A, 0xD8, 0x80, 0x90, 0x81, 0x00,
            0x24, 0xC0, 0x02, 0x54, 0x1B, 0x88, 0x32, 0x20, 0x00, 0x3E, 0xD8, 0x40, 0x98, 0xC1, 0xFF, 0xFF,
            0xFF, 0xFF, 0x0F, 0x80, 0xB4, 0x81, 0x38, 0x03, 0x01, 0x38, 0x83, 0x0D, 0x08, 0x1A, 0xFC, 0xFF,
            0xFF, 0xFF, 0xFF, 0x00, 0x48, 0x00, 0x05, 0xF4, 0xC1, 0x86, 0x2A, 0x0D, 0xFE, 0xFF, 0xFF, 0xFF,
            0x7F, 0x00, 0xD6, 0x00, 0x50, 0x80, 0x69, 0x70, 0x87, 0x77, 0x68, 0x03, 0x71, 0xA8, 0x87, 0x74,
            0x60, 0x07, 0x7A, 0x48, 0x07, 0x77, 0x98, 0x07, 0x60, 0x83, 0xA1, 0x06, 0x04, 0x40, 0x0A, 0xC0,
            0x19, 0x6C, 0x30, 0xD6, 0xA0, 0x00, 0x48, 0x01, 0x38, 0x83, 0x0D, 0x08, 0x1B, 0xFC, 0xFF, 0xFF,
            0xFF, 0xFF, 0x00, 0xB4, 0x01, 0x20, 0x01, 0x7D, 0xB0, 0xC1, 0x68, 0x83, 0xFF, 0xFF, 0xFF, 0xFF,
            0x1F, 0x00, 0x09, 0xE8, 0x83, 0x0D, 0x8A, 0x1B, 0xFC, 0xFF, 0xFF, 0xFF, 0xFF, 0x00, 0xB4, 0x01,
            0x20, 0x01, 0x15, 0xD0, 0x07, 0x1B, 0x98, 0x37, 0x08, 0x00, 0x52, 0x00, 0xCE, 0x20, 0x08, 0x88,
            0x20, 0x0D, 0xC0, 0x60, 0x83, 0x02, 0x07, 0x02, 0x40, 0x0A, 0x41, 0x40, 0x04, 0x69, 0x00, 0x06,
            0x1B, 0x88, 0x38, 0x40, 0x00, 0x52, 0xD8, 0x60, 0xC8, 0x41, 0x02, 0x90, 0x02, 0x70, 0x06, 0x1B,
            0xA6, 0x39, 0xF8, 0xFF, 0xFF, 0xFF, 0xFF, 0x01, 0x50, 0x80, 0x69, 0x70, 0x87, 0x77, 0x68, 0x03,
            0x71, 0xA8, 0x87, 0x74, 0x60, 0x07, 0x7A, 0x48, 0x07, 0x77, 0x98, 0x07, 0x60, 0x83, 0x41, 0x07,
            0x03, 0x40, 0x0A, 0xC0, 0x19, 0x6C, 0x30, 0xEA, 0x40, 0x00, 0x48, 0x01, 0x38, 0x03, 0x00, 0x00,
            0x49, 0x18, 0x00, 0x00, 0x29, 0x00, 0x00, 0x00, 0x13, 0x86, 0x40, 0x18, 0x26, 0x0C, 0x44, 0x61,
            0x4C, 0x10, 0x0E, 0x64, 0x42, 0x90, 0x4C, 0x30, 0x14, 0x61, 0x61, 0x1A, 0x67, 0x42, 0xF0, 0x4C,
            0x18, 0x20, 0x21, 0x9A, 0x40, 0x40, 0xC2, 0x22, 0x4D, 0x50, 0x26, 0x61, 0x61, 0x28, 0xA7, 0xB2,
            0x2E, 0x6C, 0x42, 0x91, 0x09, 0x0B, 0xA3, 0x4D, 0x30, 0x36, 0x61, 0x61, 0x28, 0x6E, 0x82, 0xD1,
            0x79, 0xC2, 0xC2, 0x68, 0x13, 0x84, 0x0F, 0x0C, 0x26, 0x08, 0x4F, 0x18, 0x4C, 0x20, 0xC4, 0x60,
            0x0C, 0xC8, 0xA0, 0x0C, 0x26, 0x08, 0x66, 0x70, 0x06, 0x13, 0x02, 0x34, 0x98, 0x60, 0xA4, 0x81,
            0xB0, 0x30, 0x6A, 0xB0, 0x06, 0x13, 0x04, 0x36, 0x40, 0x26, 0x04, 0x6D, 0x30, 0x41, 0x68, 0x83,
            0x30, 0x98, 0x20, 0xB8, 0x01, 0x18, 0x4C, 0x10, 0xDE, 0x00, 0x0E, 0x26, 0x28, 0x69, 0x20, 0x2C,
            0x0C, 0xB5, 0x06, 0x95, 0x15, 0x07, 0x72, 0x30, 0x81, 0x98, 0x03, 0x61, 0xA1, 0x83, 0x09, 0xC3,
            0x1C, 0x08, 0x75, 0x30, 0xC1, 0x98, 0x03, 0x4F, 0x58, 0x18, 0x6A, 0x82, 0x31, 0x07, 0xC2, 0xC2,
            0x50, 0xDC, 0x84, 0x62, 0x0E, 0x84, 0x85, 0xA1, 0x00, 0x00, 0x00, 0x00, 0x13, 0xB8, 0x70, 0x48,
            0x07, 0x79, 0xB0, 0x03, 0x3A, 0xF8, 0x05, 0x7B, 0x90, 0x03, 0x3C, 0x68, 0x83, 0x70, 0x80, 0x07,
            0x78, 0x60, 0x87, 0x72, 0x68, 0x83, 0x76, 0x08, 0x87, 0x71, 0x78, 0x87, 0x79, 0xC0, 0x07, 0x39,
            0xB0, 0x03, 0x37, 0x80, 0x03, 0x37, 0x80, 0x83, 0x0D, 0xB7, 0x51, 0x0E, 0x6D, 0x00, 0x0F, 0x7A,
            0x60, 0x07, 0x74, 0xA0, 0x07, 0x76, 0x40, 0x07, 0x7A, 0x60, 0x07, 0x74, 0xD0, 0x06, 0xE9, 0x10,
            0x07, 0x7A, 0x80, 0x07, 0x7A, 0x80, 0x07, 0x6D, 0x90, 0x0E, 0x78, 0xA0, 0x07, 0x78, 0xA0, 0x07,
            0x78, 0xD0, 0x06, 0xE9, 0x10, 0x07, 0x76, 0xA0, 0x07, 0x71, 0x60, 0x07, 0x7A, 0x10, 0x07, 0x76,
            0xD0, 0x06, 0xE9, 0x30, 0x07, 0x72, 0xA0, 0x07, 0x73, 0x20, 0x07, 0x7A, 0x30, 0x07, 0x72, 0xD0,
            0x06, 0xE9, 0x60, 0x07, 0x74, 0xA0, 0x07, 0x76, 0x40, 0x07, 0x7A, 0x60, 0x07, 0x74, 0xD0, 0x06,
            0xE6, 0x30, 0x07, 0x72, 0xA0, 0x07, 0x73, 0x20, 0x07, 0x7A, 0x30, 0x07, 0x72, 0xD0, 0x06, 0xE6,
            0x60, 0x07, 0x74, 0xA0, 0x07, 0x76, 0x40, 0x07, 0x7A, 0x60, 0x07, 0x74, 0xD0, 0x06, 0xF6, 0x10,
            0x07, 0x76, 0xA0, 0x07, 0x71, 0x60, 0x07, 0x7A, 0x10, 0x07, 0x76, 0xD0, 0x06, 0xF6, 0x20, 0x07,
            0x74, 0xA0, 0x07, 0x73, 0x20, 0x07, 0x7A, 0x30, 0x07, 0x72, 0xD0, 0x06, 0xF6, 0x30, 0x07, 0x72,
            0xA0, 0x07, 0x73, 0x20, 0x07, 0x7A, 0x30, 0x07, 0x72, 0xD0, 0x06, 0xF6, 0x40, 0x07, 0x78, 0xA0,
            0x07, 0x76, 0x40, 0x07, 0x7A, 0x60, 0x07, 0x74, 0xD0, 0x06, 0xF6, 0x60, 0x07, 0x74, 0xA0, 0x07,
            0x76, 0x40, 0x07, 0x7A, 0x60, 0x07, 0x74, 0xD0, 0x06, 0xF6, 0x90, 0x07, 0x76, 0xA0, 0x07, 0x71,
            0x20, 0x07, 0x78, 0xA0, 0x07, 0x71, 0x20, 0x07, 0x78, 0xD0, 0x06, 0xF6, 0x10, 0x07, 0x72, 0x80,
            0x07, 0x7A, 0x10, 0x07, 0x72, 0x80, 0x07, 0x7A, 0x10, 0x07, 0x72, 0x80, 0x07, 0x6D, 0x60, 0x0F,
            0x71, 0x90, 0x07, 0x72, 0xA0, 0x07, 0x72, 0x50, 0x07, 0x76, 0xA0, 0x07, 0x72, 0x50, 0x07, 0x76,
            0xD0, 0x06, 0xF6, 0x20, 0x07, 0x75, 0x60, 0x07, 0x7A, 0x20, 0x07, 0x75, 0x60, 0x07, 0x7A, 0x20,
            0x07, 0x75, 0x60, 0x07, 0x6D, 0x60, 0x0F, 0x75, 0x10, 0x07, 0x72, 0xA0, 0x07, 0x75, 0x10, 0x07,
            0x72, 0xA0, 0x07, 0x75, 0x10, 0x07, 0x72, 0xD0, 0x06, 0xF6, 0x10, 0x07, 0x70, 0x20, 0x07, 0x74,
            0xA0, 0x07, 0x71, 0x00, 0x07, 0x72, 0x40, 0x07, 0x7A, 0x10, 0x07, 0x70, 0x20, 0x07, 0x74, 0xD0,
            0x06, 0xEE, 0x80, 0x07, 0x7A, 0x10, 0x07, 0x76, 0xA0, 0x07, 0x73, 0x20, 0x07, 0x1A, 0x21, 0x0C,
            0x69, 0x70, 0xAC, 0x09, 0x20, 0xCD, 0x90, 0x0A, 0x30, 0x26, 0x00, 0x00, 0x02, 0x00, 0x00, 0x00,
            0x01, 0x00, 0x00, 0x00, 0x00, 0x00, 0x03, 0x18, 0x52, 0x19, 0x16, 0x06, 0x04, 0x80, 0x00, 0x00,
            0x00, 0x00, 0x00, 0x00, 0x00, 0x00, 0x00, 0x60, 0x00, 0x43, 0x2A, 0x4E, 0xDB, 0x80, 0x00, 0x18,
            0x00, 0x00, 0x00, 0x04, 0x00, 0x00, 0x00, 0x00, 0x00, 0x0C, 0x60, 0x48, 0x65, 0x07, 0x93, 0x07,
            0x04, 0x00, 0x01, 0x00, 0x00, 0x20, 0x00, 0x00, 0x00, 0x00, 0x00, 0x60, 0x00, 0x43, 0xAA, 0x54,
            0x80, 0x83, 0x31, 0x40, 0x80, 0xA1, 0x00, 0x00, 0x00, 0x08, 0x00, 0x00, 0x00, 0x80, 0x00, 0x30,
            0x80, 0x21, 0x55, 0x3E, 0xE8, 0xC1, 0x19, 0x00, 0x01, 0x60, 0x00, 0x00, 0x00, 0x08, 0x00, 0x00,
            0x00, 0x00, 0x00, 0x18, 0xC0, 0x90, 0x6A, 0x2E, 0xAE, 0x34, 0x00, 0x02, 0x80, 0x00, 0x00, 0x00,
            0x10, 0x00, 0x00, 0x00, 0x00, 0x00, 0x30, 0x80, 0x21, 0x95, 0x6A, 0x44, 0x6B, 0x00, 0x04, 0x00,
            0x01, 0x00, 0x00, 0x20, 0x00, 0x00, 0x00, 0x00, 0x00, 0x60, 0x00, 0x43, 0xAA, 0xDD, 0x80, 0xD6,
            0x00, 0x08, 0x00, 0x02, 0x00, 0x00, 0x40, 0x00, 0x00, 0x00, 0x00, 0x00, 0xC0, 0x00, 0x86, 0x54,
            0xEB, 0x51, 0xB5, 0x01, 0x10, 0x00, 0x04, 0x00, 0x00, 0x80, 0x00, 0x00, 0x00, 0x00, 0x00, 0x80,
            0x01, 0x0C, 0xA9, 0x40, 0xA4, 0x79, 0x03, 0x20, 0x00, 0x08, 0x00, 0x00, 0x00, 0x01, 0x00, 0x00,
            0x00, 0x00, 0x00, 0x03, 0x18, 0x52, 0xB5, 0x88, 0xD4, 0x06, 0x40, 0x00, 0x10, 0x00, 0x00, 0x00,
            0x02, 0x00, 0x00, 0x00, 0x00, 0x00, 0x06, 0x30, 0xA4, 0xFA, 0x91, 0x31, 0x88, 0x03, 0x04, 0x18,
            0x0E, 0x00, 0x00, 0x80, 0x00, 0x00, 0x00, 0x00, 0x08, 0x00, 0x03, 0x18, 0x52, 0x89, 0x0A, 0xD4,
            0x06, 0x40, 0x00, 0x10, 0x00, 0x00, 0x00, 0x02, 0x00, 0x00, 0x00, 0x00, 0x00, 0x06, 0x30, 0xA4,
            0x92, 0x15, 0xA8, 0x0D, 0x80, 0x00, 0x20, 0x00, 0x00, 0x00, 0x04, 0x00, 0x00, 0x00, 0x00, 0x00,
            0x0C, 0x60, 0x48, 0x25, 0x2E, 0x51, 0x1B, 0x00, 0x01, 0x40, 0x00, 0x00, 0x00, 0x08, 0x00, 0x00,
            0x00, 0x00, 0x00, 0x18, 0xC0, 0x90, 0x6A, 0x5E, 0xA2, 0x36, 0x00, 0x02, 0x80, 0x00, 0x00, 0x00,
            0x10, 0x00, 0x00, 0x00, 0x00, 0x00, 0x30, 0x80, 0x21, 0x15, 0xC9, 0x84, 0xC1, 0x1C, 0x20, 0xC0,
            0x80, 0x00, 0x00, 0x00, 0x04, 0x00, 0x00, 0x00, 0x40, 0x00, 0x18, 0xC0, 0x90, 0xAA, 0x6C, 0x5C,
            0xC1, 0x0E, 0x10, 0x60, 0x48, 0x00, 0x00, 0x00, 0x02, 0x00, 0x00, 0x00, 0x20, 0x00, 0x0C, 0x60,
            0x48, 0x35, 0x3F, 0x71, 0x80, 0x07, 0x08, 0x30, 0x28, 0x00, 0x00, 0x00, 0x01, 0x00, 0x00, 0x00,
            0x10, 0x00, 0x06, 0x30, 0xA4, 0x22, 0xA3, 0x46, 0x0F, 0x80, 0x00, 0x20, 0x00, 0x00, 0x00, 0x04,
            0x00, 0x00, 0x00, 0x00, 0x00, 0x0C, 0x60, 0x48, 0x15, 0x47, 0x1F, 0x1F, 0x20, 0xC0, 0xB0, 0x00,
            0x00, 0x00, 0x04, 0x00, 0x00, 0x00, 0x40, 0x00, 0x18, 0xC0, 0x90, 0x0A, 0x96, 0xDC, 0xE0, 0x0F,
            0x10, 0x60, 0x60, 0x00, 0x00, 0x00, 0x02, 0x00, 0x00, 0x00, 0x20, 0x00, 0x0C, 0x60, 0x48, 0xE5,
            0x4F, 0xAF, 0x10, 0x0A, 0x40, 0x00, 0x34, 0x00, 0x00, 0x00, 0x02, 0x00, 0x00, 0x00, 0x00, 0x00,
            0x06, 0x30, 0xA4, 0x6A, 0x2D, 0x3A, 0x18, 0x05, 0x20, 0x00, 0x0C, 0x00, 0x00, 0x00, 0x01, 0x00,
            0x00, 0x00, 0x00, 0x00, 0x03, 0x18, 0x52, 0x85, 0x58, 0x1D, 0x94, 0x02, 0x10, 0x00, 0x0E, 0x00,
            0x00, 0x80, 0x00, 0x00, 0x00, 0x00, 0x00, 0x80, 0x01, 0x0C, 0xA9, 0xEC, 0x0C, 0x0F, 0x4E, 0x01,
            0x08, 0x00, 0x03, 0x00, 0x00, 0x40, 0x00, 0x00, 0x00, 0x00, 0x00, 0xC0, 0x00, 0x86, 0x54, 0xEE,
            0xB6, 0xA4, 0x02, 0x10, 0x00, 0x04, 0x00, 0x00, 0x80, 0x00, 0x00, 0x00, 0x00, 0x00, 0x80, 0x01,
            0x0C, 0xA9, 0xF2, 0x2D, 0x63, 0x05, 0x20, 0x00, 0x1E, 0x00, 0x00, 0x00, 0x00, 0x00, 0x00, 0x00,
            0x00, 0x00, 0x03, 0x18, 0x52, 0xC9, 0x1C, 0x86, 0x01, 0x01, 0x20, 0x00, 0x00, 0x00, 0x00, 0x00,
            0x00, 0x00, 0x00, 0x00, 0x18, 0xC0, 0x90, 0x4A, 0xED, 0x4C, 0xC1, 0x15, 0x80, 0x00, 0x68, 0x00,
            0x00, 0x00, 0x04, 0x00, 0x00, 0x00, 0x00, 0x00, 0x0C, 0x60, 0x48, 0x05, 0x7F, 0xB8, 0x10, 0x0B,
            0x40, 0x00, 0x34, 0x00, 0x00, 0x00, 0x02, 0x00, 0x00, 0x00, 0x00, 0x00, 0x06, 0x30, 0xA4, 0x42,
            0xC5, 0x40, 0x15, 0x42, 0x01, 0x08, 0x80, 0x06, 0x00, 0x00, 0x40, 0x00, 0x00, 0x00, 0x00, 0x00,
            0xC0, 0x00, 0x86, 0x54, 0x32, 0x19, 0x6C, 0xB3, 0x00, 0x04, 0x00, 0x01, 0x00, 0x00, 0x20, 0x00,
            0x00, 0x00, 0x00, 0x00, 0x60, 0x00, 0x43, 0xAA, 0xB6, 0x0C, 0x18, 0x5B, 0x00, 0x02, 0x80, 0x00,
            0x00, 0x00, 0x10, 0x00, 0x00, 0x00, 0x00, 0x00, 0x30, 0x80, 0x21, 0x55, 0x5E, 0x06, 0x1B, 0x2E,
            0x00, 0x01, 0x40, 0x00, 0x00, 0x00, 0x08, 0x00, 0x00, 0x00, 0x00, 0x00, 0x18, 0x80, 0xC4, 0x06,
            0x81, 0xA2, 0x75, 0x0E, 0x00, 0x00, 0x59, 0x20, 0x14, 0x00, 0x00, 0x00, 0x32, 0x1E, 0x98, 0x1C,
            0x19, 0x11, 0x4C, 0x90, 0x8C, 0x09, 0x26, 0x47, 0xC6, 0x04, 0x43, 0x0A, 0x94, 0x40, 0x21, 0x94,
            0x43, 0x11, 0x94, 0x4F, 0x01, 0x0A, 0x14, 0x44, 0x81, 0x8C, 0x00, 0x14, 0x60, 0x40, 0x01, 0x0E,
            0x94, 0x41, 0x01, 0x12, 0x14, 0x28, 0x41, 0x29, 0x14, 0x30, 0x41, 0x31, 0x14, 0x34, 0x41, 0x01,
            0x15, 0x38, 0x41, 0xC1, 0x13, 0x94, 0x44, 0x01, 0x16, 0x14, 0x45, 0x41, 0x16, 0x94, 0x45, 0x81,
            0x16, 0x14, 0x46, 0xC1, 0x16, 0x94, 0x46, 0x01, 0x17, 0x00, 0x00, 0x00, 0xB1, 0x18, 0x00, 0x00,
            0xA5, 0x00, 0x00, 0x00, 0x33, 0x08, 0x80, 0x1C, 0xC4, 0xE1, 0x1C, 0x66, 0x14, 0x01, 0x3D, 0x88,
            0x43, 0x38, 0x84, 0xC3, 0x8C, 0x42, 0x80, 0x07, 0x79, 0x78, 0x07, 0x73, 0x98, 0x71, 0x0C, 0xE6,
            0x00, 0x0F, 0xED, 0x10, 0x0E, 0xF4, 0x80, 0x0E, 0x33, 0x0C, 0x42, 0x1E, 0xC2, 0xC1, 0x1D, 0xCE,
            0xA1, 0x1C, 0x66, 0x30, 0x05, 0x3D, 0x88, 0x43, 0x38, 0x84, 0x83, 0x1B, 0xCC, 0x03, 0x3D, 0xC8,
            0x43, 0x3D, 0x8C, 0x03, 0x3D, 0xCC, 0x78, 0x8C, 0x74, 0x70, 0x07, 0x7B, 0x08, 0x07, 0x79, 0x48,
            0x87, 0x70, 0x70, 0x07, 0x7A, 0x70, 0x03, 0x76, 0x78, 0x87, 0x70, 0x20, 0x87, 0x19, 0xCC, 0x11,
            0x0E, 0xEC, 0x90, 0x0E, 0xE1, 0x30, 0x0F, 0x6E, 0x30, 0x0F, 0xE3, 0xF0, 0x0E, 0xF0, 0x50, 0x0E,
            0x33, 0x10, 0xC4, 0x1D, 0xDE, 0x21, 0x1C, 0xD8, 0x21, 0x1D, 0xC2, 0x61, 0x1E, 0x66, 0x30, 0x89,
            0x3B, 0xBC, 0x83, 0x3B, 0xD0, 0x43, 0x39, 0xB4, 0x03, 0x3C, 0xBC, 0x83, 0x3C, 0x84, 0x03, 0x3B,
            0xCC, 0xF0, 0x14, 0x76, 0x60, 0x07, 0x7B, 0x68, 0x07, 0x37, 0x68, 0x87, 0x72, 0x68, 0x07, 0x37,
            0x80, 0x87, 0x70, 0x90, 0x87, 0x70, 0x60, 0x07, 0x76, 0x28, 0x07, 0x76, 0xF8, 0x05, 0x76, 0x78,
            0x87, 0x77, 0x80, 0x87, 0x5F, 0x08, 0x87, 0x71, 0x18, 0x87, 0x72, 0x98, 0x87, 0x79, 0x98, 0x81,
            0x2C, 0xEE, 0xF0, 0x0E, 0xEE, 0xE0, 0x0E, 0xF5, 0xC0, 0x0E, 0xEC, 0x30, 0x03, 0x62, 0xC8, 0xA1,
            0x1C, 0xE4, 0xA1, 0x1C, 0xCC, 0xA1, 0x1C, 0xE4, 0xA1, 0x1C, 0xDC, 0x61, 0x1C, 0xCA, 0x21, 0x1C,
            0xC4, 0x81, 0x1D, 0xCA, 0x61, 0x06, 0xD6, 0x90, 0x43, 0x39, 0xC8, 0x43, 0x39, 0x98, 0x43, 0x39,
            0xC8, 0x43, 0x39, 0xB8, 0xC3, 0x38, 0x94, 0x43, 0x38, 0x88, 0x03, 0x3B, 0x94, 0xC3, 0x2F, 0xBC,
            0x83, 0x3C, 0xFC, 0x82, 0x3B, 0xD4, 0x03, 0x3B, 0xB0, 0xC3, 0x0C, 0xC7, 0x69, 0x87, 0x70, 0x58,
            0x87, 0x72, 0x70, 0x83, 0x74, 0x68, 0x07, 0x78, 0x60, 0x87, 0x74, 0x18, 0x87, 0x74, 0xA0, 0x87,
            0x19, 0xCE, 0x53, 0x0F, 0xEE, 0x00, 0x0F, 0xF2, 0x50, 0x0E, 0xE4, 0x90, 0x0E, 0xE3, 0x40, 0x0F,
            0xE1, 0x20, 0x0E, 0xEC, 0x50, 0x0E, 0x33, 0x20, 0x28, 0x1D, 0xDC, 0xC1, 0x1E, 0xC2, 0x41, 0x1E,
            0xD2, 0x21, 0x1C, 0xDC, 0x81, 0x1E, 0xDC, 0xE0, 0x1C, 0xE4, 0xE1, 0x1D, 0xEA, 0x01, 0x1E, 0x66,
            0x18, 0x51, 0x38, 0xB0, 0x43, 0x3A, 0x9C, 0x83, 0x3B, 0xCC, 0x50, 0x24, 0x76, 0x60, 0x07, 0x7B,
            0x68, 0x07, 0x37, 0x60, 0x87, 0x77, 0x78, 0x07, 0x78, 0x98, 0x51, 0x4C, 0xF4, 0x90, 0x0F, 0xF0,
            0x50, 0x0E, 0x33, 0x1E, 0x6A, 0x1E, 0xCA, 0x61, 0x1C, 0xE8, 0x21, 0x1D, 0xDE, 0xC1, 0x1D, 0x7E,
            0x01, 0x1E, 0xE4, 0xA1, 0x1C, 0xCC, 0x21, 0x1D, 0xF0, 0x61, 0x06, 0x54, 0x85, 0x83, 0x38, 0xCC,
            0xC3, 0x3B, 0xB0, 0x43, 0x3D, 0xD0, 0x43, 0x39, 0xFC, 0xC2, 0x3C, 0xE4, 0x43, 0x3B, 0x88, 0xC3,
            0x3B, 0xB0, 0xC3, 0x8C, 0xC5, 0x0A, 0x87, 0x79, 0x98, 0x87, 0x77, 0x18, 0x87, 0x74, 0x08, 0x07,
            0x7A, 0x28, 0x07, 0x72, 0x98, 0x81, 0x5C, 0xE3, 0x10, 0x0E, 0xEC, 0xC0, 0x0E, 0xE5, 0x50, 0x0E,
            0xF3, 0x30, 0x23, 0xC1, 0xD2, 0x41, 0x1E, 0xE4, 0xE1, 0x17, 0xD8, 0xE1, 0x1D, 0xDE, 0x01, 0x1E,
            0x66, 0x48, 0x19, 0x3B, 0xB0, 0x83, 0x3D, 0xB4, 0x83, 0x1B, 0x84, 0xC3, 0x38, 0x8C, 0x43, 0x39,
            0xCC, 0xC3, 0x3C, 0xB8, 0xC1, 0x39, 0xC8, 0xC3, 0x3B, 0xD4, 0x03, 0x3C, 0xCC, 0x48, 0xB4, 0x71,
            0x08, 0x07, 0x76, 0x60, 0x07, 0x71, 0x08, 0x87, 0x71, 0x58, 0x87, 0x19, 0xDB, 0xC6, 0x0E, 0xEC,
            0x60, 0x0F, 0xED, 0xE0, 0x06, 0xF0, 0x20, 0x0F, 0xE5, 0x30, 0x0F, 0xE5, 0x20, 0x0F, 0xF6, 0x50,
            0x0E, 0x6E, 0x10, 0x0E, 0xE3, 0x30, 0x0E, 0xE5, 0x30, 0x0F, 0xF3, 0xE0, 0x06, 0xE9, 0xE0, 0x0E,
            0xE4, 0x50, 0x0E, 0xF8, 0x30, 0x23, 0xE2, 0xEC, 0x61, 0x1C, 0xC2, 0x81, 0x1D, 0xD8, 0xE1, 0x17,
            0xEC, 0x21, 0x1D, 0xE6, 0x21, 0x1D, 0xC4, 0x21, 0x1D, 0xD8, 0x21, 0x1D, 0xE8, 0x21, 0x1F, 0x66,
            0x20, 0x9D, 0x3B, 0xBC, 0x43, 0x3D, 0xB8, 0x03, 0x39, 0x94, 0x83, 0x39, 0xCC, 0x58, 0xBC, 0x70,
            0x70, 0x07, 0x77, 0x78, 0x07, 0x7A, 0x08, 0x07, 0x7A, 0x48, 0x87, 0x77, 0x70, 0x87, 0x19, 0xCE,
            0x87, 0x0E, 0xE5, 0x10, 0x0E, 0xF0, 0x10, 0x0E, 0xEC, 0xC0, 0x0E, 0xEF, 0x30, 0x0E, 0xF3, 0x90,
            0x0E, 0xF4, 0x50, 0x0E, 0x33, 0x28, 0x30, 0x08, 0x87, 0x74, 0x90, 0x07, 0x37, 0x30, 0x87, 0x7A,
            0x70, 0x87, 0x71, 0xA0, 0x87, 0x74, 0x78, 0x07, 0x77, 0xF8, 0x85, 0x73, 0x90, 0x87, 0x77, 0xA8,
            0x07, 0x78, 0x98, 0x07, 0x00, 0x00, 0x00, 0x00, 0x79, 0x20, 0x00, 0x00, 0xFA, 0x01, 0x00, 0x00,
            0x72, 0x1E, 0x48, 0x20, 0x43, 0x88, 0x0C, 0x19, 0x09, 0x72, 0x32, 0x48, 0x20, 0x23, 0x81, 0x8C,
            0x91, 0x91, 0xD1, 0x44, 0xA0, 0x10, 0x28, 0x64, 0x3C, 0x31, 0x32, 0x42, 0x8E, 0x90, 0x21, 0xA3,
            0xC8, 0x07, 0x70, 0xD0, 0x8A, 0x01, 0x00, 0x00, 0x4A, 0x63, 0x61, 0x1B, 0xB4, 0x41, 0x71, 0x50,
            0x6C, 0x1C, 0x19, 0x6C, 0x51, 0xC1, 0x48, 0x93, 0x84, 0x44, 0x14, 0xD2, 0x54, 0xD5, 0x04, 0x61,
            0xC6, 0x23, 0x89, 0xC1, 0x31, 0x06, 0x90, 0xA2, 0x38, 0x0D, 0x55, 0x45, 0x17, 0x91, 0x48, 0xCB,
            0xD4, 0x71, 0xC7, 0x72, 0x20, 0xCF, 0xB2, 0x5C, 0x77, 0x63, 0x68, 0x61, 0x72, 0x5F, 0x73, 0x69,
            0x7A, 0x65, 0x66, 0x72, 0x61, 0x6D, 0x65, 0x2D, 0x70, 0x6F, 0x69, 0x6E, 0x74, 0x65, 0x72, 0x61,
            0x69, 0x72, 0x2E, 0x6D, 0x61, 0x78, 0x5F, 0x64, 0x65, 0x76, 0x69, 0x63, 0x65, 0x5F, 0x62, 0x75,
            0x66, 0x66, 0x65, 0x72, 0x73, 0x61, 0x69, 0x72, 0x2E, 0x6D, 0x61, 0x78, 0x5F, 0x63, 0x6F, 0x6E,
            0x73, 0x74, 0x61, 0x6E, 0x74, 0x5F, 0x62, 0x75, 0x66, 0x66, 0x65, 0x72, 0x73, 0x61, 0x69, 0x72,
            0x2E, 0x6D, 0x61, 0x78, 0x5F, 0x74, 0x68, 0x72, 0x65, 0x61, 0x64, 0x67, 0x72, 0x6F, 0x75, 0x70,
            0x5F, 0x62, 0x75, 0x66, 0x66, 0x65, 0x72, 0x73, 0x61, 0x69, 0x72, 0x2E, 0x6D, 0x61, 0x78, 0x5F,
            0x74, 0x65, 0x78, 0x74, 0x75, 0x72, 0x65, 0x73, 0x61, 0x69, 0x72, 0x2E, 0x6D, 0x61, 0x78, 0x5F,
            0x72, 0x65, 0x61, 0x64, 0x5F, 0x77, 0x72, 0x69, 0x74, 0x65, 0x5F, 0x74, 0x65, 0x78, 0x74, 0x75,
            0x72, 0x65, 0x73, 0x61, 0x69, 0x72, 0x2E, 0x6D, 0x61, 0x78, 0x5F, 0x73, 0x61, 0x6D, 0x70, 0x6C,
            0x65, 0x72, 0x73, 0x41, 0x70, 0x70, 0x6C, 0x65, 0x20, 0x6D, 0x65, 0x74, 0x61, 0x6C, 0x20, 0x76,
            0x65, 0x72, 0x73, 0x69, 0x6F, 0x6E, 0x20, 0x33, 0x32, 0x30, 0x32, 0x33, 0x2E, 0x38, 0x38, 0x33,
            0x20, 0x28, 0x6D, 0x65, 0x74, 0x61, 0x6C, 0x66, 0x65, 0x2D, 0x33, 0x32, 0x30, 0x32, 0x33, 0x2E,
            0x38, 0x38, 0x33, 0x29, 0x4D, 0x65, 0x74, 0x61, 0x6C, 0x61, 0x69, 0x72, 0x2E, 0x63, 0x6F, 0x6D,
            0x70, 0x69, 0x6C, 0x65, 0x2E, 0x64, 0x65, 0x6E, 0x6F, 0x72, 0x6D, 0x73, 0x5F, 0x64, 0x69, 0x73,
            0x61, 0x62, 0x6C, 0x65, 0x61, 0x69, 0x72, 0x2E, 0x63, 0x6F, 0x6D, 0x70, 0x69, 0x6C, 0x65, 0x2E,
            0x66, 0x61, 0x73, 0x74, 0x5F, 0x6D, 0x61, 0x74, 0x68, 0x5F, 0x65, 0x6E, 0x61, 0x62, 0x6C, 0x65,
            0x61, 0x69, 0x72, 0x2E, 0x63, 0x6F, 0x6D, 0x70, 0x69, 0x6C, 0x65, 0x2E, 0x66, 0x72, 0x61, 0x6D,
            0x65, 0x62, 0x75, 0x66, 0x66, 0x65, 0x72, 0x5F, 0x66, 0x65, 0x74, 0x63, 0x68, 0x5F, 0x65, 0x6E,
            0x61, 0x62, 0x6C, 0x65, 0x61, 0x69, 0x72, 0x2E, 0x74, 0x68, 0x72, 0x65, 0x61, 0x64, 0x5F, 0x70,
            0x6F, 0x73, 0x69, 0x74, 0x69, 0x6F, 0x6E, 0x5F, 0x69, 0x6E, 0x5F, 0x67, 0x72, 0x69, 0x64, 0x61,
            0x69, 0x72, 0x2E, 0x61, 0x72, 0x67, 0x5F, 0x74, 0x79, 0x70, 0x65, 0x5F, 0x6E, 0x61, 0x6D, 0x65,
            0x75, 0x69, 0x6E, 0x74, 0x33, 0x61, 0x69, 0x72, 0x2E, 0x61, 0x72, 0x67, 0x5F, 0x6E, 0x61, 0x6D,
            0x65, 0x64, 0x69, 0x73, 0x70, 0x61, 0x74, 0x63, 0x68, 0x54, 0x68, 0x72, 0x65, 0x61, 0x64, 0x49,
            0x64, 0x5F, 0x30, 0x61, 0x69, 0x72, 0x2E, 0x69, 0x6E, 0x64, 0x69, 0x72, 0x65, 0x63, 0x74, 0x5F,
            0x62, 0x75, 0x66, 0x66, 0x65, 0x72, 0x61, 0x69, 0x72, 0x2E, 0x6C, 0x6F, 0x63, 0x61, 0x74, 0x69,
            0x6F, 0x6E, 0x5F, 0x69, 0x6E, 0x64, 0x65, 0x78, 0x61, 0x69, 0x72, 0x2E, 0x72, 0x65, 0x61, 0x64,
            0x61, 0x69, 0x72, 0x2E, 0x61, 0x64, 0x64, 0x72, 0x65, 0x73, 0x73, 0x5F, 0x73, 0x70, 0x61, 0x63,
            0x65, 0x61, 0x69, 0x72, 0x2E, 0x73, 0x74, 0x72, 0x75, 0x63, 0x74, 0x5F, 0x74, 0x79, 0x70, 0x65,
            0x5F, 0x69, 0x6E, 0x66, 0x6F, 0x66, 0x6C, 0x6F, 0x61, 0x74, 0x34, 0x78, 0x34, 0x49, 0x6E, 0x76,
            0x65, 0x72, 0x73, 0x65, 0x56, 0x69, 0x65, 0x77, 0x5F, 0x30, 0x61, 0x69, 0x72, 0x2E, 0x69, 0x6E,
            0x64, 0x69, 0x72, 0x65, 0x63, 0x74, 0x5F, 0x61, 0x72, 0x67, 0x75, 0x6D, 0x65, 0x6E, 0x74, 0x61,
            0x69, 0x72, 0x2E, 0x69, 0x6E, 0x64, 0x69, 0x72, 0x65, 0x63, 0x74, 0x5F, 0x63, 0x6F, 0x6E, 0x73,
            0x74, 0x61, 0x6E, 0x74, 0x49, 0x6E, 0x76, 0x65, 0x72, 0x73, 0x65, 0x50, 0x72, 0x6F, 0x6A, 0x65,
            0x63, 0x74, 0x69, 0x6F, 0x6E, 0x5F, 0x30, 0x56, 0x69, 0x65, 0x77, 0x50, 0x72, 0x6F, 0x6A, 0x65,
            0x63, 0x74, 0x69, 0x6F, 0x6E, 0x5F, 0x30, 0x50, 0x72, 0x65, 0x76, 0x69, 0x6F, 0x75, 0x73, 0x56,
            0x69, 0x65, 0x77, 0x50, 0x72, 0x6F, 0x6A, 0x65, 0x63, 0x74, 0x69, 0x6F, 0x6E, 0x5F, 0x30, 0x66,
            0x6C, 0x6F, 0x61, 0x74, 0x34, 0x50, 0x6F, 0x73, 0x69, 0x74, 0x69, 0x6F, 0x6E, 0x46, 0x72, 0x61,
            0x6D, 0x65, 0x5F, 0x30, 0x52, 0x65, 0x6E, 0x64, 0x65, 0x72, 0x53, 0x69, 0x7A, 0x65, 0x4A, 0x69,
            0x74, 0x74, 0x65, 0x72, 0x5F, 0x30, 0x61, 0x63, 0x63, 0x65, 0x6C, 0x65, 0x72, 0x61, 0x74, 0x69,
            0x6F, 0x6E, 0x5F, 0x73, 0x74, 0x72, 0x75, 0x63, 0x74, 0x75, 0x72, 0x65, 0x3C, 0x69, 0x6E, 0x73,
            0x74, 0x61, 0x6E, 0x63, 0x69, 0x6E, 0x67, 0x3E, 0x53, 0x63, 0x65, 0x6E, 0x65, 0x5F, 0x30, 0x61,
            0x69, 0x72, 0x2E, 0x69, 0x6E, 0x73, 0x74, 0x61, 0x6E, 0x63, 0x65, 0x5F, 0x61, 0x63, 0x63, 0x65,
            0x6C, 0x65, 0x72, 0x61, 0x74, 0x69, 0x6F, 0x6E, 0x5F, 0x73, 0x74, 0x72, 0x75, 0x63, 0x74, 0x75,
            0x72, 0x65, 0x56, 0x65, 0x72, 0x74, 0x65, 0x78, 0x5F, 0x6E, 0x61, 0x74, 0x75, 0x72, 0x61, 0x6C,
            0x5F, 0x30, 0x56, 0x65, 0x72, 0x74, 0x69, 0x63, 0x65, 0x73, 0x5F, 0x30, 0x61, 0x69, 0x72, 0x2E,
            0x62, 0x75, 0x66, 0x66, 0x65, 0x72, 0x61, 0x69, 0x72, 0x2E, 0x72, 0x65, 0x61, 0x64, 0x5F, 0x77,
            0x72, 0x69, 0x74, 0x65, 0x70, 0x61, 0x63, 0x6B, 0x65, 0x64, 0x5F, 0x66, 0x6C, 0x6F, 0x61, 0x74,
            0x34, 0x50, 0x6F, 0x73, 0x69, 0x74, 0x69, 0x6F, 0x6E, 0x41, 0x6E, 0x64, 0x50, 0x61, 0x64, 0x64,
            0x69, 0x6E, 0x67, 0x5F, 0x30, 0x4E, 0x6F, 0x72, 0x6D, 0x61, 0x6C, 0x41, 0x6E, 0x64, 0x4D, 0x61,
            0x74, 0x65, 0x72, 0x69, 0x61, 0x6C, 0x49, 0x64, 0x5F, 0x30, 0x61, 0x69, 0x72, 0x2E, 0x61, 0x72,
            0x67, 0x5F, 0x74, 0x79, 0x70, 0x65, 0x5F, 0x73, 0x69, 0x7A, 0x65, 0x61, 0x69, 0x72, 0x2E, 0x61,
            0x72, 0x67, 0x5F, 0x74, 0x79, 0x70, 0x65, 0x5F, 0x61, 0x6C, 0x69, 0x67, 0x6E, 0x5F, 0x73, 0x69,
            0x7A, 0x65, 0x75, 0x69, 0x6E, 0x74, 0x49, 0x6E, 0x64, 0x69, 0x63, 0x65, 0x73, 0x5F, 0x30, 0x4D,
            0x61, 0x74, 0x65, 0x72, 0x69, 0x61, 0x6C, 0x5F, 0x6E, 0x61, 0x74, 0x75, 0x72, 0x61, 0x6C, 0x5F,
            0x30, 0x4D, 0x61, 0x74, 0x65, 0x72, 0x69, 0x61, 0x6C, 0x73, 0x5F, 0x30, 0x41, 0x6C, 0x62, 0x65,
            0x64, 0x6F, 0x41, 0x6E, 0x64, 0x45, 0x6D, 0x69, 0x73, 0x73, 0x69, 0x6F, 0x6E, 0x5F, 0x30, 0x4D,
            0x65, 0x74, 0x61, 0x6C, 0x6C, 0x69, 0x63, 0x52, 0x6F, 0x75, 0x67, 0x68, 0x6E, 0x65, 0x73, 0x73,
            0x41, 0x6E, 0x64, 0x50, 0x61, 0x64, 0x64, 0x69, 0x6E, 0x67, 0x5F, 0x30, 0x74, 0x65, 0x78, 0x74,
            0x75, 0x72, 0x65, 0x32, 0x64, 0x3C, 0x66, 0x6C, 0x6F, 0x61, 0x74, 0x2C, 0x20, 0x72, 0x65, 0x61,
            0x64, 0x5F, 0x77, 0x72, 0x69, 0x74, 0x65, 0x3E, 0x43, 0x6F, 0x6C, 0x6F, 0x72, 0x5F, 0x30, 0x61,
            0x69, 0x72, 0x2E, 0x74, 0x65, 0x78, 0x74, 0x75, 0x72, 0x65, 0x44, 0x65, 0x70, 0x74, 0x68, 0x5F,
            0x30, 0x4E, 0x6F, 0x72, 0x6D, 0x61, 0x6C, 0x5F, 0x30, 0x4D, 0x6F, 0x74, 0x69, 0x6F, 0x6E, 0x56,
            0x65, 0x63, 0x74, 0x6F, 0x72, 0x73, 0x5F, 0x30, 0x43, 0x6F, 0x6E, 0x73, 0x74, 0x61, 0x6E, 0x74,
            0x73, 0x5F, 0x30, 0x63, 0x6F, 0x6E, 0x73, 0x74, 0x61, 0x6E, 0x74, 0x73, 0x5F, 0x31, 0x61, 0x69,
            0x72, 0x2E, 0x6D, 0x61, 0x78, 0x5F, 0x77, 0x6F, 0x72, 0x6B, 0x5F, 0x67, 0x72, 0x6F, 0x75, 0x70,
            0x5F, 0x73, 0x69, 0x7A, 0x65, 0x00, 0x00, 0x00, 0x66, 0x3E, 0x01, 0x00, 0x00, 0x00, 0x00, 0x00,
            0x30, 0x82, 0x10, 0x90, 0xC1, 0x08, 0x42, 0x50, 0x06, 0x23, 0x08, 0x81, 0x19, 0x8C, 0x20, 0x04,
            0x67, 0x30, 0x82, 0x10, 0xA0, 0xC1, 0x08, 0x42, 0x90, 0x06, 0x23, 0x08, 0x81, 0x1A, 0x8C, 0x20,
            0x04, 0x6B, 0x30, 0x82, 0x10, 0xB0, 0xC1, 0x08, 0x02, 0x05, 0x8C, 0x20, 0x04, 0x6D, 0x30, 0x82,
            0x10, 0xB8, 0xC1, 0x08, 0x42, 0xF0, 0x06, 0x23, 0x08, 0x01, 0x1C, 0x8C, 0x20, 0x04, 0x71, 0x30,
            0x82, 0x10, 0xC8, 0xC1, 0x08, 0x42, 0x30, 0x07, 0x23, 0x08, 0x01, 0x1D, 0x8C, 0x20, 0x04, 0x75,
            0x30, 0x82, 0x10, 0xD8, 0xC1, 0x08, 0x42, 0x70, 0x07, 0x23, 0x08, 0x01, 0x1E, 0x8C, 0x20, 0x04,
            0x79, 0x30, 0x82, 0x10, 0xE8, 0xC1, 0x08, 0x42, 0xB0, 0x07, 0x23, 0x08, 0x01, 0x1F, 0x8C, 0x20,
            0x04, 0x7D, 0x30, 0x82, 0x10, 0xF8, 0xC1, 0x08, 0x42, 0xF0, 0x07, 0x23, 0x08, 0x01, 0x28, 0x8C,
            0x20, 0x04, 0xA1, 0x30, 0x82, 0x10, 0x88, 0xC2, 0x0C, 0x43, 0x1F, 0x04, 0x7E, 0x30, 0xC3, 0xF0,
            0x07, 0x02, 0x28, 0xCC, 0x30, 0xFC, 0xC1, 0x10, 0x0A, 0x33, 0x0C, 0x7F, 0x40, 0x84, 0xC2, 0x0C,
            0xC3, 0x1F, 0x14, 0xA1, 0x30, 0xC3, 0xF0, 0x07, 0x86, 0x28, 0xCC, 0x30, 0xFC, 0xC1, 0x31, 0x0A,
            0x33, 0x0C, 0x7F, 0x80, 0x90, 0xC2, 0x0C, 0x41, 0x32, 0xC3, 0x00, 0x0A, 0xA3, 0x50, 0x0A, 0x33,
            0x10, 0x8A, 0x1F, 0x94, 0x42, 0x29, 0xCC, 0x10, 0x2C, 0x33, 0x04, 0xCC, 0x0C, 0x41, 0x33, 0x03,
            0x30, 0x83, 0x51, 0x0A, 0xCE, 0x03, 0x45, 0xD2, 0x0C, 0x49, 0x29, 0x6C, 0x54, 0x29, 0xF4, 0xC1,
            0x83, 0x45, 0xD9, 0x0C, 0x49, 0x1F, 0x6C, 0x54, 0x1F, 0xF4, 0xC1, 0x83, 0x45, 0xDC, 0x0C, 0x09,
            0x28, 0x6C, 0x14, 0x28, 0xF4, 0xC1, 0x83, 0x45, 0xDD, 0x0C, 0x49, 0x2A, 0x6C, 0x54, 0x2A, 0xF4,
            0xC1, 0x83, 0x45, 0xDE, 0x0C, 0x89, 0x1F, 0x6C, 0x94, 0x1F, 0xF4, 0xC1, 0xF3, 0x45, 0x60, 0x30,
            0x43, 0xC2, 0x0A, 0x1B, 0xC5, 0x0A, 0x7D, 0xF0, 0x7C, 0x51, 0x18, 0xCC, 0xA0, 0xB8, 0x02, 0x19,
            0x50, 0xAE, 0xD0, 0x07, 0xD5, 0x23, 0x06, 0xD1, 0x18, 0xCC, 0xA0, 0x94, 0x02, 0x29, 0x94, 0x42,
            0x1A, 0xA8, 0x01, 0x29, 0x90, 0x42, 0x29, 0xA4, 0xC1, 0x1A, 0xCC, 0x20, 0xFD, 0xC1, 0x19, 0x50,
            0x7F, 0xD0, 0x07, 0x68, 0x60, 0xF5, 0xC1, 0x45, 0x0F, 0x6C, 0x00, 0x0B, 0x6D, 0xE0, 0x07, 0x4F,
            0x19, 0x44, 0x66, 0x30, 0x03, 0x34, 0x0A, 0x67, 0x40, 0x8D, 0x42, 0x1F, 0xA0, 0x81, 0xD5, 0x07,
            0x6C, 0xE0, 0x07, 0x6D, 0xE0, 0x07, 0x8F, 0x1B, 0x44, 0x6F, 0x30, 0x83, 0x52, 0x0A, 0xA4, 0x50,
            0x0A, 0x69, 0x20, 0x07, 0xA4, 0x40, 0x0A, 0xA5, 0x90, 0x06, 0x73, 0x30, 0x83, 0x34, 0x0B, 0x67,
            0x40, 0xCD, 0x42, 0x1F, 0xA0, 0x81, 0xD5, 0x07, 0xD7, 0x3D, 0xB0, 0x01, 0x2C, 0xB4, 0x81, 0x1F,
            0x3C, 0x70, 0x10, 0xC5, 0xC1, 0x0C, 0x4A, 0x2D, 0xD8, 0x01, 0x55, 0x0B, 0x7D, 0x80, 0x06, 0x0F,
            0x1D, 0x44, 0x75, 0x30, 0x83, 0x72, 0x0B, 0x76, 0x40, 0xDD, 0x42, 0x1F, 0xA0, 0xC1, 0x43, 0x07,
            0xD1, 0x1D, 0xCC, 0xA0, 0xE4, 0x82, 0x1D, 0x50, 0xB9, 0xD0, 0x07, 0x68, 0xF0, 0xD0, 0x41, 0x84,
            0x07, 0x33, 0x28, 0xBB, 0x60, 0x07, 0xD4, 0x2E, 0xF4, 0x01, 0x1A, 0x3C, 0x74, 0x10, 0xE5, 0xC1,
            0x0C, 0xE2, 0x50, 0x0A, 0xA7, 0x50, 0x0A, 0x58, 0xA6, 0xB5, 0xC3, 0x29, 0x9C, 0x42, 0x29, 0x60,
            0x9C, 0xE6, 0x0E, 0xA2, 0x70, 0x0A, 0xA5, 0x80, 0x75, 0xDA, 0x3B, 0xA0, 0xC2, 0x29, 0x94, 0x02,
            0xE6, 0x69, 0xF0, 0xA0, 0x0A, 0xA4, 0x50, 0x0A, 0x1F, 0x18, 0x68, 0xF1, 0xB0, 0x0A, 0xA4, 0x50,
            0x0A, 0x5F, 0x18, 0x68, 0xF2, 0xD0, 0x0A, 0xA3, 0x50, 0x0A, 0x62, 0x30, 0x06, 0xDA, 0x3C, 0xBC,
            0xC2, 0x28, 0x94, 0x42, 0x19, 0x98, 0x81, 0x56, 0x0F, 0xB1, 0x30, 0x0A, 0xA5, 0xE0, 0x06, 0x6F,
            0xA0, 0xD9, 0x83, 0x2C, 0x8C, 0x42, 0x29, 0xC0, 0x41, 0x1C, 0x68, 0xF8, 0x40, 0x0B, 0xA3, 0x50,
            0x0A, 0x74, 0x50, 0x07, 0x5A, 0x3E, 0xD8, 0xC2, 0x28, 0x94, 0x02, 0x1D, 0xDC, 0x81, 0xA6, 0x0F,
            0xB8, 0x30, 0x0A, 0xA5, 0x40, 0x07, 0x78, 0xA0, 0xED, 0x83, 0x2E, 0x8C, 0x42, 0x29, 0xD0, 0x41,
            0x1E, 0x68, 0xFC, 0x30, 0x83, 0xD4, 0x07, 0x13, 0x55, 0x0A, 0x7D, 0x50, 0x59, 0xA0, 0x70, 0xF5,
            0x03, 0x1B, 0xF0, 0x42, 0x1B, 0x90, 0xC2, 0xA3, 0x07, 0xD1, 0x1E, 0xCC, 0x20, 0xB0, 0x83, 0x3F,
            0xCC, 0x20, 0xF0, 0xC1, 0x29, 0xCC, 0x40, 0x98, 0xC2, 0x3A, 0xFC, 0x03, 0x48, 0x5C, 0x29, 0x00,
            0x62, 0x20, 0x06, 0x62, 0x20, 0x06, 0x62, 0x20, 0x06, 0x62, 0x20, 0x06, 0x62, 0xC0, 0x89, 0x81,
            0x18, 0x88, 0x81, 0x18, 0x88, 0x81, 0x18, 0x88, 0x81, 0x18, 0x88, 0x81, 0x18, 0x88, 0x81, 0x18,
            0x88, 0x81, 0x18, 0x88, 0x81, 0x18, 0x88, 0x81, 0x18, 0x88, 0x81, 0x18, 0x88, 0x81, 0x18, 0xB8,
            0x81, 0x1B, 0xB8, 0x81, 0x1B, 0xB8, 0x81, 0x1B, 0xB8, 0x81, 0x1B, 0x58, 0x74, 0xA0, 0x07, 0x96,
            0x65, 0x41, 0x7A, 0x80, 0x0B, 0xB8, 0x80, 0x0B, 0xB8, 0xE0, 0x0B, 0xBE, 0x00, 0x0F, 0x28, 0xA1,
            0x1A, 0x78, 0x81, 0x12, 0xAA, 0x61, 0x0F, 0xF6, 0x60, 0x0F, 0xF6, 0xE0, 0x83, 0x81, 0x5F, 0xA0,
            0x01, 0x1A, 0xC8, 0x48, 0x60, 0x82, 0x32, 0x62, 0x63, 0xB3, 0x6B, 0x73, 0x69, 0x7B, 0x23, 0xAB,
            0x63, 0x2B, 0x73, 0x31, 0x63, 0x0B, 0x3B, 0x9B, 0x1B, 0x05, 0xE1, 0x85, 0x5E, 0xF0, 0x85, 0x5F,
            0x00, 0x87, 0x70, 0x10, 0x87, 0x71, 0x48, 0x85, 0x8D, 0xCD, 0xAE, 0xCD, 0x25, 0x8D, 0xAC, 0xCC,
            0x8D, 0x6E, 0x94, 0x80, 0x1C, 0x72, 0x09, 0x4B, 0x93, 0x73, 0xB1, 0x2B, 0x93, 0x9B, 0x4B, 0x7B,
            0x73, 0x1B, 0x25, 0x28, 0x87, 0xA4, 0xC2, 0xD2, 0xE4, 0x5C, 0xD8, 0xC2, 0xDC, 0xCE, 0xEA, 0xC2,
            0xCE, 0xCA, 0xBE, 0xEC, 0xCA, 0xE4, 0xE6, 0xD2, 0xDE, 0xDC, 0x46, 0x09, 0xCC, 0x21, 0xA7, 0xB0,
            0x34, 0x39, 0x97, 0xB1, 0xB7, 0x36, 0xB8, 0x34, 0xB6, 0xB2, 0xAF, 0x37, 0x38, 0xBA, 0xB4, 0x37,
            0xB7, 0xB9, 0x51, 0x86, 0x73, 0x40, 0x87, 0x74, 0x48, 0x25, 0x2C, 0x4D, 0xCE, 0x65, 0xAD, 0x4C,
            0xCE, 0xAD, 0x8C, 0x6D, 0x94, 0x00, 0x24, 0x00, 0xA9, 0x18, 0x00, 0x00, 0x25, 0x00, 0x00, 0x00,
            0x0B, 0x0A, 0x72, 0x28, 0x87, 0x77, 0x80, 0x07, 0x7A, 0x58, 0x70, 0x98, 0x43, 0x3D, 0xB8, 0xC3,
            0x38, 0xB0, 0x43, 0x39, 0xD0, 0xC3, 0x82, 0xE6, 0x1C, 0xC6, 0xA1, 0x0D, 0xE8, 0x41, 0x1E, 0xC2,
            0xC1, 0x1D, 0xE6, 0x21, 0x1D, 0xE8, 0x21, 0x1D, 0xDE, 0xC1, 0x1D, 0x16, 0x34, 0xE3, 0x60, 0x0E,
            0xE7, 0x50, 0x0F, 0xE1, 0x20, 0x0F, 0xE4, 0x40, 0x0F, 0xE1, 0x20, 0x0F, 0xE7, 0x50, 0x0E, 0xF4,
            0xB0, 0x80, 0x81, 0x07, 0x79, 0x28, 0x87, 0x70, 0x60, 0x07, 0x76, 0x78, 0x87, 0x71, 0x08, 0x07,
            0x7A, 0x28, 0x07, 0x72, 0x58, 0x70, 0x9C, 0xC3, 0x38, 0xB4, 0x01, 0x3B, 0xA4, 0x83, 0x3D, 0x94,
            0xC3, 0x02, 0x6B, 0x1C, 0xD8, 0x21, 0x1C, 0xDC, 0xE1, 0x1C, 0xDC, 0x20, 0x1C, 0xE4, 0x61, 0x1C,
            0xDC, 0x20, 0x1C, 0xE8, 0x81, 0x1E, 0xC2, 0x61, 0x1C, 0xD0, 0xA1, 0x1C, 0xC8, 0x61, 0x1C, 0xC2,
            0x81, 0x1D, 0xD8, 0x61, 0xC1, 0x01, 0x0F, 0xF4, 0x20, 0x0F, 0xE1, 0x50, 0x0F, 0xF4, 0x80, 0x0E,
            0x00, 0x00, 0x00, 0x00, 0xD1, 0x10, 0x00, 0x00, 0x06, 0x00, 0x00, 0x00, 0x07, 0xCC, 0x3C, 0xA4,
            0x83, 0x3B, 0x9C, 0x03, 0x3B, 0x94, 0x03, 0x3D, 0xA0, 0x83, 0x3C, 0x94, 0x43, 0x38, 0x90, 0xC3,
            0x01, 0x00, 0x00, 0x00, 0x61, 0x20, 0x00, 0x00, 0xDF, 0x00, 0x00, 0x00, 0x13, 0x04, 0x43, 0x2C,
            0x10, 0x00, 0x00, 0x00, 0x27, 0x00, 0x00, 0x00, 0x14, 0x98, 0x01, 0x28, 0x75, 0xEF, 0xC9, 0xE4,
            0x82, 0xBA, 0x9F, 0x6E, 0xD6, 0x55, 0x28, 0x9C, 0x92, 0x5D, 0xBE, 0x47, 0x14, 0x28, 0x16, 0x12,
            0x8C, 0x35, 0x00, 0x81, 0x30, 0x1A, 0x30, 0xD6, 0x30, 0x0C, 0xC3, 0x08, 0x00, 0x55, 0x46, 0x00,
            0x4A, 0xA0, 0x0C, 0x0A, 0xA2, 0x10, 0x8A, 0x80, 0x34, 0x63, 0x09, 0x40, 0x30, 0x96, 0x20, 0x0C,
            0xE4, 0x1D, 0x01, 0x98, 0x83, 0x60, 0x03, 0x36, 0x60, 0x83, 0x52, 0x98, 0x83, 0x20, 0x03, 0x32,
            0x20, 0x83, 0x52, 0x98, 0x83, 0x38, 0x83, 0x33, 0x38, 0x83, 0x52, 0x98, 0x83, 0x60, 0x03, 0x32,
            0x38, 0x83, 0x52, 0xA0, 0xC1, 0x18, 0x01, 0x08, 0x82, 0x20, 0x08, 0x06, 0x63, 0x04, 0x20, 0x08,
            0x82, 0xF8, 0x37, 0x46, 0x00, 0x82, 0x20, 0x88, 0xFF, 0x02, 0x11, 0x46, 0x03, 0x66, 0x00, 0xA8,
            0x33, 0x03, 0x30, 0x1A, 0x30, 0xD6, 0x00, 0x82, 0x20, 0xF8, 0x83, 0x01, 0x08, 0x82, 0xE0, 0x0F,
            0x06, 0x20, 0x08, 0x82, 0x3F, 0x18, 0x10, 0x74, 0x2C, 0x01, 0x04, 0x41, 0x10, 0xFE, 0x40, 0x10,
            0x04, 0xE1, 0x0F, 0x00, 0xF1, 0x30, 0x00, 0x00, 0x14, 0x00, 0x00, 0x00, 0x22, 0x47, 0xC8, 0x90,
            0x51, 0x0A, 0x84, 0x1C, 0x00, 0x00, 0x00, 0x00, 0x98, 0x05, 0x00, 0x00, 0x61, 0x69, 0x72, 0x2D,
            0x61, 0x6C, 0x69, 0x61, 0x73, 0x2D, 0x73, 0x63, 0x6F, 0x70, 0x65, 0x73, 0x28, 0x43, 0x53, 0x4D,
            0x61, 0x69, 0x6E, 0x29, 0x61, 0x69, 0x72, 0x2D, 0x61, 0x6C, 0x69, 0x61, 0x73, 0x2D, 0x73, 0x63,
            0x6F, 0x70, 0x65, 0x2D, 0x61, 0x72, 0x67, 0x28, 0x31, 0x29, 0x00, 0x00, 0x2B, 0x04, 0x92, 0x10,
            0x89, 0x15, 0x43, 0x49, 0x90, 0xC4, 0x48, 0x6C, 0x08, 0x4A, 0x02, 0x00, 0x33, 0x11, 0x61, 0x10,
            0x90, 0x01, 0x29, 0xCC, 0x44, 0x04, 0x01, 0x19, 0x8C, 0x42, 0x0A, 0x97, 0x1D, 0x31, 0x30, 0x20,
            0x10, 0x04, 0x03, 0x6C, 0x15, 0xAC, 0xA0, 0x87, 0x86, 0x21, 0xE3, 0x83, 0x61, 0x03, 0x22, 0x28,
            0x03, 0x02, 0x18, 0x64, 0x30, 0x83, 0x8E, 0xEA, 0x91, 0xC1, 0x0C, 0x36, 0x3C, 0xA0, 0x80, 0x50,
            0x06, 0x19, 0x82, 0xE6, 0x1A, 0x31, 0x28, 0xA2, 0x10, 0x04, 0x03, 0x5C, 0x50, 0x85, 0x60, 0xB8,
            0xA1, 0x08, 0xC6, 0x60, 0xC4, 0xA0, 0x88, 0x42, 0x10, 0x0C, 0x6C, 0xA1, 0x15, 0x82, 0x59, 0x06,
            0x21, 0x08, 0xC6, 0x10, 0x86, 0x30, 0xC8, 0xE5, 0xB2, 0x23, 0x06, 0x06, 0x04, 0x82, 0x60, 0x80,
            0xD5, 0xC2, 0x17, 0x8C, 0x21, 0xBC, 0xC1, 0x18, 0x8C, 0x21, 0xC0, 0xC1, 0x18, 0xF4, 0xC8, 0x00,
            0x07, 0x65, 0xF0, 0x0A, 0x19, 0x7C, 0x97, 0x02, 0x6F, 0x19, 0x43, 0x08, 0xCC, 0x60, 0x0C, 0x61,
            0x41, 0x83, 0x13, 0x02, 0xB9, 0xE0, 0x80, 0x0B, 0x16, 0xB9, 0x40, 0x81, 0x0B, 0xEE, 0x40, 0x2E,
            0xB8, 0x03, 0xB8, 0xE0, 0x0E, 0x10, 0x83, 0x5D, 0x80, 0x81, 0x1B, 0x02, 0xBC, 0x80, 0xE0, 0x0B,
            0xF4, 0x40, 0x2E, 0xD0, 0x03, 0xBC, 0x40, 0xE0, 0x61, 0x03, 0x02, 0x0C, 0x82, 0x01, 0x18, 0x31,
            0x30, 0xA2, 0x10, 0x04, 0x0B, 0xFF, 0x98, 0x85, 0x72, 0xE8, 0x06, 0x19, 0x38, 0x34, 0x88, 0x03,
            0x24, 0x83, 0x20, 0xFC, 0x31, 0x18, 0xC0, 0x7F, 0xC4, 0xC0, 0x88, 0x42, 0x10, 0x2C, 0xFC, 0x63,
            0x16, 0xD2, 0xA1, 0x43, 0x21, 0x20, 0xFF, 0x31, 0x84, 0xA0, 0x0F, 0x30, 0x88, 0x03, 0xF1, 0xC7,
            0x00, 0x0E, 0xC0, 0x7F, 0x0C, 0x81, 0xF8, 0x03, 0x0C, 0xE8, 0x40, 0xFC, 0x91, 0x0E, 0x82, 0xF0,
            0xEF, 0x91, 0xC2, 0x15, 0x46, 0xC1, 0x1D, 0xCC, 0x61, 0x14, 0x28, 0x20, 0x94, 0x39, 0x86, 0x3A,
            0x30, 0x4A, 0x61, 0x90, 0x21, 0xB0, 0x03, 0x3F, 0xC0, 0x60, 0x10, 0xFF, 0x1E, 0x29, 0x66, 0x01,
            0x15, 0xE6, 0x61, 0x1D, 0x4E, 0x81, 0x02, 0x42, 0x99, 0x63, 0xD0, 0x03, 0x44, 0x15, 0x06, 0x19,
            0x82, 0x3D, 0x18, 0x05, 0x0C, 0x06, 0xF1, 0xEF, 0x91, 0x02, 0x17, 0x5A, 0x01, 0x1F, 0xE0, 0x01,
            0x15, 0x28, 0x20, 0x94, 0x1E, 0x29, 0x74, 0xE1, 0x15, 0xF4, 0x41, 0x1E, 0x5A, 0x81, 0x02, 0x42,
            0xC1, 0x60, 0x00, 0x7F, 0x0C, 0x0C, 0xF0, 0xC7, 0x80, 0x01, 0xFF, 0x6C, 0x03, 0xC2, 0x0E, 0x32,
            0x04, 0xA5, 0x90, 0x0B, 0x83, 0x0C, 0x83, 0x29, 0xE8, 0xC2, 0x20, 0x03, 0x61, 0x0A, 0xB9, 0x80,
            0x42, 0x40, 0xFE, 0x3D, 0x52, 0x90, 0x43, 0x2E, 0xF0, 0x03, 0x3F, 0xE4, 0x02, 0x05, 0x84, 0x32,
            0xC8, 0x30, 0xA4, 0x82, 0x2C, 0x60, 0x20, 0x88, 0x7F, 0x8F, 0x14, 0xE8, 0xD0, 0x0B, 0x20, 0x01,
            0x12, 0xBC, 0x40, 0x01, 0xA1, 0x0C, 0x32, 0x1C, 0xAD, 0x50, 0x0B, 0x18, 0x08, 0xE2, 0x8F, 0x45,
            0x00, 0xFE, 0x3D, 0x52, 0xB4, 0x83, 0x38, 0x94, 0x44, 0x49, 0xF4, 0x02, 0x05, 0x84, 0x32, 0xC8,
            0xC0, 0xC8, 0x42, 0x2E, 0x60, 0x20, 0x88, 0x3F, 0x16, 0x01, 0xF8, 0x0F, 0x32, 0x04, 0xB7, 0xB0,
            0x0E, 0x23, 0x06, 0x47, 0x14, 0x82, 0x60, 0xE1, 0x1F, 0x6F, 0xD0, 0x16, 0x41, 0x30, 0x62, 0x60,
            0x44, 0x21, 0x08, 0x16, 0xFE, 0xD1, 0x06, 0x6D, 0x11, 0xCC, 0x31, 0xDC, 0x42, 0xA0, 0x0E, 0x83,
            0x0C, 0x01, 0x2E, 0xB0, 0x03, 0x16, 0x81, 0xF8, 0x8F, 0x18, 0x28, 0x12, 0x0C, 0x82, 0x85, 0x7F,
            0x8C, 0x01, 0x5E, 0xCC, 0x02, 0x16, 0xD8, 0xC2, 0x2D, 0x8C, 0x18, 0x1C, 0x51, 0x08, 0x82, 0x85,
            0x7F, 0x78, 0x7A, 0x11, 0xE8, 0xC2, 0x20, 0x43, 0xC0, 0x0B, 0xE3, 0x30, 0xC7, 0x10, 0x88, 0x83,
            0x3B, 0xF4, 0x08, 0xC1, 0x0F, 0xF1, 0x50, 0x12, 0x34, 0x41, 0xC1, 0x83, 0x8C, 0x18, 0x24, 0x53,
            0x08, 0x82, 0xC1, 0x06, 0x1A, 0x41, 0x2E, 0x0C, 0x36, 0x31, 0x13, 0x23, 0x06, 0x06, 0x04, 0x82,
            0x60, 0x80, 0x85, 0xC6, 0x3B, 0xC4, 0xC2, 0x2C, 0x81, 0x30, 0x62, 0x60, 0x40, 0x20, 0x08, 0x06,
            0x58, 0x68, 0xC0, 0xC3, 0x2E, 0x68, 0x40, 0x0C, 0x0E, 0x00, 0x00, 0x00, 0x5B, 0x06, 0xE4, 0x28,
            0x89, 0x2D, 0x43, 0x75, 0x94, 0xC4, 0x96, 0x61, 0x0E, 0x8E, 0x92, 0xD8, 0x32, 0xE0, 0xC1, 0x51,
            0x12, 0x5B, 0x86, 0x3E, 0x38, 0x4A, 0x62, 0xCB, 0xF0, 0x07, 0x47, 0x49, 0x6C, 0x19, 0x52, 0xE1,
            0x28, 0x89, 0x2D, 0x43, 0x2B, 0x1C, 0x25, 0xB1, 0x65, 0x90, 0x85, 0xA3, 0x24, 0xB6, 0x0C, 0xE1,
            0x70, 0x94, 0x04, 0x00, 0x00, 0x00, 0x00, 0x00, 0x61, 0x20, 0x00, 0x00, 0xE9, 0x02, 0x00, 0x00,
            0x13, 0x04, 0x56, 0x2C, 0x10, 0x00, 0x00, 0x00, 0x58, 0x00, 0x00, 0x00, 0x14, 0x98, 0x01, 0xA8,
            0x81, 0x52, 0xF7, 0x9E, 0x4C, 0x2E, 0xA8, 0xFB, 0xE9, 0x66, 0x5D, 0x85, 0xC2, 0x29, 0xD9, 0xE5,
            0x7B, 0x44, 0x81, 0x62, 0x29, 0xFF, 0x01, 0x12, 0x8C, 0x00, 0x8C, 0x35, 0x04, 0x41, 0x40, 0x95,
            0x11, 0x80, 0x12, 0x28, 0x82, 0x32, 0x28, 0x20, 0xD2, 0x8C, 0x25, 0x00, 0xC1, 0x58, 0xC2, 0x30,
            0x90, 0x6F, 0x04, 0x80, 0xBC, 0x23, 0x00, 0x63, 0x11, 0x41, 0x10, 0x04, 0x63, 0x11, 0x82, 0x20,
            0x08, 0x73, 0x10, 0x6C, 0x40, 0x06, 0xA8, 0x80, 0x0A, 0x63, 0x11, 0x40, 0x60, 0x1C, 0x73, 0x10,
            0x6C, 0x40, 0x06, 0x67, 0x80, 0x0A, 0x34, 0x18, 0x01, 0x18, 0x23, 0x00, 0x41, 0x10, 0xC4, 0xBF,
            0xD1, 0x80, 0x31, 0x82, 0x77, 0x26, 0x4D, 0xB4, 0x1B, 0x23, 0x00, 0x41, 0x10, 0x84, 0xBF, 0x31,
            0x02, 0x10, 0x04, 0x41, 0xFC, 0x1A, 0x23, 0x00, 0x41, 0x10, 0x54, 0xC1, 0x60, 0x8C, 0x00, 0x04,
            0x69, 0x93, 0x1F, 0x83, 0x31, 0x02, 0x15, 0xAF, 0x4F, 0xD9, 0x1B, 0x23, 0x00, 0x41, 0x10, 0x04,
            0xC1, 0x60, 0x8C, 0x00, 0x04, 0x41, 0x10, 0xFC, 0xC6, 0x08, 0x6E, 0xBC, 0x1D, 0x5B, 0x6E, 0x8C,
            0xE0, 0xD4, 0x41, 0x10, 0xFF, 0x88, 0x30, 0x1A, 0x30, 0x03, 0x30, 0x07, 0x21, 0x0E, 0xE2, 0x00,
            0x0E, 0xE0, 0x30, 0x16, 0x01, 0x82, 0x20, 0x88, 0x7F, 0x00, 0x00, 0x8C, 0x00, 0xCC, 0x41, 0x88,
            0x03, 0x38, 0x80, 0x03, 0x38, 0x50, 0x67, 0x34, 0x60, 0x06, 0x60, 0xAC, 0x01, 0x04, 0x41, 0x10,
            0xFF, 0x40, 0x10, 0x04, 0xF1, 0x0F, 0x04, 0x41, 0x10, 0xFF, 0x46, 0x00, 0xC6, 0x1A, 0x74, 0xD6,
            0x9C, 0xC3, 0xEF, 0xA5, 0xE1, 0xF5, 0xF7, 0x5A, 0x73, 0xCE, 0x79, 0x6F, 0xAC, 0x41, 0x67, 0xCD,
            0x39, 0xFD, 0xE6, 0x9C, 0x35, 0xD7, 0xCF, 0x9C, 0x73, 0xD6, 0xFD, 0xC6, 0x1A, 0x54, 0xBC, 0x3E,
            0x65, 0x4F, 0xC5, 0xEB, 0x53, 0xF6, 0x54, 0xBC, 0x3E, 0x65, 0x6F, 0xAC, 0x01, 0x04, 0x41, 0x50,
            0x06, 0x03, 0x10, 0x04, 0x41, 0x19, 0x0C, 0x40, 0x10, 0x04, 0x65, 0x30, 0x18, 0x6B, 0x00, 0x41,
            0x10, 0xC4, 0x7F, 0x01, 0x04, 0x41, 0x10, 0xFF, 0x05, 0x10, 0x04, 0x41, 0xFC, 0x17, 0xC6, 0x1A,
            0xDE, 0x99, 0x34, 0xD1, 0xEE, 0x9D, 0x49, 0x13, 0xED, 0xDE, 0x99, 0x34, 0xD1, 0x8E, 0xA0, 0x63,
            0x09, 0xEE, 0xF9, 0xFB, 0xE7, 0xE7, 0x9E, 0xBF, 0x7F, 0x7E, 0x63, 0x09, 0x20, 0x08, 0x82, 0xF0,
            0x07, 0x82, 0x20, 0x08, 0x7F, 0xA3, 0x01, 0x33, 0x00, 0x00, 0x00, 0x00, 0x33, 0x11, 0x4B, 0x40,
            0x06, 0xA3, 0xD0, 0x43, 0xC3, 0x1E, 0xC0, 0x81, 0x2D, 0xA4, 0x70, 0xD9, 0xBE, 0x20, 0x06, 0x39,
            0xC0, 0x85, 0x37, 0xE8, 0x0B, 0x82, 0x98, 0x83, 0x5C, 0x98, 0x83, 0xBE, 0x20, 0x0A, 0x3A, 0xD0,
            0x85, 0x39, 0xE8, 0x0B, 0xC2, 0xA8, 0x83, 0x5D, 0x98, 0x83, 0xBE, 0x20, 0x0E, 0x3B, 0x20, 0x07,
            0x3B, 0xE8, 0x0B, 0x02, 0xB9, 0x83, 0x72, 0xB0, 0x83, 0x59, 0x82, 0x60, 0xA0, 0xA2, 0x63, 0x03,
            0x60, 0xC5, 0xA8, 0x81, 0x8A, 0x4E, 0x0D, 0x80, 0x16, 0xA3, 0x06, 0x2A, 0x3A, 0x37, 0x00, 0x5A,
            0x8C, 0x1A, 0xA8, 0x08, 0x44, 0x03, 0x68, 0x31, 0x6A, 0xA0, 0xA2, 0x93, 0x09, 0xA0, 0xC5, 0xA8,
            0x81, 0x8A, 0xCE, 0x26, 0x80, 0x16, 0xA3, 0x86, 0x1B, 0x06, 0x73, 0x40, 0x83, 0x59, 0x06, 0xA1,
            0x0A, 0x46, 0x0C, 0x08, 0x2A, 0x04, 0xC1, 0xE0, 0x14, 0xEE, 0x81, 0x20, 0x09, 0xE9, 0x11, 0x22,
            0x08, 0x85, 0x5F, 0x38, 0x07, 0x0A, 0x10, 0x65, 0xC4, 0xC0, 0xAA, 0x42, 0x10, 0x0C, 0x4A, 0x81,
            0x1F, 0x08, 0xE3, 0x90, 0x03, 0x37, 0x08, 0x4C, 0x21, 0x1D, 0xD2, 0xC1, 0x1D, 0xD2, 0x21, 0x1E,
            0xCC, 0x81, 0x15, 0x58, 0x21, 0x1D, 0xF8, 0x80, 0x0F, 0x46, 0x0C, 0x0A, 0x2A, 0x04, 0xC1, 0x60,
            0x14, 0xFA, 0x81, 0x18, 0x31, 0x28, 0xAC, 0x10, 0x04, 0x83, 0x50, 0xF8, 0x87, 0x62, 0xB8, 0x21,
            0x58, 0x07, 0x30, 0x98, 0x65, 0x18, 0x8C, 0x60, 0xB8, 0x61, 0x61, 0x07, 0x30, 0x98, 0x65, 0x20,
            0x8A, 0x80, 0x2E, 0x09, 0xE9, 0x11, 0x22, 0x40, 0x85, 0x5E, 0x70, 0x07, 0x0A, 0x1E, 0x64, 0xC4,
            0x20, 0x99, 0x42, 0x10, 0x0C, 0x36, 0x9D, 0x08, 0x72, 0x81, 0x0D, 0xE0, 0xA1, 0x1D, 0x7A, 0x84,
            0x18, 0x54, 0xA1, 0x17, 0xE0, 0x81, 0x82, 0x07, 0x19, 0x31, 0x48, 0xA6, 0x10, 0x04, 0x83, 0x8D,
            0x27, 0x82, 0x5D, 0x68, 0x03, 0x79, 0x78, 0x87, 0x1E, 0x29, 0x0A, 0x56, 0xB8, 0x07, 0x79, 0x60,
            0x05, 0x0A, 0x08, 0x65, 0x90, 0x41, 0x62, 0x03, 0x53, 0x40, 0x21, 0x10, 0xFF, 0x1E, 0x29, 0x12,
            0x58, 0xD8, 0x07, 0x7B, 0x78, 0x05, 0x0A, 0x08, 0x65, 0x90, 0xC1, 0x82, 0x83, 0x54, 0x40, 0x21,
            0x10, 0x7F, 0x0C, 0x0A, 0xF0, 0xEF, 0x91, 0xC2, 0xA9, 0x05, 0x90, 0xD8, 0x87, 0x59, 0xA0, 0x80,
            0x50, 0x06, 0x19, 0xB6, 0x3A, 0x68, 0x05, 0x14, 0x02, 0xF1, 0xC7, 0x22, 0x00, 0xFF, 0x1E, 0x29,
            0x26, 0x5D, 0xE8, 0x07, 0x90, 0xD0, 0x05, 0x0A, 0x08, 0x05, 0x03, 0x47, 0xFC, 0x7B, 0xA4, 0xB0,
            0x7A, 0x01, 0x24, 0x46, 0x82, 0x17, 0x28, 0x20, 0x14, 0x0C, 0x1A, 0xF1, 0xC7, 0x80, 0x00, 0xFF,
            0x1E, 0x29, 0xB4, 0x70, 0x20, 0x89, 0x93, 0xF8, 0x05, 0x0A, 0x08, 0x05, 0x03, 0x46, 0xFC, 0x91,
            0x08, 0xC0, 0x7F, 0x90, 0x81, 0x51, 0x05, 0x70, 0x18, 0x64, 0x68, 0x54, 0x01, 0x1C, 0x50, 0x08,
            0xC8, 0x7F, 0x90, 0x81, 0x68, 0x85, 0x71, 0x18, 0x64, 0x28, 0x5A, 0x61, 0x1C, 0x50, 0x08, 0xC8,
            0x1F, 0x89, 0x20, 0xFC, 0x31, 0x08, 0x05, 0xF1, 0xC7, 0x20, 0x14, 0xC0, 0x7F, 0x90, 0x21, 0x08,
            0x85, 0x71, 0x18, 0x64, 0x08, 0x64, 0x61, 0x1C, 0x7A, 0x84, 0x48, 0x03, 0x78, 0x08, 0x09, 0x9B,
            0xA0, 0xE0, 0x41, 0x46, 0x0C, 0x92, 0x29, 0x04, 0xC1, 0x60, 0x13, 0x8D, 0x20, 0x24, 0x06, 0x9C,
            0xA8, 0x89, 0x59, 0x82, 0x62, 0x0C, 0xC1, 0x0E, 0xE2, 0x01, 0x83, 0x70, 0x10, 0x7F, 0x0C, 0xC4,
            0x01, 0xFC, 0x47, 0x0C, 0x8C, 0x28, 0x04, 0xC1, 0xC2, 0x3F, 0xDA, 0xC0, 0x2F, 0x82, 0x39, 0x86,
            0x5A, 0x08, 0xEC, 0x61, 0x90, 0x21, 0xB0, 0x85, 0x7C, 0x18, 0x31, 0x40, 0xA2, 0x10, 0x04, 0x0B,
            0xFF, 0xD0, 0x03, 0xBB, 0x98, 0x05, 0x59, 0x08, 0x30, 0xF8, 0x03, 0xF1, 0xC7, 0x20, 0x14, 0xC0,
            0x7F, 0x96, 0x80, 0x1A, 0x31, 0x28, 0xAC, 0x10, 0x04, 0x83, 0x50, 0x68, 0x0B, 0x3E, 0x18, 0x31,
            0x30, 0xAC, 0x10, 0x04, 0x0B, 0xFF, 0x88, 0x85, 0xB7, 0xE8, 0x83, 0x11, 0x03, 0xC3, 0x0A, 0x41,
            0xB0, 0xF0, 0x0F, 0x57, 0x88, 0x0B, 0x3F, 0x98, 0x63, 0xE8, 0x85, 0xC0, 0x1F, 0x06, 0x19, 0x02,
            0x5F, 0x08, 0x09, 0x0C, 0x48, 0x41, 0xFC, 0x31, 0x20, 0x05, 0xF0, 0xBF, 0xA3, 0x2C, 0x84, 0x66,
            0x41, 0x42, 0x7A, 0x64, 0x08, 0x48, 0x82, 0x2D, 0x28, 0x68, 0x94, 0x23, 0xE8, 0x02, 0x32, 0xA8,
            0x44, 0x0F, 0x08, 0x43, 0x40, 0x41, 0x60, 0x1C, 0x52, 0x17, 0x90, 0x41, 0x25, 0x7A, 0x40, 0x38,
            0x02, 0x0A, 0x02, 0xA3, 0x47, 0x86, 0xC5, 0x25, 0xF4, 0x82, 0x02, 0x06, 0x49, 0xA7, 0x12, 0x3D,
            0x20, 0x30, 0x01, 0x05, 0x81, 0x91, 0x41, 0x25, 0xFA, 0x82, 0x28, 0x02, 0xBD, 0xA0, 0x09, 0x0A,
            0x06, 0xA3, 0x2F, 0x88, 0x63, 0xE0, 0x8B, 0x9A, 0xA0, 0x60, 0x30, 0xFA, 0x82, 0x48, 0x0A, 0xBF,
            0xB0, 0x09, 0x0A, 0x06, 0xA3, 0x2F, 0x88, 0xE5, 0x40, 0x0D, 0x9D, 0xA0, 0x60, 0x30, 0xFA, 0x82,
            0x68, 0x12, 0xD5, 0xD8, 0x09, 0x0A, 0x06, 0xA3, 0x2F, 0x88, 0x67, 0x61, 0x0D, 0x9E, 0xA0, 0x60,
            0x30, 0xFA, 0x82, 0x88, 0x1A, 0xD7, 0xE8, 0x89, 0x0C, 0x1A, 0x4B, 0x41, 0x60, 0xA4, 0x56, 0x89,
            0xBE, 0x20, 0xAA, 0x40, 0x36, 0xC8, 0x82, 0x82, 0xC1, 0xE8, 0x0B, 0xE2, 0x1A, 0x68, 0xA3, 0x2C,
            0x28, 0x18, 0x8C, 0xBE, 0x20, 0xB2, 0xC2, 0x36, 0xCC, 0x82, 0x82, 0xC1, 0xC8, 0xAE, 0x12, 0x7D,
            0x41, 0x70, 0x41, 0x6E, 0xAC, 0x05, 0x05, 0x83, 0xD1, 0x17, 0x84, 0x37, 0xEC, 0x06, 0x5B, 0x50,
            0x30, 0x18, 0x7D, 0x41, 0x80, 0x41, 0xD1, 0x1B, 0x6D, 0x41, 0xC1, 0x60, 0x8C, 0x21, 0xD4, 0x41,
            0x5C, 0x8C, 0x21, 0xD8, 0x41, 0x5C, 0x60, 0x20, 0x80, 0x3F, 0x96, 0x45, 0x10, 0xFE, 0x73, 0x0C,
            0x33, 0xA1, 0xD5, 0xC5, 0x1C, 0x43, 0x90, 0xD5, 0xC5, 0x1C, 0x43, 0x80, 0xD5, 0xC5, 0x1C, 0xC3,
            0x4D, 0x10, 0x78, 0x31, 0xC8, 0x10, 0xE0, 0xC4, 0x5E, 0xE0, 0x10, 0x88, 0xFF, 0x1C, 0x43, 0x4E,
            0x58, 0x7B, 0x31, 0xC7, 0x10, 0x54, 0x7B, 0x31, 0xC7, 0x10, 0x50, 0x7B, 0x31, 0xC8, 0x20, 0x0A,
            0x30, 0x01, 0x1A, 0x28, 0x04, 0xE2, 0x8F, 0x81, 0x01, 0xFE, 0x73, 0x0C, 0x3F, 0x51, 0x85, 0xC6,
            0x1C, 0x43, 0x40, 0x85, 0xC6, 0x1C, 0x43, 0x30, 0x85, 0xC6, 0x20, 0x03, 0x2A, 0xD8, 0x44, 0x69,
            0xA0, 0x10, 0x88, 0x3F, 0x1A, 0x01, 0xF8, 0x8F, 0x18, 0x1C, 0x51, 0x08, 0x82, 0x85, 0x7F, 0xBC,
            0xC1, 0x8B, 0x04, 0xC1, 0x88, 0x81, 0x11, 0x85, 0x20, 0x58, 0xF8, 0x47, 0x1B, 0xBC, 0x48, 0x30,
            0xC7, 0x80, 0x16, 0x41, 0x6A, 0x0C, 0x32, 0x04, 0x69, 0xC1, 0x1A, 0x18, 0x14, 0xE2, 0x3F, 0x62,
            0x70, 0x44, 0x21, 0x08, 0x16, 0xFE, 0xF1, 0x06, 0x34, 0x12, 0xC0, 0xC4, 0x70, 0x44, 0xF0, 0x17,
            0x82, 0x7F, 0xD8, 0x00, 0xFE, 0xD3, 0x0D, 0x01, 0x21, 0xF4, 0xC8, 0xD0, 0x0A, 0xB0, 0x91, 0x1E,
            0x14, 0x30, 0xC8, 0x88, 0x81, 0x01, 0x81, 0x20, 0x18, 0x60, 0x27, 0xE2, 0x1A, 0x61, 0x91, 0x70,
            0x50, 0x89, 0xBE, 0x10, 0x84, 0x20, 0x83, 0xE5, 0x8E, 0x18, 0x20, 0x17, 0x08, 0x82, 0x01, 0x2B,
            0xAC, 0x08, 0x59, 0x04, 0xB1, 0xE1, 0x1A, 0xC3, 0x0D, 0x3A, 0xB1, 0x1F, 0x60, 0x30, 0xCB, 0x70,
            0x20, 0x41, 0x8F, 0x14, 0xB3, 0x60, 0x1B, 0x21, 0xC2, 0x1F, 0xB6, 0x41, 0x01, 0xA1, 0x0C, 0x32,
            0xDC, 0x82, 0x5D, 0xC0, 0x06, 0x0A, 0x81, 0xF8, 0xF7, 0x48, 0x71, 0x0B, 0xBA, 0x51, 0x22, 0x20,
            0x92, 0x1B, 0x14, 0x10, 0xCA, 0x20, 0xC3, 0x2E, 0xE8, 0xC5, 0x6C, 0xA0, 0x10, 0x88, 0x3F, 0x06,
            0x05, 0xF8, 0xF7, 0x48, 0xC1, 0x0B, 0xBF, 0xA1, 0x22, 0x25, 0xD2, 0x1B, 0x14, 0x10, 0xCA, 0x20,
            0x03, 0x38, 0xFC, 0xC5, 0x6D, 0xA0, 0x10, 0x88, 0x3F, 0x16, 0x01, 0xF8, 0xF7, 0x48, 0x11, 0x0E,
            0xE4, 0xF1, 0x22, 0x2A, 0x12, 0x1E, 0x14, 0x10, 0x0A, 0x0E, 0x01, 0xF8, 0xF7, 0x48, 0x41, 0x0E,
            0xE7, 0xA1, 0x22, 0x2D, 0x72, 0x1E, 0x14, 0x10, 0x0A, 0x06, 0x91, 0xF8, 0xF7, 0x48, 0x71, 0x0E,
            0xEA, 0xD1, 0x22, 0x30, 0x92, 0x1E, 0x14, 0x10, 0x0A, 0x06, 0x90, 0xF8, 0x63, 0x40, 0x80, 0x7F,
            0x8F, 0x14, 0xEB, 0xE0, 0x1E, 0x31, 0x42, 0x23, 0xEC, 0x41, 0x01, 0xA1, 0x60, 0xF0, 0x88, 0x3F,
            0x12, 0x01, 0xF8, 0xF7, 0x48, 0xF1, 0x0E, 0xF2, 0x51, 0x23, 0x38, 0xF2, 0x1E, 0x14, 0x10, 0x0A,
            0x0E, 0x01, 0xF8, 0x8F, 0x18, 0x1C, 0x51, 0x08, 0x82, 0x85, 0x7F, 0xBC, 0x41, 0x9F, 0xF8, 0x41,
            0x5E, 0x0C, 0x47, 0x04, 0xE8, 0x21, 0xF8, 0x87, 0x81, 0x02, 0xF8, 0x4F, 0x37, 0x04, 0xA1, 0x20,
            0x8C, 0x21, 0x4C, 0xF7, 0x31, 0x86, 0x40, 0xDD, 0x07, 0x0A, 0x01, 0xF9, 0x8F, 0x18, 0x18, 0x51,
            0x08, 0x82, 0x85, 0x7F, 0xB4, 0x41, 0xA9, 0x04, 0x73, 0x0C, 0xBD, 0x11, 0xF4, 0x47, 0x8F, 0x10,
            0xFB, 0xE0, 0x1F, 0x33, 0x42, 0x26, 0x14, 0x3C, 0xC8, 0x88, 0x41, 0x32, 0x85, 0x20, 0x18, 0x6C,
            0xB0, 0x12, 0xBC, 0xC8, 0x60, 0x26, 0x63, 0xD2, 0x23, 0x43, 0x3F, 0x80, 0xC8, 0x8C, 0x64, 0x70,
            0x5E, 0x0A, 0x2A, 0x65, 0x8E, 0x21, 0x3C, 0xDC, 0x61, 0x44, 0xE6, 0x18, 0x82, 0x76, 0x18, 0x91,
            0x39, 0x86, 0x80, 0x1D, 0x46, 0x64, 0x90, 0xC1, 0x29, 0x8F, 0xFC, 0x18, 0x31, 0x38, 0xA2, 0x10,
            0x04, 0x0B, 0xFF, 0x78, 0x83, 0x57, 0x79, 0x84, 0x39, 0x06, 0x21, 0x28, 0x91, 0x3C, 0x1E, 0x3A,
            0x62, 0x90, 0x4C, 0x21, 0x08, 0x06, 0x9B, 0xAE, 0x04, 0x39, 0x22, 0xC0, 0x49, 0x9B, 0x0C, 0x32,
            0x90, 0xC1, 0x7B, 0x94, 0xC8, 0x20, 0x43, 0x19, 0xBC, 0x47, 0x89, 0xA0, 0x10, 0x90, 0xFF, 0x20,
            0x43, 0x26, 0x1F, 0x28, 0x32, 0xC8, 0xA0, 0xC9, 0x07, 0x8A, 0xA0, 0x10, 0x90, 0x3F, 0x12, 0x41,
            0xF8, 0x63, 0x60, 0x1E, 0xE2, 0x8F, 0x81, 0x79, 0x80, 0xFF, 0x20, 0x43, 0x60, 0x1E, 0x28, 0x32,
            0xC8, 0x10, 0xDC, 0x07, 0x8A, 0xF4, 0x08, 0x21, 0x13, 0x35, 0x62, 0x26, 0x7B, 0x42, 0xC1, 0x83,
            0x8C, 0x18, 0x24, 0x53, 0x08, 0x82, 0xC1, 0x76, 0x2E, 0x81, 0x99, 0x0C, 0x7D, 0xA2, 0x27, 0xB3,
            0x04, 0xC8, 0x40, 0x45, 0xE7, 0x07, 0x87, 0xDF, 0x18, 0x64, 0x1E, 0x83, 0x31, 0x1C, 0x11, 0xAC,
            0x88, 0xE0, 0x1F, 0xB3, 0x0C, 0xC9, 0x12, 0xCC, 0x32, 0x28, 0x53, 0x29, 0xD0, 0x79, 0x0C, 0xC6,
            0x1C, 0x43, 0x7E, 0x04, 0x3B, 0x42, 0xE8, 0x31, 0x18, 0x73, 0x0C, 0x42, 0xC0, 0x23, 0x94, 0x1E,
            0x83, 0x31, 0xC7, 0x20, 0x04, 0x3D, 0x32, 0xC7, 0xF0, 0x1F, 0x08, 0x98, 0x0C, 0x32, 0x04, 0x20,
            0x32, 0x26, 0x18, 0xA0, 0x87, 0xF8, 0x63, 0x40, 0x88, 0x3F, 0x06, 0xEB, 0x01, 0xFE, 0xB3, 0x04,
            0x93, 0xA5, 0x07, 0xF8, 0xD3, 0x7C, 0x0C, 0xC6, 0x1C, 0x43, 0x89, 0x04, 0x67, 0x42, 0xF4, 0x31,
            0x18, 0x73, 0x0C, 0x42, 0x80, 0x26, 0x54, 0x1F, 0x83, 0x31, 0xC7, 0x20, 0x04, 0x69, 0x42, 0xF6,
            0x31, 0x18, 0x73, 0x0C, 0x2C, 0x12, 0xB4, 0xC9, 0x20, 0x43, 0xD0, 0x22, 0x70, 0x32, 0x62, 0x80,
            0x44, 0x21, 0x08, 0x16, 0xFE, 0xA1, 0x07, 0xED, 0x82, 0x22, 0x44, 0x40, 0xF9, 0x31, 0x18, 0x23,
            0x06, 0x47, 0x14, 0x82, 0x60, 0xE1, 0x1F, 0x6B, 0xC0, 0x2F, 0xC1, 0x8E, 0x8C, 0x21, 0x0C, 0x72,
            0x32, 0x86, 0x40, 0xC8, 0xC9, 0x18, 0x42, 0x21, 0x27, 0x23, 0x06, 0x47, 0x14, 0x82, 0x60, 0xE1,
            0x1F, 0x6B, 0x00, 0x32, 0x42, 0x30, 0x62, 0x70, 0x44, 0x21, 0x08, 0x16, 0xFE, 0xB1, 0x06, 0x21,
            0x43, 0x04, 0x88, 0x26, 0x4B, 0xF8, 0x63, 0x9A, 0x08, 0xE1, 0x8F, 0x81, 0x20, 0xFE, 0x18, 0x10,
            0xE0, 0x8F, 0x45, 0x40, 0xFE, 0x23, 0x06, 0x0E, 0x06, 0x83, 0x60, 0xE1, 0x1F, 0x76, 0xC0, 0x2F,
            0x7B, 0xD1, 0x0E, 0xF1, 0x70, 0xB5, 0xC8, 0x12, 0xA0, 0xCA, 0xA9, 0x60, 0x30, 0x22, 0xE2, 0x8F,
            0x41, 0x89, 0x80, 0xFF, 0x88, 0xC1, 0x11, 0x85, 0x20, 0x58, 0xF8, 0xC7, 0x1B, 0x9C, 0x0C, 0x3C,
            0x68, 0x23, 0x06, 0x47, 0x14, 0x82, 0x60, 0xE1, 0x1F, 0x6B, 0xB0, 0x32, 0xC1, 0x9B, 0x50, 0xAB,
            0x04, 0xC6, 0x05, 0xAA, 0x22, 0x17, 0xA8, 0x0A, 0x5C, 0xA0, 0x2A, 0x88, 0x81, 0xBC, 0xC0, 0xC0,
            0x0D, 0x01, 0x5E, 0x40, 0xF0, 0x05, 0xAD, 0x22, 0x17, 0xB4, 0x0A, 0x5E, 0x20, 0xF0, 0xB0, 0x01,
            0x71, 0x2B, 0xC1, 0x00, 0x8C, 0x18, 0x18, 0x51, 0x08, 0x82, 0x85, 0x7F, 0xA4, 0xC1, 0xCD, 0x04,
            0x18, 0xE4, 0x89, 0xF8, 0x0F, 0x47, 0x04, 0x12, 0xE1, 0x1F, 0xB3, 0x0C, 0xCC, 0x13, 0x8C, 0x18,
            0x20, 0x59, 0x0C, 0x82, 0x85, 0x7F, 0xCC, 0xC1, 0xCB, 0xFC, 0x43, 0xA7, 0x2B, 0x23, 0x06, 0x47,
            0x14, 0x82, 0x60, 0xE1, 0x1F, 0x6F, 0x70, 0x33, 0xC1, 0x8C, 0x60, 0x90, 0x27, 0xE2, 0x3F, 0xC7,
            0x00, 0x27, 0x41, 0xAC, 0x0C, 0x32, 0x04, 0x71, 0x42, 0x2B, 0x18, 0x14, 0xE2, 0x8F, 0x38, 0x12,
            0x84, 0xFF, 0x88, 0xC1, 0x11, 0x85, 0x20, 0x58, 0xF8, 0xC7, 0x1B, 0xF4, 0x8C, 0x49, 0x04, 0xC3,
            0x11, 0x01, 0xAA, 0x28, 0xFE, 0x31, 0xCB, 0xD0, 0x38, 0xC1, 0x88, 0xC1, 0x11, 0x85, 0x20, 0x58,
            0xF8, 0xC7, 0x1B, 0xFC, 0x4C, 0x22, 0x07, 0x23, 0x06, 0x47, 0x14, 0x82, 0x60, 0xE1, 0x1F, 0x6B,
            0x30, 0x36, 0x81, 0xAA, 0xA0, 0x9D, 0xA8, 0x41, 0xF8, 0xE3, 0xAA, 0x08, 0xE1, 0x3F, 0x62, 0x60,
            0x44, 0x21, 0x08, 0x16, 0xFE, 0xD1, 0x06, 0x64, 0x13, 0x8C, 0x18, 0x1C, 0x51, 0x08, 0x82, 0x85,
            0x7F, 0xAC, 0x81, 0xD9, 0x04, 0xA8, 0x32, 0xC7, 0xC0, 0x27, 0x41, 0xAF, 0x0C, 0x32, 0x04, 0x7D,
            0x02, 0x2E, 0x18, 0x18, 0xE2, 0x8F, 0x41, 0x1C, 0x80, 0x3F, 0xC2, 0x81, 0xAC, 0x80, 0x3F, 0x06,
            0x81, 0xF8, 0x63, 0xB0, 0x2A, 0xE2, 0x8F, 0xB5, 0x12, 0x84, 0x3F, 0x96, 0x41, 0x20, 0xFE, 0x18,
            0x0C, 0xE0, 0x8F, 0xD2, 0x20, 0xFE, 0x18, 0x14, 0xE0, 0x8F, 0x54, 0x1A, 0x88, 0x3F, 0x0A, 0x84,
            0xF8, 0xA3, 0x10, 0x90, 0xFF, 0x1C, 0xC3, 0xAA, 0x04, 0xEC, 0x32, 0xC7, 0xC0, 0x2A, 0x55, 0xBB,
            0x60, 0x20, 0x88, 0xFF, 0x20, 0x43, 0xE0, 0x2A, 0xF1, 0x82, 0x01, 0x24, 0xFE, 0x23, 0x06, 0x47,
            0x14, 0x82, 0x60, 0xE1, 0x1F, 0x6F, 0x90, 0x37, 0x62, 0x31, 0x06, 0x23, 0x06, 0x47, 0x14, 0x82,
            0x60, 0xE1, 0x1F, 0x6B, 0xD0, 0x37, 0x01, 0xB9, 0x20, 0x1E, 0xCC, 0x81, 0xF8, 0x63, 0x20, 0x88,
            0x3F, 0x06, 0xBC, 0x02, 0xFE, 0x73, 0x0C, 0xB5, 0x12, 0xD8, 0xCB, 0x20, 0x43, 0x60, 0x2B, 0xF9,
            0x82, 0x48, 0x40, 0xFE, 0x23, 0x06, 0x47, 0x14, 0x82, 0x60, 0xE1, 0x1F, 0x1E, 0xEA, 0x04, 0xB1,
            0x82, 0x01, 0xA8, 0x88, 0xFF, 0x2C, 0x81, 0x33, 0x50, 0xD1, 0x09, 0x0D, 0x6A, 0x30, 0x03, 0x15,
            0x01, 0xA9, 0x35, 0xAE, 0xC6, 0x0C, 0x54, 0x74, 0x28, 0xD5, 0xF8, 0x03, 0x33, 0x50, 0xD1, 0xD1,
            0x42, 0x43, 0x52, 0xCC, 0x2C, 0x03, 0x34, 0xA5, 0xC1, 0x88, 0xC1, 0xA1, 0xC5, 0x20, 0x58, 0xF8,
            0x47, 0x1C, 0x94, 0x0E, 0x5C, 0xAC, 0x0C, 0x06, 0xA4, 0x12, 0xFE, 0x23, 0x06, 0x47, 0x14, 0x82,
            0x60, 0xE1, 0x1F, 0x6F, 0x90, 0x3A, 0x41, 0x30, 0x62, 0x60, 0x44, 0x21, 0x08, 0x16, 0xFE, 0xD1,
            0x06, 0xA9, 0x13, 0xCC, 0x31, 0x88, 0x4B, 0x30, 0x32, 0x83, 0x0C, 0xC1, 0xB8, 0x98, 0x0C, 0x06,
            0x85, 0xF8, 0x8F, 0x18, 0x1C, 0x51, 0x08, 0x82, 0x85, 0x7F, 0xBC, 0x81, 0xEB, 0x04, 0xE1, 0x30,
            0x62, 0x70, 0x44, 0x21, 0x08, 0x16, 0xFE, 0xB1, 0x06, 0xB2, 0x13, 0xE4, 0x0B, 0xE6, 0x4B, 0x10,
            0xFE, 0x23, 0x06, 0x46, 0x14, 0x82, 0x60, 0xE1, 0x1F, 0x6D, 0x20, 0x3B, 0xC1, 0x88, 0xC1, 0x11,
            0x85, 0x20, 0x58, 0xF8, 0xC7, 0x1A, 0xD0, 0x4E, 0x60, 0x2F, 0x73, 0x0C, 0xEA, 0x12, 0xAC, 0xCC,
            0x20, 0x43, 0xB0, 0x2E, 0x2E, 0x83, 0xBE, 0x40, 0x2E, 0xE0, 0x8F, 0x81, 0x20, 0xFE, 0xC8, 0x2E,
            0xE0, 0x10, 0xFE, 0x18, 0x08, 0xE0, 0x3F, 0xC7, 0x00, 0x2F, 0xBA, 0x10, 0x33, 0x83, 0x0C, 0x41,
            0xBC, 0xD0, 0x0C, 0xE6, 0x0B, 0x2E, 0x84, 0xFF, 0x1C, 0xC3, 0xBC, 0x04, 0x34, 0x33, 0xC8, 0x10,
            0xD0, 0xCB, 0xCD, 0xE0, 0x3A, 0xF0, 0x8A, 0xF8, 0x63, 0x50, 0x88, 0x3F, 0x06, 0x88, 0xF8, 0x63,
            0x40, 0x90, 0xFF, 0x2C, 0x01, 0x34, 0x50, 0xD1, 0xF9, 0x81, 0x23, 0x3C, 0x03, 0x15, 0x9D, 0x1E,
            0x38, 0x78, 0xF0, 0x60, 0x6B, 0xC8, 0x8B, 0xF8, 0x63, 0xC0, 0x23, 0xE0, 0x3F, 0xDC, 0x30, 0x2E,
            0xAC, 0x63, 0x06, 0xB3, 0x0C, 0x91, 0x14, 0x8C, 0x21, 0x14, 0x3F, 0x33, 0x86, 0x60, 0xFC, 0xCC,
            0x18, 0xC2, 0xF1, 0x33, 0x23, 0x06, 0x47, 0x14, 0x82, 0x60, 0xE1, 0x1F, 0x6B, 0xD0, 0x3E, 0x42,
            0x30, 0x62, 0x70, 0x44, 0x21, 0x08, 0x16, 0xFE, 0xB1, 0x06, 0xEE, 0x43, 0x04, 0x04, 0x37, 0x81,
            0x71, 0x41, 0xDB, 0xC8, 0x05, 0x6D, 0x03, 0x17, 0xB4, 0x0D, 0x62, 0x50, 0x3B, 0x30, 0x70, 0x43,
            0x80, 0x17, 0x10, 0x7C, 0x01, 0xDC, 0xC8, 0x05, 0x70, 0x83, 0x17, 0x08, 0x3C, 0x6C, 0x40, 0xE8,
            0x4D, 0x30, 0x00, 0x23, 0x06, 0x46, 0x14, 0x82, 0x60, 0xE1, 0x1F, 0x69, 0xA0, 0x3F, 0x01, 0x06,
            0x3C, 0x23, 0xFE, 0xC3, 0x11, 0x41, 0x23, 0xF8, 0xC7, 0x1C, 0x03, 0xCC, 0x38, 0x71, 0x33, 0xC8,
            0x10, 0xC4, 0x0C, 0xDD, 0x60, 0x16, 0x90, 0xFF, 0x2C, 0xC3, 0x24, 0x11, 0x03, 0x15, 0x9D, 0x10,
            0xD1, 0x01, 0x84, 0xFA, 0x32, 0x3E, 0x20, 0x30, 0x4B, 0x30, 0x0D, 0xB4, 0x74, 0x7E, 0xA2, 0xF8,
            0x49, 0x62, 0x0F, 0x0E, 0x1E, 0x44, 0x78, 0x20, 0x0D, 0xB4, 0x04, 0xA4, 0xA7, 0x90, 0x5E, 0x62,
            0x0F, 0x0E, 0xE9, 0x45, 0x7A, 0x27, 0x0D, 0xB4, 0x74, 0x68, 0xA2, 0xF8, 0x57, 0x62, 0x0F, 0x0E,
            0x7D, 0x44, 0xF4, 0x21, 0x0D, 0xB4, 0x74, 0xFE, 0xA5, 0xF8, 0x57, 0xE2, 0x5F, 0x8E, 0x7F, 0x45,
            0x8A, 0x34, 0xD0, 0x12, 0x80, 0x9E, 0xE2, 0x5F, 0x89, 0x7F, 0x39, 0xFE, 0x15, 0x29, 0xD2, 0x40,
            0x4B, 0xE7, 0x5F, 0x8A, 0x7F, 0x25, 0xFA, 0xE0, 0x80, 0x42, 0x04, 0x0A, 0xD2, 0x40, 0x4B, 0xE7,
            0x5F, 0x8A, 0x7F, 0x25, 0xFE, 0xE5, 0xF8, 0x57, 0xE4, 0x07, 0xD2, 0x88, 0x81, 0x01, 0x81, 0x20,
            0x18, 0x60, 0x2E, 0x94, 0x37, 0x2C, 0x33, 0x4B, 0x40, 0x0D, 0x54, 0x74, 0x2A, 0x56, 0x38, 0xD3,
            0x40, 0x45, 0x20, 0x7B, 0x85, 0x33, 0x0D, 0x54, 0x74, 0x2A, 0x55, 0x38, 0xD3, 0x40, 0x45, 0xC7,
            0x62, 0x85, 0x33, 0x0D, 0x54, 0x04, 0x2C, 0x56, 0x38, 0xD3, 0x40, 0x45, 0xC7, 0x62, 0x85, 0x33,
            0x0D, 0x54, 0x74, 0x2C, 0x56, 0x38, 0xD3, 0x88, 0x41, 0x41, 0x85, 0x20, 0x18, 0x9C, 0x41, 0x0C,
            0x95, 0xCC, 0x70, 0x83, 0xA1, 0x3E, 0x60, 0x30, 0xCB, 0x10, 0x54, 0xC1, 0x40, 0x45, 0xC7, 0x50,
            0x38, 0x16, 0x6C, 0x00, 0x61, 0x20, 0x00, 0x00, 0x88, 0x00, 0x00, 0x00, 0x13, 0x04, 0x41, 0x2C,
            0x10, 0x00, 0x00, 0x00, 0x14, 0x00, 0x00, 0x00, 0x14, 0x28, 0x75, 0xEF, 0xC9, 0xE4, 0x82, 0xBA,
            0x9F, 0x6E, 0xD6, 0x55, 0x28, 0x9C, 0x92, 0x5D, 0xBE, 0x47, 0x14, 0x28, 0x16, 0x12, 0x8C, 0x00,
            0x50, 0x65, 0x04, 0xA0, 0x04, 0x8A, 0x80, 0x06, 0x63, 0x04, 0x20, 0x08, 0x82, 0xF8, 0x35, 0x46,
            0x40, 0x96, 0xBC, 0x7E, 0x7F, 0x63, 0x04, 0x20, 0x08, 0x82, 0xF8, 0x37, 0x46, 0xB0, 0xFB, 0xA3,
            0xCC, 0x62, 0xD4, 0x19, 0x0D, 0x98, 0x01, 0x18, 0x6B, 0x00, 0x40, 0x10, 0x04, 0xF1, 0x0F, 0x18,
            0x6B, 0x00, 0x41, 0x10, 0xC4, 0x3F, 0x00, 0x00, 0x24, 0x05, 0xC6, 0x05, 0x92, 0x5C, 0x20, 0xC1,
            0x05, 0x12, 0x62, 0x50, 0x07, 0x30, 0x70, 0x43, 0x80, 0x17, 0x10, 0x7C, 0x41, 0x25, 0x17, 0x54,
            0x78, 0x81, 0xC0, 0x23, 0x06, 0x46, 0x14, 0x82, 0x60, 0xE1, 0x1F, 0x69, 0xA0, 0x0B, 0xC1, 0x09,
            0x9C, 0x5C, 0xC0, 0xC1, 0x05, 0x1C, 0x62, 0xF0, 0x07, 0x30, 0x70, 0x43, 0x80, 0x17, 0x10, 0x7C,
            0xC1, 0x27, 0x17, 0x7C, 0x78, 0x81, 0xC0, 0xC3, 0x06, 0x84, 0x19, 0x04, 0x03, 0x30, 0x62, 0x60,
            0x44, 0x21, 0x08, 0x16, 0xFE, 0x91, 0x06, 0xE4, 0x10, 0x60, 0xD0, 0x89, 0xFF, 0x18, 0x42, 0x1A,
            0x84, 0xC1, 0x88, 0x81, 0x11, 0x85, 0x20, 0x58, 0xF8, 0x47, 0x1B, 0xF4, 0x42, 0x30, 0x1C, 0x11,
            0x7C, 0x82, 0x7F, 0x4C, 0x37, 0x6C, 0x5A, 0x80, 0x60, 0x50, 0x84, 0xFF, 0x88, 0x81, 0x11, 0x85,
            0x20, 0x58, 0xF8, 0x47, 0x1B, 0x88, 0x43, 0x30, 0x62, 0x60, 0x44, 0x21, 0x08, 0x16, 0xFE, 0xD1,
            0x06, 0xE3, 0x70, 0xE0, 0x24, 0x06, 0xE2, 0x3F, 0x86, 0x50, 0xA0, 0xC1, 0x18, 0x82, 0x1C, 0xA0,
            0x01, 0x0A, 0x81, 0xF8, 0x8F, 0x21, 0xD0, 0xC1, 0x1A, 0x8C, 0x21, 0x24, 0x6B, 0x80, 0x81, 0x20,
            0xFE, 0x48, 0x04, 0xE1, 0x3F, 0xC7, 0x80, 0x06, 0x01, 0x1C, 0x20, 0x01, 0x89, 0xFF, 0x18, 0x82,
            0x23, 0x07, 0x18, 0x24, 0xE2, 0x8F, 0x43, 0x10, 0xFE, 0x73, 0x0C, 0x45, 0x40, 0x07, 0x48, 0x28,
            0xE2, 0x8F, 0x8E, 0x25, 0xFE, 0x28, 0x04, 0xE1, 0x3F, 0xC7, 0x40, 0x04, 0x77, 0x30, 0x62, 0x70,
            0x44, 0x21, 0x08, 0x16, 0xFE, 0xF1, 0x06, 0xFB, 0x10, 0x04, 0x23, 0x06, 0x46, 0x14, 0x82, 0x60,
            0xE1, 0x1F, 0x6D, 0xB0, 0x0F, 0xC1, 0x1C, 0x43, 0x1D, 0x04, 0x7C, 0x30, 0xC8, 0x10, 0xD8, 0x81,
            0x1F, 0x60, 0x11, 0x88, 0xFF, 0x1C, 0x03, 0x1E, 0x60, 0x7F, 0x30, 0xC8, 0x10, 0xE4, 0x41, 0x28,
            0x8C, 0x18, 0x18, 0x51, 0x08, 0x82, 0x85, 0x7F, 0xB4, 0x81, 0x3F, 0x64, 0x73, 0x0C, 0x7B, 0x10,
            0x88, 0xC2, 0x20, 0x43, 0xC0, 0x07, 0xA4, 0x80, 0x46, 0x20, 0xFE, 0x63, 0x08, 0xC7, 0x28, 0x60,
            0xA0, 0x89, 0xFF, 0x18, 0x42, 0x62, 0x0A, 0x18, 0x78, 0xE2, 0x8F, 0x43, 0x10, 0xFE, 0x73, 0x0C,
            0xA2, 0x10, 0xA8, 0xC2, 0x18, 0x42, 0xB3, 0x0A, 0x18, 0x88, 0x81, 0xF8, 0x23, 0xC2, 0x06, 0xE2,
            0x8F, 0x42, 0x10, 0xFE, 0x73, 0x0C, 0x45, 0xE0, 0x0A, 0x98, 0xBC, 0x81, 0xF8, 0xA3, 0x51, 0x06,
            0xE2, 0x8F, 0x42, 0x10, 0xFE, 0x73, 0x0C, 0x44, 0x10, 0x0B, 0x23, 0x06, 0x46, 0x14, 0x82, 0x60,
            0xE1, 0x1F, 0x6D, 0x20, 0x13, 0x6C, 0x30, 0xC7, 0xE0, 0x0A, 0x41, 0x2D, 0x0C, 0x32, 0x04, 0xAF,
            0x70, 0x0B, 0x48, 0x04, 0xE2, 0x8F, 0x01, 0x05, 0xFE, 0x18, 0x64, 0xE2, 0x3F, 0xC7, 0x30, 0x0B,
            0x74, 0xA0, 0x0B, 0x83, 0x0C, 0x01, 0x2D, 0xF0, 0x02, 0x06, 0xE4, 0x20, 0xFE, 0x48, 0x04, 0xE0,
            0x3F, 0x62, 0x70, 0x44, 0x21, 0x08, 0x16, 0xFE, 0xF1, 0x06, 0x3F, 0x11, 0x04, 0x23, 0x06, 0x46,
            0x14, 0x82, 0x60, 0xE1, 0x1F, 0x6D, 0xF0, 0x13, 0xC1, 0x1C, 0x43, 0x2E, 0x04, 0xE0, 0x30, 0xC8,
            0x10, 0xE8, 0x82, 0x38, 0x60, 0x11, 0x88, 0xFF, 0x06, 0x00, 0x00, 0x00, 0x61, 0x20, 0x00, 0x00,
            0x92, 0x00, 0x00, 0x00, 0x13, 0x04, 0x41, 0x2C, 0x10, 0x00, 0x00, 0x00, 0x16, 0x00, 0x00, 0x00,
            0x14, 0x28, 0x75, 0xEF, 0xC9, 0xE4, 0x82, 0xBA, 0x9F, 0x6E, 0xD6, 0x55, 0x28, 0x9C, 0x92, 0x5D,
            0xBE, 0x47, 0x14, 0x28, 0x16, 0x12, 0x8C, 0x00, 0x50, 0x65, 0x04, 0xA0, 0x04, 0x8A, 0x80, 0x06,
            0x63, 0x04, 0x20, 0x08, 0x82, 0xF8, 0x37, 0x46, 0x00, 0x82, 0x20, 0x88, 0x5F, 0x63, 0x04, 0x64,
            0xC9, 0xEB, 0xF7, 0x37, 0x46, 0x00, 0x82, 0x20, 0x88, 0xFF, 0xC2, 0x18, 0xC1, 0xEE, 0x8F, 0x32,
            0x8B, 0x51, 0x67, 0x34, 0x60, 0x06, 0x60, 0xAC, 0x01, 0x00, 0x41, 0x10, 0xC4, 0x3F, 0x60, 0xAC,
            0x01, 0x04, 0x41, 0x10, 0xFF, 0x00, 0x00, 0x00, 0x34, 0x05, 0xC6, 0x05, 0x93, 0x5C, 0x30, 0xC1,
            0x05, 0x13, 0x62, 0x70, 0x07, 0x30, 0x70, 0x43, 0x80, 0x17, 0x10, 0x7C, 0x81, 0x25, 0x17, 0x58,
            0x78, 0x81, 0xC0, 0x23, 0x06, 0x46, 0x14, 0x82, 0x60, 0xE1, 0x1F, 0x69, 0xC0, 0x0B, 0xC1, 0x09,
            0x9D, 0x5C, 0xD0, 0xC1, 0x05, 0x1D, 0x62, 0x10, 0x0A, 0x30, 0x70, 0x43, 0x80, 0x17, 0x10, 0x7C,
            0x01, 0x18, 0xC8, 0x05, 0x60, 0x80, 0x17, 0x08, 0x3C, 0x6C, 0x40, 0x9C, 0x41, 0x30, 0x00, 0x23,
            0x06, 0x46, 0x14, 0x82, 0x60, 0xE1, 0x1F, 0x69, 0x60, 0x0E, 0x01, 0x06, 0x9D, 0xF8, 0x8F, 0x21,
            0xAC, 0x81, 0x18, 0x8C, 0x18, 0x18, 0x51, 0x08, 0x82, 0x85, 0x7F, 0xB4, 0xC1, 0x2F, 0x04, 0xC3,
            0x11, 0xC1, 0x27, 0xF8, 0xC7, 0x74, 0xC3, 0xA6, 0x05, 0x38, 0x06, 0x45, 0xF8, 0xE3, 0x1B, 0xBC,
            0x81, 0xF8, 0x63, 0x10, 0x88, 0x3F, 0x06, 0x63, 0x00, 0xFE, 0x98, 0x04, 0xE2, 0x8F, 0x01, 0x1A,
            0x80, 0x3F, 0x1A, 0x01, 0xF9, 0x8F, 0x18, 0x18, 0x51, 0x08, 0x82, 0x85, 0x7F, 0xB4, 0x81, 0x3A,
            0x04, 0x18, 0x04, 0xE2, 0x8F, 0x6C, 0x10, 0x84, 0xFF, 0x88, 0x81, 0x11, 0x85, 0x20, 0x58, 0xF8,
            0x47, 0x1B, 0xB4, 0x43, 0x80, 0x9B, 0x1A, 0x88, 0xFF, 0x18, 0x42, 0x13, 0x07, 0x63, 0x08, 0x7C,
            0x10, 0x07, 0x28, 0x04, 0xE2, 0x3F, 0x86, 0xE0, 0x07, 0x74, 0x30, 0x86, 0x10, 0xD1, 0x01, 0x06,
            0x82, 0xF8, 0x23, 0x11, 0x84, 0xFF, 0x1C, 0x03, 0x1C, 0x04, 0x79, 0x80, 0x04, 0x26, 0xFE, 0x63,
            0x08, 0xD6, 0x1E, 0x60, 0x90, 0x88, 0x3F, 0x0E, 0x41, 0xF8, 0xCF, 0x31, 0x14, 0x41, 0x1F, 0x20,
            0xA1, 0x88, 0x3F, 0x3A, 0x9E, 0xF8, 0xA3, 0x10, 0x84, 0xFF, 0x1C, 0x03, 0x11, 0x80, 0xC2, 0x88,
            0xC1, 0x11, 0x85, 0x20, 0x58, 0xF8, 0xC7, 0x1B, 0x94, 0x44, 0x10, 0x8C, 0x18, 0x18, 0x51, 0x08,
            0x82, 0x85, 0x7F, 0xB4, 0x41, 0x49, 0x04, 0x73, 0x0C, 0x7D, 0x10, 0x94, 0xC2, 0x20, 0x43, 0xE0,
            0x07, 0xA7, 0x80, 0x45, 0x20, 0xFE, 0x73, 0x0C, 0xA0, 0x80, 0xA1, 0xC2, 0x20, 0x43, 0x10, 0x0A,
            0xAA, 0x30, 0x62, 0x60, 0x44, 0x21, 0x08, 0x16, 0xFE, 0xD1, 0x06, 0x28, 0x91, 0xCD, 0x31, 0x8C,
            0x42, 0xB0, 0x0A, 0x83, 0x0C, 0x01, 0x29, 0xB4, 0x02, 0x1A, 0x81, 0xF8, 0x8F, 0x21, 0x1C, 0xAC,
            0x80, 0x81, 0x26, 0xFE, 0x63, 0x08, 0xC9, 0x2B, 0x60, 0xE0, 0x89, 0x3F, 0x0E, 0x41, 0xF8, 0xCF,
            0x31, 0xA8, 0x42, 0x30, 0x0B, 0x63, 0x08, 0x0D, 0x2D, 0x60, 0x20, 0x06, 0xE2, 0x8F, 0x08, 0x1D,
            0x88, 0x3F, 0x0A, 0x41, 0xF8, 0xCF, 0x31, 0x14, 0xC1, 0x2D, 0x60, 0x72, 0x07, 0xE2, 0x8F, 0x46,
            0x19, 0x88, 0x3F, 0x0A, 0x41, 0xF8, 0xCF, 0x31, 0x10, 0x81, 0x2E, 0x8C, 0x18, 0x18, 0x51, 0x08,
            0x82, 0x85, 0x7F, 0xB4, 0x01, 0x4F, 0xB0, 0xC1, 0x1C, 0x83, 0x2D, 0x04, 0xBE, 0x30, 0xC8, 0x10,
            0xDC, 0x02, 0x38, 0x20, 0x11, 0x88, 0x3F, 0x06, 0x14, 0xF8, 0x63, 0x90, 0x89, 0xFF, 0x1C, 0xC3,
            0x2E, 0xD8, 0xC1, 0x38, 0x0C, 0x32, 0x04, 0xBC, 0x50, 0x0E, 0x18, 0xB8, 0x83, 0xF8, 0x23, 0x11,
            0x80, 0xFF, 0x88, 0xC1, 0x11, 0x85, 0x20, 0x58, 0xF8, 0xC7, 0x1B, 0xA4, 0x45, 0x10, 0x8C, 0x18,
            0x18, 0x51, 0x08, 0x82, 0x85, 0x7F, 0xB4, 0x41, 0x5A, 0x04, 0x73, 0x0C, 0xE1, 0x10, 0xA4, 0xC3,
            0x20, 0x43, 0x20, 0x0E, 0xEB, 0x80, 0x45, 0x20, 0xFE, 0x1B, 0x00, 0x00, 0x61, 0x20, 0x00, 0x00,
            0xA6, 0x00, 0x00, 0x00, 0x13, 0x04, 0x45, 0x2C, 0x10, 0x00, 0x00, 0x00, 0x22, 0x00, 0x00, 0x00,
            0x14, 0x28, 0x75, 0xEF, 0xC9, 0xE4, 0x82, 0xBA, 0x9F, 0x6E, 0xD6, 0x55, 0x28, 0x9C, 0x92, 0x5D,
            0xBE, 0x47, 0x14, 0x28, 0x16, 0x12, 0x8C, 0x00, 0x50, 0x65, 0x04, 0xA0, 0x0C, 0x8A, 0xA0, 0x04,
            0x68, 0x30, 0x02, 0x30, 0x46, 0x00, 0x82, 0x20, 0x88, 0x5F, 0xA3, 0x01, 0x63, 0x04, 0x20, 0x08,
            0xAA, 0x75, 0x18, 0x8C, 0x11, 0x80, 0x20, 0x78, 0xEB, 0x61, 0x30, 0x46, 0x00, 0x82, 0x70, 0x0C,
            0x8A, 0xC1, 0x18, 0x01, 0x08, 0x82, 0xA6, 0x1D, 0x06, 0x63, 0x04, 0x20, 0x08, 0xB2, 0x7A, 0x18,
            0x8C, 0x11, 0x80, 0xA0, 0xAC, 0x96, 0x63, 0x30, 0x46, 0x70, 0xE3, 0xED, 0xD8, 0x72, 0xD4, 0x19,
            0x0D, 0x18, 0x01, 0x98, 0x63, 0xC0, 0x85, 0x5D, 0xC0, 0x85, 0xB1, 0x06, 0x00, 0x04, 0x41, 0x10,
            0xFF, 0x05, 0x60, 0xAC, 0xE1, 0x9D, 0x49, 0x13, 0xED, 0xDE, 0x99, 0x34, 0xD1, 0xEE, 0x9D, 0x49,
            0x13, 0xED, 0x66, 0x00, 0x00, 0x00, 0x00, 0x00, 0xC4, 0x05, 0xC6, 0x05, 0x9B, 0x5C, 0xB0, 0xC1,
            0x05, 0x1B, 0x62, 0x50, 0x0A, 0x30, 0x70, 0x43, 0x80, 0x17, 0x10, 0x7C, 0x81, 0x27, 0x17, 0x78,
            0x78, 0x81, 0xC0, 0x23, 0x06, 0x46, 0x14, 0x82, 0x60, 0xE1, 0x1F, 0x69, 0xA0, 0x0E, 0x01, 0x06,
            0x9A, 0xF8, 0xDF, 0x60, 0x06, 0x72, 0x81, 0x19, 0xC0, 0x05, 0x66, 0x80, 0x18, 0xC0, 0x02, 0x0C,
            0xDC, 0x10, 0xE0, 0x05, 0x04, 0x5F, 0x90, 0x06, 0x72, 0x41, 0x1A, 0xE0, 0x05, 0x02, 0x0F, 0x1B,
            0x10, 0x71, 0x10, 0x0C, 0xC0, 0x88, 0x81, 0x11, 0x85, 0x20, 0x58, 0xF8, 0x47, 0x1A, 0xD4, 0x43,
            0x80, 0x41, 0x19, 0x88, 0xFF, 0x88, 0x01, 0x12, 0x85, 0x20, 0x58, 0xF8, 0x47, 0x2A, 0x88, 0x03,
            0x19, 0x8C, 0x01, 0x33, 0xC7, 0xC0, 0x05, 0x6C, 0x30, 0x62, 0x80, 0x44, 0x21, 0x08, 0x16, 0xFE,
            0x91, 0x0A, 0xE4, 0x30, 0x06, 0x62, 0x30, 0xCC, 0x31, 0x08, 0x01, 0x1B, 0x60, 0xE0, 0x07, 0xE1,
            0x3F, 0x62, 0x70, 0x44, 0x21, 0x08, 0x16, 0xFE, 0xF1, 0x06, 0xF8, 0x10, 0x04, 0x23, 0x06, 0x46,
            0x14, 0x82, 0x60, 0xE1, 0x1F, 0x6D, 0x40, 0x0F, 0xC1, 0x1C, 0x03, 0x19, 0x04, 0x72, 0x30, 0xC8,
            0x10, 0x94, 0x01, 0x1D, 0x60, 0x11, 0x90, 0xFF, 0x88, 0xC1, 0x11, 0x85, 0x20, 0x58, 0xF8, 0xC7,
            0x1B, 0xF4, 0xC3, 0x28, 0x04, 0xC3, 0x11, 0x81, 0x1C, 0x28, 0xFE, 0x31, 0xCB, 0x10, 0x10, 0x81,
            0x0D, 0xE0, 0x3F, 0x62, 0x70, 0x44, 0x21, 0x08, 0x16, 0xFE, 0xF1, 0x06, 0x20, 0x71, 0x06, 0xC1,
            0x88, 0xC1, 0x11, 0x85, 0x20, 0x58, 0xF8, 0xC7, 0x1A, 0x90, 0x44, 0x50, 0x07, 0xC3, 0x11, 0x81,
            0x1D, 0x28, 0xFE, 0x31, 0xCB, 0x20, 0x10, 0xC1, 0x88, 0xC1, 0x11, 0x85, 0x20, 0x58, 0xF8, 0xC7,
            0x1B, 0x8C, 0x04, 0x2A, 0x1C, 0xC3, 0x11, 0x01, 0x1E, 0x08, 0xFE, 0x81, 0xAA, 0xB0, 0x06, 0xE2,
            0x6F, 0x01, 0xF8, 0x4F, 0x37, 0x08, 0xC1, 0x80, 0xC1, 0x2B, 0x80, 0xFF, 0x88, 0x01, 0xB2, 0xC5,
            0x20, 0x18, 0xFC, 0x41, 0x3F, 0x04, 0x0D, 0x84, 0x0A, 0xB3, 0x0C, 0xC4, 0x10, 0xF4, 0xD0, 0x90,
            0x0A, 0xA2, 0x80, 0x0E, 0x14, 0x48, 0x48, 0x8F, 0x0C, 0x01, 0x29, 0xF4, 0x02, 0x05, 0x0C, 0xD2,
            0x17, 0x44, 0x50, 0x0A, 0xEC, 0x60, 0x0A, 0x14, 0x0C, 0x46, 0x5F, 0x10, 0xC3, 0x29, 0xB8, 0x43,
            0x29, 0x50, 0x30, 0x18, 0x7D, 0x41, 0x14, 0xA9, 0x00, 0x0F, 0xA8, 0x40, 0xC1, 0x60, 0xF4, 0x05,
            0x71, 0xAC, 0x82, 0x3C, 0xAC, 0x02, 0x05, 0x83, 0x31, 0xC7, 0xB0, 0x07, 0x87, 0x2B, 0xCC, 0x31,
            0x04, 0x06, 0x2B, 0xCC, 0x31, 0x04, 0x85, 0x2B, 0xCC, 0x31, 0x8C, 0x02, 0x11, 0x0B, 0x83, 0x0C,
            0x01, 0x29, 0xCC, 0x02, 0x8A, 0x81, 0x18, 0x88, 0x3F, 0x6E, 0xA8, 0x20, 0xFE, 0x28, 0x04, 0xE4,
            0x3F, 0x62, 0xA0, 0x70, 0x31, 0x08, 0x16, 0xFE, 0xC1, 0x07, 0x33, 0x41, 0x0E, 0xE2, 0x20, 0x06,
            0xE0, 0xF0, 0x0B, 0x28, 0x08, 0xE2, 0x8F, 0x82, 0x20, 0xFE, 0x28, 0xB0, 0x02, 0xF8, 0x63, 0x20,
            0x80, 0x3F, 0x12, 0x01, 0xF9, 0x8F, 0x18, 0x24, 0x5D, 0x0C, 0x82, 0x85, 0x7F, 0xE0, 0xC1, 0x4E,
            0xA8, 0x03, 0x3A, 0xA0, 0xC1, 0x39, 0xCC, 0x31, 0xBC, 0x02, 0x1A, 0xF4, 0xC2, 0x20, 0x43, 0x00,
            0x0B, 0xBF, 0x30, 0xC7, 0x10, 0x0B, 0xC4, 0x2F, 0x0C, 0x32, 0x04, 0xB2, 0x10, 0x0E, 0x18, 0x0D,
            0xE2, 0x8F, 0x01, 0x24, 0xFE, 0x18, 0x1C, 0xE2, 0x8F, 0x01, 0x21, 0xFE, 0x73, 0x0C, 0xB7, 0x00,
            0x95, 0xC3, 0x20, 0x43, 0x80, 0x0B, 0xE7, 0x80, 0x43, 0x40, 0xFE, 0xB3, 0x04, 0xC4, 0x40, 0x49,
            0x27, 0x17, 0x80, 0x5C, 0x04, 0xC2, 0x20, 0x17, 0xC2, 0x06, 0x00, 0x00, 0x61, 0x20, 0x00, 0x00,
            0x96, 0x00, 0x00, 0x00, 0x13, 0x04, 0x41, 0x2C, 0x10, 0x00, 0x00, 0x00, 0x20, 0x00, 0x00, 0x00,
            0x24, 0x18, 0x01, 0xA0, 0xCA, 0x08, 0x40, 0x09, 0x14, 0x01, 0x0D, 0xC6, 0x08, 0x40, 0x10, 0x04,
            0xF1, 0x6F, 0x04, 0x60, 0x8C, 0x40, 0xC5, 0xEB, 0x53, 0xF6, 0xC6, 0x08, 0xDE, 0x99, 0x34, 0xD1,
            0x6E, 0x8C, 0x00, 0x04, 0x41, 0x50, 0x05, 0x83, 0x31, 0x02, 0x10, 0x04, 0x41, 0xFC, 0x17, 0xC6,
            0x08, 0x40, 0x10, 0x04, 0xC1, 0x6F, 0x8C, 0x60, 0xF7, 0x47, 0x99, 0x04, 0x83, 0x31, 0x02, 0x10,
            0x04, 0x41, 0x14, 0x0C, 0xC6, 0x08, 0x6E, 0xBC, 0x1D, 0x5B, 0x8E, 0x3A, 0xA3, 0x01, 0x63, 0x0D,
            0x20, 0x08, 0x82, 0xF8, 0x07, 0x82, 0x20, 0x88, 0x7F, 0x20, 0x08, 0x82, 0xF8, 0x37, 0x03, 0x30,
            0xD6, 0xA0, 0xE2, 0xF5, 0x29, 0x7B, 0x2A, 0x5E, 0x9F, 0xB2, 0xA7, 0xE2, 0xF5, 0x29, 0x7B, 0x63,
            0x0D, 0x23, 0xEB, 0x97, 0xEA, 0x37, 0xB2, 0x7E, 0xA9, 0x7E, 0x23, 0xEB, 0x97, 0xEA, 0x07, 0x00,
            0x7D, 0x41, 0x50, 0x92, 0x1D, 0x44, 0x14, 0x0C, 0xC6, 0x88, 0xC1, 0x11, 0x85, 0x20, 0x58, 0xF8,
            0xC7, 0x1A, 0xD4, 0x42, 0xF0, 0x8C, 0x18, 0x1C, 0x51, 0x08, 0x82, 0x85, 0x7F, 0xBC, 0xC1, 0x2C,
            0x68, 0xD8, 0x88, 0xC1, 0x11, 0x85, 0x20, 0x58, 0xF8, 0xC7, 0x1A, 0xDC, 0x42, 0x20, 0x8D, 0x18,
            0x1C, 0x51, 0x08, 0x82, 0x85, 0x7F, 0xBC, 0x41, 0x2D, 0x70, 0xDB, 0x88, 0xC1, 0x11, 0x85, 0x20,
            0x58, 0xF8, 0xC7, 0x1A, 0xE4, 0x42, 0x20, 0x21, 0xD7, 0x81, 0xFF, 0x88, 0xC1, 0x11, 0x85, 0x20,
            0x58, 0xF8, 0xC7, 0x1B, 0xE0, 0x42, 0x10, 0x8C, 0x18, 0x18, 0x51, 0x08, 0x82, 0x85, 0x7F, 0xB4,
            0x01, 0x2E, 0x04, 0x73, 0x0C, 0x4F, 0xC0, 0x0D, 0x32, 0x04, 0x90, 0x87, 0x41, 0x21, 0xFE, 0x23,
            0x06, 0x47, 0x14, 0x82, 0x60, 0xE1, 0x1F, 0x6F, 0xD0, 0x0B, 0x64, 0x10, 0x8C, 0x18, 0x1C, 0x51,
            0x08, 0x82, 0x85, 0x7F, 0xAC, 0x41, 0x38, 0x04, 0xDC, 0x88, 0xC1, 0x11, 0x85, 0x20, 0x58, 0xF8,
            0xC7, 0x1B, 0xFC, 0xC2, 0x50, 0x06, 0x23, 0x06, 0x47, 0x14, 0x82, 0x60, 0xE1, 0x1F, 0x6B, 0x30,
            0x0E, 0x81, 0xD7, 0x17, 0x44, 0x19, 0x8C, 0xC1, 0x1F, 0x8C, 0x01, 0x05, 0x83, 0x31, 0xC7, 0x60,
            0x05, 0x65, 0xD0, 0x17, 0x04, 0x1A, 0x98, 0x81, 0x28, 0x94, 0x01, 0x05, 0x83, 0x31, 0xC7, 0x30,
            0x04, 0x67, 0xD0, 0x17, 0xC4, 0x1A, 0xA4, 0x41, 0x29, 0x9C, 0x01, 0x05, 0x83, 0x31, 0xC7, 0x30,
            0x04, 0x69, 0xD0, 0x17, 0x84, 0x1B, 0xB0, 0x01, 0x2C, 0xB0, 0x01, 0x05, 0x83, 0x31, 0xC7, 0x10,
            0x06, 0x81, 0x1B, 0x0C, 0x32, 0x04, 0x62, 0x00, 0x07, 0x23, 0x06, 0x48, 0x14, 0x82, 0x60, 0xE1,
            0x1F, 0x7A, 0x40, 0x0E, 0x60, 0x50, 0x04, 0x38, 0x06, 0x41, 0xF8, 0xE3, 0x1B, 0x40, 0xE1, 0x3F,
            0x62, 0x60, 0x44, 0x21, 0x08, 0x16, 0xFE, 0xD1, 0x06, 0xF2, 0x10, 0x8C, 0x18, 0x1C, 0x51, 0x08,
            0x82, 0x85, 0x7F, 0xAC, 0x01, 0x3D, 0x04, 0x6D, 0x30, 0xC7, 0x80, 0x06, 0x41, 0x1D, 0x0C, 0x32,
            0x04, 0x69, 0x70, 0x07, 0x18, 0x18, 0xE2, 0x8F, 0x01, 0x02, 0xFE, 0xB8, 0x06, 0x41, 0xF8, 0xE3,
            0x1D, 0x34, 0xE1, 0x3F, 0xC7, 0xE0, 0x06, 0xC1, 0x1E, 0x0C, 0x32, 0x04, 0x6F, 0xD0, 0x07, 0x28,
            0xB1, 0x81, 0xF8, 0x63, 0x20, 0x88, 0x3F, 0x06, 0x86, 0xF8, 0x23, 0x1B, 0xB0, 0x81, 0xF8, 0x63,
            0x10, 0x88, 0x3F, 0x06, 0x7A, 0x00, 0xFE, 0x38, 0x06, 0x63, 0x20, 0xFE, 0x18, 0x08, 0xE2, 0x8F,
            0x81, 0x28, 0x80, 0x3F, 0xCA, 0xC1, 0x28, 0x80, 0x3F, 0x06, 0x81, 0xF8, 0x63, 0xF0, 0x07, 0xE2,
            0x8F, 0xA6, 0x10, 0x84, 0x3F, 0x06, 0x72, 0x20, 0xFE, 0x18, 0x0C, 0xE0, 0x8F, 0x83, 0x1D, 0x88,
            0x3F, 0x06, 0x05, 0xF8, 0xA3, 0x1D, 0xE0, 0x81, 0xF8, 0x63, 0xE0, 0x88, 0x3F, 0x16, 0xA6, 0x20,
            0xFE, 0x18, 0x10, 0xE2, 0x8F, 0x4D, 0x23, 0xFE, 0x18, 0x08, 0xE2, 0x8F, 0x45, 0x40, 0xFE, 0x73,
            0x0C, 0xA8, 0x10, 0xD4, 0xC2, 0x20, 0x43, 0x90, 0x0A, 0xB7, 0x80, 0x5F, 0x20, 0xFE, 0xA8, 0xB4,
            0x82, 0xF8, 0x63, 0xD0, 0x0A, 0xE0, 0x3F, 0xC7, 0xD0, 0x0A, 0x81, 0x2E, 0x0C, 0x32, 0x04, 0xAE,
            0xC0, 0x0B, 0x58, 0x04, 0xE4, 0x8F, 0x5E, 0x00, 0xFE, 0x1B, 0x00, 0x00, 0x61, 0x20, 0x00, 0x00,
            0x44, 0x00, 0x00, 0x00, 0x13, 0x04, 0x43, 0x2C, 0x10, 0x00, 0x00, 0x00, 0x0E, 0x00, 0x00, 0x00,
            0x24, 0x18, 0x01, 0xA0, 0xCA, 0x08, 0x00, 0x0D, 0x46, 0x00, 0xC6, 0x08, 0x40, 0x10, 0x04, 0xF1,
            0x6F, 0x8C, 0x00, 0x04, 0x41, 0x10, 0xFF, 0x85, 0x31, 0x02, 0x10, 0x04, 0x41, 0x14, 0x0C, 0xC6,
            0x08, 0x6E, 0xBC, 0x1D, 0x5B, 0x6E, 0x8C, 0x60, 0xF7, 0x47, 0x99, 0x04, 0x83, 0x31, 0x82, 0x91,
            0xF5, 0x4B, 0xF5, 0xA3, 0xCE, 0x68, 0x00, 0x00, 0x23, 0x06, 0x47, 0x14, 0x82, 0x60, 0xE1, 0x1F,
            0x6F, 0x80, 0x0A, 0x4F, 0x33, 0x62, 0x70, 0x44, 0x21, 0x08, 0x16, 0xFE, 0xB1, 0x06, 0xAC, 0x10,
            0x24, 0xC3, 0x11, 0x81, 0xA2, 0xF8, 0xC7, 0x2C, 0x43, 0x20, 0x04, 0x08, 0x45, 0xE0, 0x3F, 0x62,
            0x70, 0x44, 0x21, 0x08, 0x16, 0xFE, 0xF1, 0x06, 0xAC, 0x10, 0x04, 0x23, 0x06, 0x46, 0x14, 0x82,
            0x60, 0xE1, 0x1F, 0x6D, 0xC0, 0x0A, 0xC1, 0x1C, 0xC3, 0x11, 0x3C, 0x83, 0x0C, 0x01, 0x12, 0x61,
            0x50, 0x88, 0xFF, 0x88, 0xC1, 0x11, 0x85, 0x20, 0x58, 0xF8, 0xC7, 0x1B, 0xC4, 0x02, 0x16, 0x8C,
            0x18, 0x1C, 0x51, 0x08, 0x82, 0x85, 0x7F, 0xAC, 0x41, 0x2D, 0x04, 0x12, 0x5E, 0x97, 0xF8, 0x63,
            0x10, 0x88, 0x3F, 0x06, 0x13, 0xF8, 0x23, 0x41, 0x88, 0x3F, 0x06, 0x82, 0xF8, 0x63, 0x70, 0x81,
            0xFF, 0x88, 0xC1, 0x11, 0x85, 0x20, 0x58, 0xF8, 0xC7, 0x1B, 0xE4, 0x42, 0xF2, 0x8D, 0x18, 0x1C,
            0x51, 0x08, 0x82, 0x85, 0x7F, 0xAC, 0x41, 0x2F, 0x04, 0x1A, 0x06, 0x98, 0xF8, 0x63, 0x80, 0x81,
            0x3F, 0x16, 0x85, 0xF8, 0x63, 0x90, 0x89, 0x3F, 0x06, 0x83, 0xF8, 0x23, 0x33, 0x06, 0xE2, 0x8F,
            0xC1, 0x23, 0xFE, 0x18, 0x0C, 0xE4, 0x8F, 0x62, 0x60, 0x06, 0xE1, 0x8F, 0x81, 0x27, 0xFE, 0x18,
            0x70, 0xE2, 0x8F, 0x44, 0x00, 0xFE, 0xB3, 0x04, 0xC2, 0x40, 0xC5, 0x20, 0x04, 0xAE, 0x00, 0x6C,
            0x00, 0x00, 0x00, 0x00, 0x61, 0x20, 0x00, 0x00, 0x2E, 0x00, 0x00, 0x00, 0x13, 0x04, 0x47, 0x2C,
            0x10, 0x00, 0x00, 0x00, 0x08, 0x00, 0x00, 0x00, 0x14, 0xA8, 0x81, 0xF2, 0x1F, 0xA0, 0xCA, 0x08,
            0x00, 0xF9, 0x46, 0x00, 0x6A, 0x80, 0x06, 0x63, 0x04, 0xEF, 0x4C, 0x9A, 0x68, 0x37, 0x46, 0xA0,
            0xE2, 0xF5, 0x29, 0xFA, 0x02, 0x00, 0x00, 0x00, 0x98, 0x04, 0xE0, 0x3F, 0x1C, 0x11, 0x0C, 0x8A,
            0x7F, 0xCC, 0x32, 0x04, 0x46, 0x30, 0x62, 0x40, 0x50, 0x21, 0x08, 0x06, 0xA7, 0x60, 0x07, 0x3D,
            0x34, 0x2C, 0x48, 0x19, 0x50, 0x20, 0x21, 0x3D, 0x42, 0x04, 0xCA, 0x77, 0x06, 0x14, 0x20, 0xCA,
            0x88, 0x81, 0x55, 0x85, 0x20, 0x18, 0x94, 0x02, 0x1F, 0x14, 0x52, 0x94, 0x1C, 0x41, 0x93, 0x06,
            0x69, 0xE0, 0x06, 0x69, 0x10, 0x07, 0x66, 0xE0, 0x38, 0x69, 0xB0, 0x2C, 0x23, 0x06, 0x05, 0x15,
            0x82, 0x60, 0x30, 0x0A, 0x7D, 0x50, 0x8C, 0x18, 0x14, 0x56, 0x08, 0x82, 0x41, 0x28, 0xFC, 0x81,
            0x31, 0x4C, 0x12, 0x04, 0x04, 0x1B, 0x14, 0x64, 0x20, 0x9C, 0xC1, 0x30, 0x4B, 0x50, 0xCC, 0x12,
            0x14, 0xB3, 0x04, 0xC5, 0x40, 0x89, 0x1F, 0x68, 0x01, 0x26, 0x60, 0x03, 0x46, 0x8C, 0x18, 0x14,
            0x54, 0x08, 0x82, 0xC1, 0x19, 0xCC, 0x02, 0x32, 0x4B, 0x60, 0x0C, 0x54, 0xF8, 0x81, 0x50, 0x70,
            0xC0, 0x06, 0x00, 0x00, 0x71, 0x20, 0x00, 0x00, 0x09, 0x00, 0x00, 0x00, 0x32, 0x0E, 0x10, 0x22,
            0x84, 0x00, 0xD5, 0x0F, 0x48, 0x60, 0x1B, 0x81, 0x0C, 0xA1, 0x17, 0x18, 0xB1, 0x8A, 0x81, 0x12,
            0xBF, 0x19, 0x38, 0x71, 0xAE, 0x81, 0x15, 0xFF, 0x1B, 0x68, 0x51, 0xCC, 0x01, 0x00, 0x00, 0x00,
            0x00, 0x00, 0x00, 0x00, 0x65, 0x0C, 0x00, 0x00, 0xF1, 0x00, 0x00, 0x00, 0x12, 0x03, 0x94, 0x78,
            0x07, 0x00, 0x00, 0x00, 0x03, 0x00, 0x00, 0x00, 0xD4, 0x04, 0x00, 0x00, 0x09, 0x00, 0x00, 0x00,
            0x4C, 0x00, 0x00, 0x00, 0x01, 0x00, 0x00, 0x00, 0x58, 0x00, 0x00, 0x00, 0x00, 0x00, 0x00, 0x00,
            0x58, 0x00, 0x00, 0x00, 0x24, 0x00, 0x00, 0x00, 0xB8, 0x03, 0x00, 0x00, 0x00, 0x00, 0x00, 0x00,
            0xDD, 0x04, 0x00, 0x00, 0x1C, 0x00, 0x00, 0x00, 0x00, 0x00, 0x00, 0x00, 0x06, 0x00, 0x00, 0x00,
            0x06, 0x00, 0x00, 0x00, 0x00, 0x00, 0x00, 0x00, 0xB8, 0x03, 0x00, 0x00, 0x00, 0x00, 0x00, 0x00,
            0x00, 0x00, 0x00, 0x00, 0x24, 0x00, 0x00, 0x00, 0x00, 0x00, 0x00, 0x00, 0x00, 0x00, 0x00, 0x00,
            0x06, 0x00, 0x00, 0x00, 0x00, 0x00, 0x00, 0x00, 0x06, 0x00, 0x00, 0x00, 0xFF, 0xFF, 0xFF, 0xFF,
            0x00, 0x24, 0x00, 0x00, 0x06, 0x00, 0x00, 0x00, 0x16, 0x00, 0x00, 0x00, 0x06, 0x00, 0x00, 0x00,
            0x16, 0x00, 0x00, 0x00, 0xFF, 0xFF, 0xFF, 0xFF, 0x08, 0x2C, 0x00, 0x00, 0x1C, 0x00, 0x00, 0x00,
            0x1A, 0x00, 0x00, 0x00, 0x1C, 0x00, 0x00, 0x00, 0x1A, 0x00, 0x00, 0x00, 0xFF, 0xFF, 0xFF, 0xFF,
            0x08, 0x24, 0x00, 0x00, 0x36, 0x00, 0x00, 0x00, 0x13, 0x00, 0x00, 0x00, 0x36, 0x00, 0x00, 0x00,
            0x13, 0x00, 0x00, 0x00, 0xFF, 0xFF, 0xFF, 0xFF, 0x08, 0x24, 0x00, 0x00, 0x49, 0x00, 0x00, 0x00,
            0x30, 0x00, 0x00, 0x00, 0x49, 0x00, 0x00, 0x00, 0x30, 0x00, 0x00, 0x00, 0xFF, 0xFF, 0xFF, 0xFF,
            0x00, 0x30, 0x00, 0x00, 0x79, 0x00, 0x00, 0x00, 0x3A, 0x00, 0x00, 0x00, 0x79, 0x00, 0x00, 0x00,
            0x3A, 0x00, 0x00, 0x00, 0xFF, 0xFF, 0xFF, 0xFF, 0x08, 0x24, 0x00, 0x00, 0xB3, 0x00, 0x00, 0x00,
            0x17, 0x00, 0x00, 0x00, 0xB3, 0x00, 0x00, 0x00, 0x17, 0x00, 0x00, 0x00, 0xFF, 0xFF, 0xFF, 0xFF,
            0x08, 0x24, 0x00, 0x00, 0xCA, 0x00, 0x00, 0x00, 0x11, 0x00, 0x00, 0x00, 0xCA, 0x00, 0x00, 0x00,
            0x11, 0x00, 0x00, 0x00, 0xFF, 0xFF, 0xFF, 0xFF, 0x08, 0x24, 0x00, 0x00, 0xDB, 0x00, 0x00, 0x00,
            0x10, 0x00, 0x00, 0x00, 0xDB, 0x00, 0x00, 0x00, 0x10, 0x00, 0x00, 0x00, 0xFF, 0xFF, 0xFF, 0xFF,
            0x08, 0x24, 0x00, 0x00, 0xEB, 0x00, 0x00, 0x00, 0x15, 0x00, 0x00, 0x00, 0xEB, 0x00, 0x00, 0x00,
            0x15, 0x00, 0x00, 0x00, 0xFF, 0xFF, 0xFF, 0xFF, 0x08, 0x24, 0x00, 0x00, 0x00, 0x01, 0x00, 0x00,
            0x0D, 0x00, 0x00, 0x00, 0x00, 0x01, 0x00, 0x00, 0x0D, 0x00, 0x00, 0x00, 0xFF, 0xFF, 0xFF, 0xFF,
            0x08, 0x24, 0x00, 0x00, 0x0D, 0x01, 0x00, 0x00, 0x12, 0x00, 0x00, 0x00, 0x0D, 0x01, 0x00, 0x00,
            0x12, 0x00, 0x00, 0x00, 0xFF, 0xFF, 0xFF, 0xFF, 0x08, 0x24, 0x00, 0x00, 0x1F, 0x01, 0x00, 0x00,
            0x23, 0x00, 0x00, 0x00, 0x1F, 0x01, 0x00, 0x00, 0x23, 0x00, 0x00, 0x00, 0xFF, 0xFF, 0xFF, 0xFF,
            0x00, 0x30, 0x00, 0x00, 0x42, 0x01, 0x00, 0x00, 0x10, 0x00, 0x00, 0x00, 0x42, 0x01, 0x00, 0x00,
            0x10, 0x00, 0x00, 0x00, 0xFF, 0xFF, 0xFF, 0xFF, 0x08, 0x24, 0x00, 0x00, 0x52, 0x01, 0x00, 0x00,
            0x10, 0x00, 0x00, 0x00, 0x52, 0x01, 0x00, 0x00, 0x10, 0x00, 0x00, 0x00, 0xFF, 0xFF, 0xFF, 0xFF,
            0x08, 0x24, 0x00, 0x00, 0x62, 0x01, 0x00, 0x00, 0x11, 0x00, 0x00, 0x00, 0x62, 0x01, 0x00, 0x00,
            0x11, 0x00, 0x00, 0x00, 0xFF, 0xFF, 0xFF, 0xFF, 0x08, 0x24, 0x00, 0x00, 0x73, 0x01, 0x00, 0x00,
            0x11, 0x00, 0x00, 0x00, 0x73, 0x01, 0x00, 0x00, 0x11, 0x00, 0x00, 0x00, 0xFF, 0xFF, 0xFF, 0xFF,
            0x08, 0x24, 0x00, 0x00, 0x84, 0x01, 0x00, 0x00, 0x21, 0x00, 0x00, 0x00, 0x84, 0x01, 0x00, 0x00,
            0x21, 0x00, 0x00, 0x00, 0xFF, 0xFF, 0xFF, 0xFF, 0x00, 0x30, 0x00, 0x00, 0xA5, 0x01, 0x00, 0x00,
            0x4E, 0x00, 0x00, 0x00, 0xA5, 0x01, 0x00, 0x00, 0x4E, 0x00, 0x00, 0x00, 0xFF, 0xFF, 0xFF, 0xFF,
            0x00, 0x30, 0x00, 0x00, 0xF3, 0x01, 0x00, 0x00, 0x31, 0x00, 0x00, 0x00, 0xF3, 0x01, 0x00, 0x00,
            0x31, 0x00, 0x00, 0x00, 0xFF, 0xFF, 0xFF, 0xFF, 0x00, 0x30, 0x00, 0x00, 0x24, 0x02, 0x00, 0x00,
            0x0D, 0x00, 0x00, 0x00, 0x24, 0x02, 0x00, 0x00, 0x0D, 0x00, 0x00, 0x00, 0xFF, 0xFF, 0xFF, 0xFF,
            0x08, 0x24, 0x00, 0x00, 0x31, 0x02, 0x00, 0x00, 0x1F, 0x00, 0x00, 0x00, 0x31, 0x02, 0x00, 0x00,
            0x1F, 0x00, 0x00, 0x00, 0xFF, 0xFF, 0xFF, 0xFF, 0x00, 0x30, 0x00, 0x00, 0x50, 0x02, 0x00, 0x00,
            0x2E, 0x00, 0x00, 0x00, 0x50, 0x02, 0x00, 0x00, 0x2E, 0x00, 0x00, 0x00, 0xFF, 0xFF, 0xFF, 0xFF,
            0x00, 0x30, 0x00, 0x00, 0x7E, 0x02, 0x00, 0x00, 0x4F, 0x00, 0x00, 0x00, 0x7E, 0x02, 0x00, 0x00,
            0x4F, 0x00, 0x00, 0x00, 0xFF, 0xFF, 0xFF, 0xFF, 0x08, 0x24, 0x00, 0x00, 0xCD, 0x02, 0x00, 0x00,
            0x34, 0x00, 0x00, 0x00, 0xCD, 0x02, 0x00, 0x00, 0x34, 0x00, 0x00, 0x00, 0xFF, 0xFF, 0xFF, 0xFF,
            0x08, 0x24, 0x00, 0x00, 0x01, 0x03, 0x00, 0x00, 0x35, 0x00, 0x00, 0x00, 0x01, 0x03, 0x00, 0x00,
            0x35, 0x00, 0x00, 0x00, 0xFF, 0xFF, 0xFF, 0xFF, 0x08, 0x24, 0x00, 0x00, 0x36, 0x03, 0x00, 0x00,
            0x38, 0x00, 0x00, 0x00, 0x36, 0x03, 0x00, 0x00, 0x38, 0x00, 0x00, 0x00, 0xFF, 0xFF, 0xFF, 0xFF,
            0x08, 0x24, 0x00, 0x00, 0x6E, 0x03, 0x00, 0x00, 0x0B, 0x00, 0x00, 0x00, 0x6E, 0x03, 0x00, 0x00,
            0x0B, 0x00, 0x00, 0x00, 0xFF, 0xFF, 0xFF, 0xFF, 0x08, 0x24, 0x00, 0x00, 0x79, 0x03, 0x00, 0x00,
            0x19, 0x00, 0x00, 0x00, 0x79, 0x03, 0x00, 0x00, 0x19, 0x00, 0x00, 0x00, 0xFF, 0xFF, 0xFF, 0xFF,
            0x08, 0x2C, 0x00, 0x00, 0x92, 0x03, 0x00, 0x00, 0x18, 0x00, 0x00, 0x00, 0x92, 0x03, 0x00, 0x00,
            0x18, 0x00, 0x00, 0x00, 0xFF, 0xFF, 0xFF, 0xFF, 0x08, 0x2C, 0x00, 0x00, 0xAA, 0x03, 0x00, 0x00,
            0x46, 0x00, 0x00, 0x00, 0xAA, 0x03, 0x00, 0x00, 0x46, 0x00, 0x00, 0x00, 0xFF, 0xFF, 0xFF, 0xFF,
            0x08, 0x24, 0x00, 0x00, 0xF0, 0x03, 0x00, 0x00, 0x58, 0x00, 0x00, 0x00, 0xF0, 0x03, 0x00, 0x00,
            0x58, 0x00, 0x00, 0x00, 0xFF, 0xFF, 0xFF, 0xFF, 0x08, 0x24, 0x00, 0x00, 0x48, 0x04, 0x00, 0x00,
            0x4A, 0x00, 0x00, 0x00, 0x48, 0x04, 0x00, 0x00, 0x4A, 0x00, 0x00, 0x00, 0xFF, 0xFF, 0xFF, 0xFF,
            0x08, 0x24, 0x00, 0x00, 0x92, 0x04, 0x00, 0x00, 0x1B, 0x00, 0x00, 0x00, 0x92, 0x04, 0x00, 0x00,
            0x1B, 0x00, 0x00, 0x00, 0xFF, 0xFF, 0xFF, 0xFF, 0x08, 0x24, 0x00, 0x00, 0xAD, 0x04, 0x00, 0x00,
            0x0C, 0x00, 0x00, 0x00, 0xAD, 0x04, 0x00, 0x00, 0x0C, 0x00, 0x00, 0x00, 0xFF, 0xFF, 0xFF, 0xFF,
            0x08, 0x24, 0x00, 0x00, 0xB9, 0x04, 0x00, 0x00, 0x1B, 0x00, 0x00, 0x00, 0xB9, 0x04, 0x00, 0x00,
            0x1B, 0x00, 0x00, 0x00, 0xFF, 0xFF, 0xFF, 0xFF, 0x08, 0x24, 0x00, 0x00, 0x00, 0x00, 0x00, 0x00,
            0x5D, 0x0C, 0x00, 0x00, 0x42, 0x01, 0x00, 0x00, 0x12, 0x03, 0x94, 0xF9, 0x19, 0x00, 0x00, 0x00,
            0x43, 0x53, 0x4D, 0x61, 0x69, 0x6E, 0x6C, 0x6C, 0x76, 0x6D, 0x2E, 0x6C, 0x69, 0x66, 0x65, 0x74,
            0x69, 0x6D, 0x65, 0x2E, 0x65, 0x6E, 0x64, 0x2E, 0x70, 0x30, 0x69, 0x38, 0x61, 0x69, 0x72, 0x2E,
            0x77, 0x72, 0x69, 0x74, 0x65, 0x5F, 0x74, 0x65, 0x78, 0x74, 0x75, 0x72, 0x65, 0x5F, 0x32, 0x64,
            0x2E, 0x76, 0x34, 0x66, 0x33, 0x32, 0x61, 0x69, 0x72, 0x2E, 0x66, 0x61, 0x73, 0x74, 0x5F, 0x66,
            0x6D, 0x69, 0x6E, 0x2E, 0x76, 0x33, 0x66, 0x33, 0x32, 0x5F, 0x5A, 0x31, 0x31, 0x54, 0x72, 0x61,
            0x63, 0x65, 0x50, 0x61, 0x74, 0x68, 0x5F, 0x30, 0x44, 0x76, 0x32, 0x5F, 0x6A, 0x44, 0x76, 0x33,
            0x5F, 0x66, 0x53, 0x30, 0x5F, 0x50, 0x6A, 0x50, 0x31, 0x35, 0x4B, 0x65, 0x72, 0x6E, 0x65, 0x6C,
            0x43, 0x6F, 0x6E, 0x74, 0x65, 0x78, 0x74, 0x5F, 0x30, 0x61, 0x69, 0x72, 0x2E, 0x64, 0x65, 0x61,
            0x6C, 0x6C, 0x6F, 0x63, 0x61, 0x74, 0x65, 0x5F, 0x69, 0x6E, 0x74, 0x65, 0x72, 0x73, 0x65, 0x63,
            0x74, 0x69, 0x6F, 0x6E, 0x5F, 0x71, 0x75, 0x65, 0x72, 0x79, 0x2E, 0x69, 0x6E, 0x73, 0x74, 0x61,
            0x6E, 0x63, 0x69, 0x6E, 0x67, 0x2E, 0x74, 0x72, 0x69, 0x61, 0x6E, 0x67, 0x6C, 0x65, 0x5F, 0x64,
            0x61, 0x74, 0x61, 0x61, 0x69, 0x72, 0x2E, 0x63, 0x6F, 0x6E, 0x76, 0x65, 0x72, 0x74, 0x2E, 0x66,
            0x2E, 0x66, 0x33, 0x32, 0x2E, 0x75, 0x2E, 0x69, 0x33, 0x32, 0x61, 0x69, 0x72, 0x2E, 0x66, 0x61,
            0x73, 0x74, 0x5F, 0x66, 0x6D, 0x61, 0x78, 0x2E, 0x66, 0x33, 0x32, 0x61, 0x69, 0x72, 0x2E, 0x66,
            0x61, 0x73, 0x74, 0x5F, 0x70, 0x6F, 0x77, 0x2E, 0x66, 0x33, 0x32, 0x61, 0x69, 0x72, 0x2E, 0x66,
            0x61, 0x73, 0x74, 0x5F, 0x73, 0x61, 0x74, 0x75, 0x72, 0x61, 0x74, 0x65, 0x2E, 0x66, 0x33, 0x32,
            0x61, 0x69, 0x72, 0x2E, 0x64, 0x6F, 0x74, 0x2E, 0x76, 0x33, 0x66, 0x33, 0x32, 0x61, 0x69, 0x72,
            0x2E, 0x66, 0x61, 0x73, 0x74, 0x5F, 0x72, 0x73, 0x71, 0x72, 0x74, 0x2E, 0x66, 0x33, 0x32, 0x5F,
            0x5A, 0x32, 0x34, 0x43, 0x6F, 0x73, 0x69, 0x6E, 0x65, 0x53, 0x61, 0x6D, 0x70, 0x6C, 0x65, 0x48,
            0x65, 0x6D, 0x69, 0x73, 0x70, 0x68, 0x65, 0x72, 0x65, 0x5F, 0x30, 0x44, 0x76, 0x33, 0x5F, 0x66,
            0x50, 0x6A, 0x61, 0x69, 0x72, 0x2E, 0x66, 0x61, 0x73, 0x74, 0x5F, 0x73, 0x69, 0x6E, 0x2E, 0x66,
            0x33, 0x32, 0x61, 0x69, 0x72, 0x2E, 0x66, 0x61, 0x73, 0x74, 0x5F, 0x63, 0x6F, 0x73, 0x2E, 0x66,
            0x33, 0x32, 0x61, 0x69, 0x72, 0x2E, 0x66, 0x61, 0x73, 0x74, 0x5F, 0x73, 0x71, 0x72, 0x74, 0x2E,
            0x66, 0x33, 0x32, 0x61, 0x69, 0x72, 0x2E, 0x66, 0x61, 0x73, 0x74, 0x5F, 0x66, 0x61, 0x62, 0x73,
            0x2E, 0x66, 0x33, 0x32, 0x5F, 0x5A, 0x32, 0x31, 0x53, 0x61, 0x6D, 0x70, 0x6C, 0x65, 0x47, 0x47,
            0x58, 0x48, 0x61, 0x6C, 0x66, 0x56, 0x65, 0x63, 0x74, 0x6F, 0x72, 0x5F, 0x30, 0x44, 0x76, 0x33,
            0x5F, 0x66, 0x66, 0x50, 0x6A, 0x5F, 0x5A, 0x31, 0x39, 0x53, 0x61, 0x6D, 0x70, 0x6C, 0x65, 0x4C,
            0x69, 0x67, 0x68, 0x74, 0x44, 0x69, 0x72, 0x65, 0x63, 0x74, 0x5F, 0x30, 0x44, 0x76, 0x33, 0x5F,
            0x66, 0x53, 0x5F, 0x53, 0x5F, 0x53, 0x5F, 0x50, 0x4B, 0x31, 0x38, 0x4D, 0x61, 0x74, 0x65, 0x72,
            0x69, 0x61, 0x6C, 0x5F, 0x6E, 0x61, 0x74, 0x75, 0x72, 0x61, 0x6C, 0x5F, 0x30, 0x66, 0x66, 0x50,
            0x6A, 0x50, 0x31, 0x35, 0x4B, 0x65, 0x72, 0x6E, 0x65, 0x6C, 0x43, 0x6F, 0x6E, 0x74, 0x65, 0x78,
            0x74, 0x5F, 0x30, 0x5F, 0x5A, 0x31, 0x34, 0x45, 0x76, 0x61, 0x6C, 0x75, 0x61, 0x74, 0x65, 0x42,
            0x52, 0x44, 0x46, 0x5F, 0x30, 0x44, 0x76, 0x33, 0x5F, 0x66, 0x53, 0x5F, 0x53, 0x5F, 0x50, 0x4B,
            0x31, 0x38, 0x4D, 0x61, 0x74, 0x65, 0x72, 0x69, 0x61, 0x6C, 0x5F, 0x6E, 0x61, 0x74, 0x75, 0x72,
            0x61, 0x6C, 0x5F, 0x30, 0x61, 0x69, 0x72, 0x2E, 0x6D, 0x69, 0x78, 0x2E, 0x76, 0x33, 0x66, 0x33,
            0x32, 0x5F, 0x5A, 0x31, 0x36, 0x43, 0x6F, 0x6D, 0x70, 0x75, 0x74, 0x65, 0x42, 0x52, 0x44, 0x46,
            0x50, 0x44, 0x46, 0x5F, 0x30, 0x44, 0x76, 0x33, 0x5F, 0x66, 0x53, 0x5F, 0x53, 0x5F, 0x66, 0x66,
            0x5F, 0x5A, 0x31, 0x36, 0x54, 0x72, 0x61, 0x63, 0x65, 0x53, 0x68, 0x61, 0x64, 0x6F, 0x77, 0x52,
            0x61, 0x79, 0x5F, 0x30, 0x44, 0x76, 0x33, 0x5F, 0x66, 0x53, 0x5F, 0x66, 0x50, 0x31, 0x35, 0x4B,
            0x65, 0x72, 0x6E, 0x65, 0x6C, 0x43, 0x6F, 0x6E, 0x74, 0x65, 0x78, 0x74, 0x5F, 0x30, 0x61, 0x69,
            0x72, 0x2E, 0x67, 0x65, 0x74, 0x5F, 0x63, 0x6F, 0x6D, 0x6D, 0x69, 0x74, 0x74, 0x65, 0x64, 0x5F,
            0x69, 0x6E, 0x74, 0x65, 0x72, 0x73, 0x65, 0x63, 0x74, 0x69, 0x6F, 0x6E, 0x5F, 0x74, 0x79, 0x70,
            0x65, 0x5F, 0x69, 0x6E, 0x74, 0x65, 0x72, 0x73, 0x65, 0x63, 0x74, 0x69, 0x6F, 0x6E, 0x5F, 0x71,
            0x75, 0x65, 0x72, 0x79, 0x2E, 0x69, 0x6E, 0x73, 0x74, 0x61, 0x6E, 0x63, 0x69, 0x6E, 0x67, 0x2E,
            0x74, 0x72, 0x69, 0x61, 0x6E, 0x67, 0x6C, 0x65, 0x5F, 0x64, 0x61, 0x74, 0x61, 0x61, 0x69, 0x72,
            0x2E, 0x6E, 0x65, 0x78, 0x74, 0x5F, 0x69, 0x6E, 0x74, 0x65, 0x72, 0x73, 0x65, 0x63, 0x74, 0x69,
            0x6F, 0x6E, 0x5F, 0x71, 0x75, 0x65, 0x72, 0x79, 0x2E, 0x69, 0x6E, 0x73, 0x74, 0x61, 0x6E, 0x63,
            0x69, 0x6E, 0x67, 0x2E, 0x74, 0x72, 0x69, 0x61, 0x6E, 0x67, 0x6C, 0x65, 0x5F, 0x64, 0x61, 0x74,
            0x61, 0x61, 0x69, 0x72, 0x2E, 0x72, 0x65, 0x73, 0x65, 0x74, 0x5F, 0x69, 0x6E, 0x74, 0x65, 0x72,
            0x73, 0x65, 0x63, 0x74, 0x69, 0x6F, 0x6E, 0x5F, 0x71, 0x75, 0x65, 0x72, 0x79, 0x2E, 0x69, 0x6E,
            0x73, 0x74, 0x61, 0x6E, 0x63, 0x69, 0x6E, 0x67, 0x2E, 0x74, 0x72, 0x69, 0x61, 0x6E, 0x67, 0x6C,
            0x65, 0x5F, 0x64, 0x61, 0x74, 0x61, 0x61, 0x69, 0x72, 0x2E, 0x61, 0x6C, 0x6C, 0x6F, 0x63, 0x61,
            0x74, 0x65, 0x5F, 0x69, 0x6E, 0x74, 0x65, 0x72, 0x73, 0x65, 0x63, 0x74, 0x69, 0x6F, 0x6E, 0x5F,
            0x71, 0x75, 0x65, 0x72, 0x79, 0x2E, 0x69, 0x6E, 0x73, 0x74, 0x61, 0x6E, 0x63, 0x69, 0x6E, 0x67,
            0x2E, 0x74, 0x72, 0x69, 0x61, 0x6E, 0x67, 0x6C, 0x65, 0x5F, 0x64, 0x61, 0x74, 0x61, 0x61, 0x69,
            0x72, 0x2E, 0x6D, 0x69, 0x78, 0x2E, 0x66, 0x33, 0x32, 0x6C, 0x6C, 0x76, 0x6D, 0x2E, 0x6D, 0x65,
            0x6D, 0x63, 0x70, 0x79, 0x2E, 0x70, 0x30, 0x69, 0x38, 0x2E, 0x70, 0x31, 0x69, 0x38, 0x2E, 0x69,
            0x36, 0x34, 0x6C, 0x6C, 0x76, 0x6D, 0x2E, 0x6C, 0x69, 0x66, 0x65, 0x74, 0x69, 0x6D, 0x65, 0x2E,
            0x73, 0x74, 0x61, 0x72, 0x74, 0x2E, 0x70, 0x30, 0x69, 0x38, 0x61, 0x69, 0x72, 0x2E, 0x67, 0x65,
            0x74, 0x5F, 0x63, 0x6F, 0x6D, 0x6D, 0x69, 0x74, 0x74, 0x65, 0x64, 0x5F, 0x64, 0x69, 0x73, 0x74,
            0x61, 0x6E, 0x63, 0x65, 0x5F, 0x69, 0x6E, 0x74, 0x65, 0x72, 0x73, 0x65, 0x63, 0x74, 0x69, 0x6F,
            0x6E, 0x5F, 0x71, 0x75, 0x65, 0x72, 0x79, 0x2E, 0x69, 0x6E, 0x73, 0x74, 0x61, 0x6E, 0x63, 0x69,
            0x6E, 0x67, 0x2E, 0x74, 0x72, 0x69, 0x61, 0x6E, 0x67, 0x6C, 0x65, 0x5F, 0x64, 0x61, 0x74, 0x61,
            0x61, 0x69, 0x72, 0x2E, 0x67, 0x65, 0x74, 0x5F, 0x63, 0x6F, 0x6D, 0x6D, 0x69, 0x74, 0x74, 0x65,
            0x64, 0x5F, 0x74, 0x72, 0x69, 0x61, 0x6E, 0x67, 0x6C, 0x65, 0x5F, 0x62, 0x61, 0x72, 0x79, 0x63,
            0x65, 0x6E, 0x74, 0x72, 0x69, 0x63, 0x5F, 0x63, 0x6F, 0x6F, 0x72, 0x64, 0x5F, 0x69, 0x6E, 0x74,
            0x65, 0x72, 0x73, 0x65, 0x63, 0x74, 0x69, 0x6F, 0x6E, 0x5F, 0x71, 0x75, 0x65, 0x72, 0x79, 0x2E,
            0x69, 0x6E, 0x73, 0x74, 0x61, 0x6E, 0x63, 0x69, 0x6E, 0x67, 0x2E, 0x74, 0x72, 0x69, 0x61, 0x6E,
            0x67, 0x6C, 0x65, 0x5F, 0x64, 0x61, 0x74, 0x61, 0x61, 0x69, 0x72, 0x2E, 0x67, 0x65, 0x74, 0x5F,
            0x63, 0x6F, 0x6D, 0x6D, 0x69, 0x74, 0x74, 0x65, 0x64, 0x5F, 0x70, 0x72, 0x69, 0x6D, 0x69, 0x74,
            0x69, 0x76, 0x65, 0x5F, 0x69, 0x64, 0x5F, 0x69, 0x6E, 0x74, 0x65, 0x72, 0x73, 0x65, 0x63, 0x74,
            0x69, 0x6F, 0x6E, 0x5F, 0x71, 0x75, 0x65, 0x72, 0x79, 0x2E, 0x69, 0x6E, 0x73, 0x74, 0x61, 0x6E,
            0x63, 0x69, 0x6E, 0x67, 0x2E, 0x74, 0x72, 0x69, 0x61, 0x6E, 0x67, 0x6C, 0x65, 0x5F, 0x64, 0x61,
            0x74, 0x61, 0x61, 0x69, 0x72, 0x2E, 0x63, 0x6F, 0x6E, 0x76, 0x65, 0x72, 0x74, 0x2E, 0x66, 0x2E,
            0x76, 0x32, 0x66, 0x33, 0x32, 0x2E, 0x75, 0x2E, 0x76, 0x32, 0x69, 0x33, 0x32, 0x61, 0x69, 0x72,
            0x2E, 0x61, 0x6E, 0x79, 0x2E, 0x76, 0x32, 0x69, 0x31, 0x61, 0x69, 0x72, 0x2E, 0x63, 0x6F, 0x6E,
            0x76, 0x65, 0x72, 0x74, 0x2E, 0x75, 0x2E, 0x76, 0x32, 0x69, 0x33, 0x32, 0x2E, 0x66, 0x2E, 0x76,
            0x32, 0x66, 0x33, 0x32, 0x33, 0x32, 0x30, 0x32, 0x33, 0x2E, 0x38, 0x38, 0x33, 0x61, 0x69, 0x72,
            0x36, 0x34, 0x5F, 0x76, 0x32, 0x38, 0x2D, 0x61, 0x70, 0x70, 0x6C, 0x65, 0x2D, 0x6D, 0x61, 0x63,
            0x6F, 0x73, 0x78, 0x32, 0x36, 0x2E, 0x30, 0x2E, 0x30, 0x00, 0x00, 0x00, 0x00, 0x00, 0x00, 0x00,
            0x00, 0x00, 0x00, 0x00, 0x00, 0x00, 0x00, 0x00, 0x00, 0x00, 0x00, 0x00, 0x4E, 0x41, 0x4D, 0x45,
            0x20, 0x00, 0x73, 0x6C, 0x61, 0x6E, 0x67, 0x2D, 0x67, 0x65, 0x6E, 0x65, 0x72, 0x61, 0x74, 0x65,
            0x64, 0x2D, 0x50, 0x43, 0x31, 0x78, 0x69, 0x76, 0x2E, 0x6D, 0x65, 0x74, 0x61, 0x6C, 0x6C, 0x69,
            0x62, 0x00, 0x45, 0x4E, 0x44, 0x54, 0x01, 0x00, 0x00, 0x00, 0xFA, 0x08, 0x00, 0x00, 0x52, 0x42,
            0x55, 0x46, 0xEA, 0x08, 0x00, 0x00, 0x00, 0x00, 0x00, 0x00, 0x00, 0x00, 0x00, 0x00, 0x00, 0x00,
            0x18, 0x00, 0x00, 0x00, 0x41, 0x49, 0x52, 0x52, 0x00, 0x00, 0x0E, 0x00, 0x18, 0x00, 0x04, 0x00,
            0x10, 0x00, 0x00, 0x00, 0x00, 0x00, 0x14, 0x00, 0x0E, 0x00, 0x00, 0x00, 0x00, 0x00, 0x00, 0x00,
            0x04, 0x00, 0x00, 0x00, 0x00, 0x00, 0x00, 0x00, 0x10, 0x00, 0x00, 0x00, 0x04, 0x00, 0x00, 0x00,
            0x01, 0x00, 0x00, 0x00, 0x00, 0x00, 0x00, 0x00, 0x16, 0x00, 0x00, 0x00, 0x5C, 0x08, 0x00, 0x00,
            0x08, 0x08, 0x00, 0x00, 0x98, 0x07, 0x00, 0x00, 0x14, 0x04, 0x00, 0x00, 0xE0, 0x03, 0x00, 0x00,
            0xBC, 0x03, 0x00, 0x00, 0x98, 0x03, 0x00, 0x00, 0x74, 0x03, 0x00, 0x00, 0x50, 0x03, 0x00, 0x00,
            0x2C, 0x03, 0x00, 0x00, 0xF0, 0x02, 0x00, 0x00, 0xA0, 0x02, 0x00, 0x00, 0xEC, 0x01, 0x00, 0x00,
            0xA0, 0x01, 0x00, 0x00, 0x6C, 0x01, 0x00, 0x00, 0xE8, 0x00, 0x00, 0x00, 0xC0, 0x00, 0x00, 0x00,
            0x98, 0x00, 0x00, 0x00, 0x70, 0x00, 0x00, 0x00, 0x48, 0x00, 0x00, 0x00, 0x1C, 0x00, 0x00, 0x00,
            0x04, 0x00, 0x00, 0x00, 0xC0, 0xF8, 0xFF, 0xFF, 0x03, 0x10, 0x00, 0x00, 0x04, 0x00, 0x00, 0x00,
            0x36, 0xFC, 0xFF, 0xFF, 0x40, 0x00, 0x00, 0x00, 0x18, 0xF8, 0xFF, 0xFF, 0x01, 0x10, 0x00, 0x00,
            0x10, 0x00, 0x00, 0x00, 0x00, 0x00, 0x0A, 0x00, 0x10, 0x00, 0x04, 0x00, 0x08, 0x00, 0x0C, 0x00,
            0x0A, 0x00, 0x00, 0x00, 0x08, 0x00, 0x00, 0x00, 0x08, 0x00, 0x00, 0x00, 0x01, 0x00, 0x00, 0x00,
            0xFC, 0xF8, 0xFF, 0xFF, 0x02, 0x00, 0x04, 0x00, 0x04, 0x00, 0x00, 0x00, 0x7A, 0xFD, 0xFF, 0xFF,
            0x00, 0x00, 0x00, 0x03, 0x0D, 0x00, 0x00, 0x00, 0x01, 0x00, 0x00, 0x00, 0x64, 0x04, 0x00, 0x00,
            0xDC, 0x03, 0x00, 0x00, 0x20, 0xF9, 0xFF, 0xFF, 0x02, 0x00, 0x04, 0x00, 0x04, 0x00, 0x00, 0x00,
            0x9E, 0xFD, 0xFF, 0xFF, 0x00, 0x00, 0x00, 0x03, 0x0C, 0x00, 0x00, 0x00, 0x01, 0x00, 0x00, 0x00,
            0x40, 0x04, 0x00, 0x00, 0xE4, 0x03, 0x00, 0x00, 0x44, 0xF9, 0xFF, 0xFF, 0x02, 0x00, 0x04, 0x00,
            0x04, 0x00, 0x00, 0x00, 0xC2, 0xFD, 0xFF, 0xFF, 0x00, 0x00, 0x00, 0x03, 0x0B, 0x00, 0x00, 0x00,
            0x01, 0x00, 0x00, 0x00, 0x1C, 0x04, 0x00, 0x00, 0xE8, 0x03, 0x00, 0x00, 0x68, 0xF9, 0xFF, 0xFF,
            0x02, 0x00, 0x04, 0x00, 0x04, 0x00, 0x00, 0x00, 0xE6, 0xFD, 0xFF, 0xFF, 0x00, 0x00, 0x00, 0x03,
            0x0A, 0x00, 0x00, 0x00, 0x01, 0x00, 0x00, 0x00, 0xF8, 0x03, 0x00, 0x00, 0xE8, 0x03, 0x00, 0x00,
            0x8C, 0xF9, 0xFF, 0xFF, 0x01, 0x00, 0x08, 0x00, 0x04, 0x00, 0x00, 0x00, 0x02, 0xFD, 0xFF, 0xFF,
            0x04, 0x00, 0x00, 0x00, 0x02, 0x00, 0x00, 0x00, 0x40, 0x00, 0x00, 0x00, 0x04, 0x00, 0x00, 0x00,
            0x08, 0xFF, 0xFF, 0xFF, 0x10, 0x00, 0x00, 0x00, 0x10, 0x00, 0x00, 0x00, 0x68, 0x01, 0x00, 0x00,
            0x04, 0x00, 0x00, 0x00, 0x1D, 0x00, 0x00, 0x00, 0x4D, 0x65, 0x74, 0x61, 0x6C, 0x6C, 0x69, 0x63,
            0x52, 0x6F, 0x75, 0x67, 0x68, 0x6E, 0x65, 0x73, 0x73, 0x41, 0x6E, 0x64, 0x50, 0x61, 0x64, 0x64,
            0x69, 0x6E, 0x67, 0x5F, 0x30, 0x00, 0x00, 0x00, 0x00, 0xFF, 0xFF, 0xFF, 0x10, 0x00, 0x00, 0x00,
            0x34, 0x01, 0x00, 0x00, 0x04, 0x00, 0x00, 0x00, 0x13, 0x00, 0x00, 0x00, 0x41, 0x6C, 0x62, 0x65,
            0x64, 0x6F, 0x41, 0x6E, 0x64, 0x45, 0x6D, 0x69, 0x73, 0x73, 0x69, 0x6F, 0x6E, 0x5F, 0x30, 0x00,
            0x0C, 0xFA, 0xFF, 0xFF, 0x00, 0x00, 0x04, 0x00, 0x04, 0x00, 0x00, 0x00, 0xD8, 0xFE, 0xFF, 0xFF,
            0x00, 0x00, 0x00, 0x03, 0x09, 0x00, 0x00, 0x00, 0x01, 0x00, 0x00, 0x00, 0x0F, 0x00, 0x00, 0x00,
            0x20, 0x00, 0x00, 0x00, 0x04, 0x00, 0x00, 0x00, 0x94, 0x03, 0x00, 0x00, 0x80, 0x03, 0x00, 0x00,
            0x3C, 0xFA, 0xFF, 0xFF, 0x00, 0x00, 0x04, 0x00, 0x20, 0x00, 0x00, 0x00, 0x1C, 0x00, 0x20, 0x00,
            0x00, 0x00, 0x00, 0x00, 0x08, 0x00, 0x0C, 0x00, 0x07, 0x00, 0x00, 0x00, 0x00, 0x00, 0x00, 0x00,
            0x10, 0x00, 0x14, 0x00, 0x18, 0x00, 0x1C, 0x00, 0x1C, 0x00, 0x00, 0x00, 0x00, 0x00, 0x00, 0x03,
            0x08, 0x00, 0x00, 0x00, 0x01, 0x00, 0x00, 0x00, 0x04, 0x00, 0x00, 0x00, 0x04, 0x00, 0x00, 0x00,
            0x8C, 0x03, 0x00, 0x00, 0x78, 0x03, 0x00, 0x00, 0x84, 0xFA, 0xFF, 0xFF, 0x01, 0x00, 0x08, 0x00,
            0x04, 0x00, 0x00, 0x00, 0xFA, 0xFD, 0xFF, 0xFF, 0x04, 0x00, 0x00, 0x00, 0x02, 0x00, 0x00, 0x00,
            0x58, 0x00, 0x00, 0x00, 0x14, 0x00, 0x00, 0x00, 0x10, 0x00, 0x14, 0x00, 0x00, 0x00, 0x04, 0x00,
            0x08, 0x00, 0x00, 0x00, 0x0C, 0x00, 0x10, 0x00, 0x10, 0x00, 0x00, 0x00, 0x10, 0x00, 0x00, 0x00,
            0x10, 0x00, 0x00, 0x00, 0x60, 0x00, 0x00, 0x00, 0x04, 0x00, 0x00, 0x00, 0x15, 0x00, 0x00, 0x00,
            0x4E, 0x6F, 0x72, 0x6D, 0x61, 0x6C, 0x41, 0x6E, 0x64, 0x4D, 0x61, 0x74, 0x65, 0x72, 0x69, 0x61,
            0x6C, 0x49, 0x64, 0x5F, 0x30, 0x00, 0x00, 0x00, 0x10, 0x00, 0x10, 0x00, 0x00, 0x00, 0x00, 0x00,
            0x04, 0x00, 0x00, 0x00, 0x08, 0x00, 0x0C, 0x00, 0x10, 0x00, 0x00, 0x00, 0x10, 0x00, 0x00, 0x00,
            0x24, 0x00, 0x00, 0x00, 0x04, 0x00, 0x00, 0x00, 0x14, 0x00, 0x00, 0x00, 0x50, 0x6F, 0x73, 0x69,
            0x74, 0x69, 0x6F, 0x6E, 0x41, 0x6E, 0x64, 0x50, 0x61, 0x64, 0x64, 0x69, 0x6E, 0x67, 0x5F, 0x30,
            0x00, 0x00, 0x00, 0x00, 0x0D, 0x00, 0x00, 0x00, 0x70, 0x61, 0x63, 0x6B, 0x65, 0x64, 0x5F, 0x66,
            0x6C, 0x6F, 0x61, 0x74, 0x34, 0x00, 0x00, 0x00, 0x34, 0xFB, 0xFF, 0xFF, 0x00, 0x00, 0x04, 0x00,
            0x20, 0x00, 0x00, 0x00, 0x1C, 0x00, 0x24, 0x00, 0x00, 0x00, 0x00, 0x00, 0x08, 0x00, 0x0C, 0x00,
            0x07, 0x00, 0x00, 0x00, 0x10, 0x00, 0x00, 0x00, 0x14, 0x00, 0x18, 0x00, 0x1C, 0x00, 0x20, 0x00,
            0x1C, 0x00, 0x00, 0x00, 0x00, 0x00, 0x00, 0x03, 0x07, 0x00, 0x00, 0x00, 0x01, 0x00, 0x00, 0x00,
            0x0C, 0x00, 0x00, 0x00, 0x20, 0x00, 0x00, 0x00, 0x04, 0x00, 0x00, 0x00, 0xC4, 0x02, 0x00, 0x00,
            0xB0, 0x02, 0x00, 0x00, 0xC4, 0xFA, 0xFF, 0xFF, 0x0B, 0x00, 0x04, 0x00, 0x18, 0x00, 0x00, 0x00,
            0x00, 0x00, 0x12, 0x00, 0x18, 0x00, 0x00, 0x00, 0x08, 0x00, 0x0C, 0x00, 0x07, 0x00, 0x00, 0x00,
            0x10, 0x00, 0x14, 0x00, 0x12, 0x00, 0x00, 0x00, 0x00, 0x00, 0x00, 0x01, 0x06, 0x00, 0x00, 0x00,
            0x01, 0x00, 0x00, 0x00, 0xC8, 0x02, 0x00, 0x00, 0xB8, 0x02, 0x00, 0x00, 0xB8, 0xFB, 0xFF, 0xFF,
            0x05, 0x00, 0x04, 0x00, 0x04, 0x00, 0x00, 0x00, 0x5E, 0xFF, 0xFF, 0xFF, 0x05, 0x00, 0x00, 0x00,
            0x01, 0x00, 0x00, 0x00, 0x2C, 0x03, 0x00, 0x00, 0xE4, 0x02, 0x00, 0x00, 0xD8, 0xFB, 0xFF, 0xFF,
            0x05, 0x00, 0x04, 0x00, 0x04, 0x00, 0x00, 0x00, 0x7E, 0xFF, 0xFF, 0xFF, 0x04, 0x00, 0x00, 0x00,
            0x01, 0x00, 0x00, 0x00, 0x0C, 0x03, 0x00, 0x00, 0xF4, 0x02, 0x00, 0x00, 0xF8, 0xFB, 0xFF, 0xFF,
            0x05, 0x00, 0x04, 0x00, 0x04, 0x00, 0x00, 0x00, 0x9E, 0xFF, 0xFF, 0xFF, 0x03, 0x00, 0x00, 0x00,
            0x01, 0x00, 0x00, 0x00, 0xE0, 0x03, 0x00, 0x00, 0x0C, 0x03, 0x00, 0x00, 0x18, 0xFC, 0xFF, 0xFF,
            0x05, 0x00, 0x04, 0x00, 0x04, 0x00, 0x00, 0x00, 0xBE, 0xFF, 0xFF, 0xFF, 0x02, 0x00, 0x00, 0x00,
            0x01, 0x00, 0x00, 0x00, 0xC0, 0x03, 0x00, 0x00, 0x24, 0x03, 0x00, 0x00, 0x38, 0xFC, 0xFF, 0xFF,
            0x05, 0x00, 0x04, 0x00, 0x04, 0x00, 0x00, 0x00, 0xDE, 0xFF, 0xFF, 0xFF, 0x01, 0x00, 0x00, 0x00,
            0x01, 0x00, 0x00, 0x00, 0xA0, 0x03, 0x00, 0x00, 0x48, 0x03, 0x00, 0x00, 0x9C, 0xFB, 0xFF, 0xFF,
            0x05, 0x00, 0x04, 0x00, 0x14, 0x00, 0x00, 0x00, 0x00, 0x00, 0x0E, 0x00, 0x14, 0x00, 0x00, 0x00,
            0x04, 0x00, 0x08, 0x00, 0x0C, 0x00, 0x10, 0x00, 0x0E, 0x00, 0x00, 0x00, 0x00, 0x00, 0x00, 0x00,
            0x01, 0x00, 0x00, 0x00, 0x70, 0x03, 0x00, 0x00, 0x58, 0x03, 0x00, 0x00, 0xCC, 0xFB, 0xFF, 0xFF,
            0x01, 0x00, 0x08, 0x00, 0x0C, 0x00, 0x00, 0x00, 0x00, 0x00, 0x06, 0x00, 0x08, 0x00, 0x04, 0x00,
            0x06, 0x00, 0x00, 0x00, 0x04, 0x00, 0x00, 0x00, 0x0E, 0x00, 0x00, 0x00, 0x20, 0x03, 0x00, 0x00,
            0xD8, 0x02, 0x00, 0x00, 0x90, 0x02, 0x00, 0x00, 0x54, 0x02, 0x00, 0x00, 0x18, 0x02, 0x00, 0x00,
            0xE4, 0x01, 0x00, 0x00, 0x94, 0x01, 0x00, 0x00, 0x50, 0x01, 0x00, 0x00, 0x18, 0x01, 0x00, 0x00,
            0xD4, 0x00, 0x00, 0x00, 0x88, 0x00, 0x00, 0x00, 0x60, 0x00, 0x00, 0x00, 0x34, 0x00, 0x00, 0x00,
            0x04, 0x00, 0x00, 0x00, 0x70, 0xFD, 0xFF, 0xFF, 0x58, 0x01, 0x00, 0x00, 0x08, 0x00, 0x00, 0x00,
            0x90, 0x00, 0x00, 0x00, 0x08, 0x00, 0x00, 0x00, 0x13, 0x00, 0x00, 0x00, 0x0F, 0x00, 0x00, 0x00,
            0x4D, 0x6F, 0x74, 0x69, 0x6F, 0x6E, 0x56, 0x65, 0x63, 0x74, 0x6F, 0x72, 0x73, 0x5F, 0x30, 0x00,
            0x9C, 0xFD, 0xFF, 0xFF, 0x50, 0x01, 0x00, 0x00, 0x08, 0x00, 0x00, 0x00, 0x64, 0x00, 0x00, 0x00,
            0x08, 0x00, 0x00, 0x00, 0x12, 0x00, 0x00, 0x00, 0x08, 0x00, 0x00, 0x00, 0x4E, 0x6F, 0x72, 0x6D,
            0x61, 0x6C, 0x5F, 0x30, 0x00, 0x00, 0x00, 0x00, 0xC4, 0xFD, 0xFF, 0xFF, 0x48, 0x01, 0x00, 0x00,
            0x08, 0x00, 0x00, 0x00, 0x3C, 0x00, 0x00, 0x00, 0x08, 0x00, 0x00, 0x00, 0x11, 0x00, 0x00, 0x00,
            0x07, 0x00, 0x00, 0x00, 0x44, 0x65, 0x70, 0x74, 0x68, 0x5F, 0x30, 0x00, 0xE8, 0xFD, 0xFF, 0xFF,
            0x40, 0x01, 0x00, 0x00, 0x08, 0x00, 0x00, 0x00, 0x18, 0x00, 0x00, 0x00, 0x08, 0x00, 0x00, 0x00,
            0x10, 0x00, 0x00, 0x00, 0x07, 0x00, 0x00, 0x00, 0x43, 0x6F, 0x6C, 0x6F, 0x72, 0x5F, 0x30, 0x00,
            0x1C, 0x00, 0x00, 0x00, 0x74, 0x65, 0x78, 0x74, 0x75, 0x72, 0x65, 0x32, 0x64, 0x3C, 0x66, 0x6C,
            0x6F, 0x61, 0x74, 0x2C, 0x20, 0x72, 0x65, 0x61, 0x64, 0x5F, 0x77, 0x72, 0x69, 0x74, 0x65, 0x3E,
            0x00, 0x00, 0x00, 0x00, 0x30, 0xFE, 0xFF, 0xFF, 0x38, 0x01, 0x00, 0x00, 0x08, 0x00, 0x00, 0x00,
            0x1C, 0x00, 0x00, 0x00, 0x08, 0x00, 0x00, 0x00, 0x0E, 0x00, 0x00, 0x00, 0x0B, 0x00, 0x00, 0x00,
            0x4D, 0x61, 0x74, 0x65, 0x72, 0x69, 0x61, 0x6C, 0x73, 0x5F, 0x30, 0x00, 0x12, 0x00, 0x00, 0x00,
            0x4D, 0x61, 0x74, 0x65, 0x72, 0x69, 0x61, 0x6C, 0x5F, 0x6E, 0x61, 0x74, 0x75, 0x72, 0x61, 0x6C,
            0x5F, 0x30, 0x00, 0x00, 0x70, 0xFE, 0xFF, 0xFF, 0x30, 0x01, 0x00, 0x00, 0x08, 0x00, 0x00, 0x00,
            0x1C, 0x00, 0x00, 0x00, 0x08, 0x00, 0x00, 0x00, 0x0D, 0x00, 0x00, 0x00, 0x09, 0x00, 0x00, 0x00,
            0x49, 0x6E, 0x64, 0x69, 0x63, 0x65, 0x73, 0x5F, 0x30, 0x00, 0x00, 0x00, 0x04, 0x00, 0x00, 0x00,
            0x75, 0x69, 0x6E, 0x74, 0x00, 0x00, 0x00, 0x00, 0xA4, 0xFE, 0xFF, 0xFF, 0x28, 0x01, 0x00, 0x00,
            0x08, 0x00, 0x00, 0x00, 0x1C, 0x00, 0x00, 0x00, 0x08, 0x00, 0x00, 0x00, 0x0B, 0x00, 0x00, 0x00,
            0x0A, 0x00, 0x00, 0x00, 0x56, 0x65, 0x72, 0x74, 0x69, 0x63, 0x65, 0x73, 0x5F, 0x30, 0x00, 0x00,
            0x10, 0x00, 0x00, 0x00, 0x56, 0x65, 0x72, 0x74, 0x65, 0x78, 0x5F, 0x6E, 0x61, 0x74, 0x75, 0x72,
            0x61, 0x6C, 0x5F, 0x30, 0x00, 0x00, 0x00, 0x00, 0xE4, 0xFE, 0xFF, 0xFF, 0x20, 0x01, 0x00, 0x00,
            0x08, 0x00, 0x00, 0x00, 0x18, 0x00, 0x00, 0x00, 0x08, 0x00, 0x00, 0x00, 0x0A, 0x00, 0x00, 0x00,
            0x07, 0x00, 0x00, 0x00, 0x53, 0x63, 0x65, 0x6E, 0x65, 0x5F, 0x30, 0x00, 0x22, 0x00, 0x00, 0x00,
            0x61, 0x63, 0x63, 0x65, 0x6C, 0x65, 0x72, 0x61, 0x74, 0x69, 0x6F, 0x6E, 0x5F, 0x73, 0x74, 0x72,
            0x75, 0x63, 0x74, 0x75, 0x72, 0x65, 0x3C, 0x69, 0x6E, 0x73, 0x74, 0x61, 0x6E, 0x63, 0x69, 0x6E,
            0x67, 0x3E, 0x00, 0x00, 0x30, 0xFF, 0xFF, 0xFF, 0x10, 0x01, 0x00, 0x00, 0x10, 0x00, 0x00, 0x00,
            0x50, 0x00, 0x00, 0x00, 0x08, 0x00, 0x00, 0x00, 0x09, 0x00, 0x00, 0x00, 0x12, 0x00, 0x00, 0x00,
            0x52, 0x65, 0x6E, 0x64, 0x65, 0x72, 0x53, 0x69, 0x7A, 0x65, 0x4A, 0x69, 0x74, 0x74, 0x65, 0x72,
            0x5F, 0x30, 0x00, 0x00, 0x60, 0xFF, 0xFF, 0xFF, 0x00, 0x01, 0x00, 0x00, 0x10, 0x00, 0x00, 0x00,
            0x20, 0x00, 0x00, 0x00, 0x08, 0x00, 0x00, 0x00, 0x08, 0x00, 0x00, 0x00, 0x0F, 0x00, 0x00, 0x00,
            0x50, 0x6F, 0x73, 0x69, 0x74, 0x69, 0x6F, 0x6E, 0x46, 0x72, 0x61, 0x6D, 0x65, 0x5F, 0x30, 0x00,
            0x06, 0x00, 0x00, 0x00, 0x66, 0x6C, 0x6F, 0x61, 0x74, 0x34, 0x00, 0x00, 0x98, 0xFF, 0xFF, 0xFF,
            0xC0, 0x00, 0x00, 0x00, 0x40, 0x00, 0x00, 0x00, 0xDC, 0x00, 0x00, 0x00, 0x08, 0x00, 0x00, 0x00,
            0x07, 0x00, 0x00, 0x00, 0x18, 0x00, 0x00, 0x00, 0x50, 0x72, 0x65, 0x76, 0x69, 0x6F, 0x75, 0x73,
            0x56, 0x69, 0x65, 0x77, 0x50, 0x72, 0x6F, 0x6A, 0x65, 0x63, 0x74, 0x69, 0x6F, 0x6E, 0x5F, 0x30,
            0x00, 0x00, 0x00, 0x00, 0xD0, 0xFF, 0xFF, 0xFF, 0x80, 0x00, 0x00, 0x00, 0x40, 0x00, 0x00, 0x00,
            0xA4, 0x00, 0x00, 0x00, 0x08, 0x00, 0x00, 0x00, 0x06, 0x00, 0x00, 0x00, 0x10, 0x00, 0x00, 0x00,
            0x56, 0x69, 0x65, 0x77, 0x50, 0x72, 0x6F, 0x6A, 0x65, 0x63, 0x74, 0x69, 0x6F, 0x6E, 0x5F, 0x30,
            0x00, 0x00, 0x00, 0x00, 0x14, 0x00, 0x18, 0x00, 0x00, 0x00, 0x04, 0x00, 0x08, 0x00, 0x00, 0x00,
            0x0C, 0x00, 0x10, 0x00, 0x00, 0x00, 0x14, 0x00, 0x14, 0x00, 0x00, 0x00, 0x40, 0x00, 0x00, 0x00,
            0x40, 0x00, 0x00, 0x00, 0x60, 0x00, 0x00, 0x00, 0x08, 0x00, 0x00, 0x00, 0x05, 0x00, 0x00, 0x00,
            0x13, 0x00, 0x00, 0x00, 0x49, 0x6E, 0x76, 0x65, 0x72, 0x73, 0x65, 0x50, 0x72, 0x6F, 0x6A, 0x65,
            0x63, 0x74, 0x69, 0x6F, 0x6E, 0x5F, 0x30, 0x00, 0x14, 0x00, 0x14, 0x00, 0x00, 0x00, 0x00, 0x00,
            0x04, 0x00, 0x00, 0x00, 0x08, 0x00, 0x0C, 0x00, 0x00, 0x00, 0x10, 0x00, 0x14, 0x00, 0x00, 0x00,
            0x40, 0x00, 0x00, 0x00, 0x20, 0x00, 0x00, 0x00, 0x08, 0x00, 0x00, 0x00, 0x04, 0x00, 0x00, 0x00,
            0x0D, 0x00, 0x00, 0x00, 0x49, 0x6E, 0x76, 0x65, 0x72, 0x73, 0x65, 0x56, 0x69, 0x65, 0x77, 0x5F,
            0x30, 0x00, 0x00, 0x00, 0x08, 0x00, 0x00, 0x00, 0x66, 0x6C, 0x6F, 0x61, 0x74, 0x34, 0x78, 0x34,
            0x00, 0x00, 0x00, 0x00, 0x08, 0x00, 0x0C, 0x00, 0x04, 0x00, 0x08, 0x00, 0x08, 0x00, 0x00, 0x00,
            0x04, 0x00, 0x04, 0x00, 0x20, 0x00, 0x00, 0x00, 0x1C, 0x00, 0x24, 0x00, 0x00, 0x00, 0x00, 0x00,
            0x08, 0x00, 0x0C, 0x00, 0x06, 0x00, 0x07, 0x00, 0x10, 0x00, 0x00, 0x00, 0x14, 0x00, 0x18, 0x00,
            0x1C, 0x00, 0x20, 0x00, 0x1C, 0x00, 0x00, 0x00, 0x00, 0x00, 0x01, 0x02, 0x00, 0x00, 0x00, 0x00,
            0x01, 0x00, 0x00, 0x00, 0x03, 0x00, 0x00, 0x00, 0x60, 0x01, 0x00, 0x00, 0x10, 0x00, 0x00, 0x00,
            0x18, 0x00, 0x00, 0x00, 0x04, 0x00, 0x00, 0x00, 0x0B, 0x00, 0x00, 0x00, 0x63, 0x6F, 0x6E, 0x73,
            0x74, 0x61, 0x6E, 0x74, 0x73, 0x5F, 0x31, 0x00, 0x0B, 0x00, 0x00, 0x00, 0x43, 0x6F, 0x6E, 0x73,
            0x74, 0x61, 0x6E, 0x74, 0x73, 0x5F, 0x30, 0x00, 0xB8, 0xFF, 0xFF, 0xFF, 0x00, 0x10, 0x04, 0x00,
            0x10, 0x00, 0x00, 0x00, 0x00, 0x00, 0x0A, 0x00, 0x0C, 0x00, 0x00, 0x00, 0x08, 0x00, 0x04, 0x00,
            0x0A, 0x00, 0x00, 0x00, 0x08, 0x00, 0x00, 0x00, 0x1C, 0x00, 0x00, 0x00, 0x12, 0x00, 0x00, 0x00,
            0x64, 0x69, 0x73, 0x70, 0x61, 0x74, 0x63, 0x68, 0x54, 0x68, 0x72, 0x65, 0x61, 0x64, 0x49, 0x64,
            0x5F, 0x30, 0x00, 0x00, 0x05, 0x00, 0x00, 0x00, 0x75, 0x69, 0x6E, 0x74, 0x33, 0x00, 0x00, 0x00,
            0x08, 0x00, 0x0E, 0x00, 0x04, 0x00, 0x08, 0x00, 0x08, 0x00, 0x00, 0x00, 0x02, 0x00, 0x00, 0x00,
            0x18, 0x00, 0x00, 0x00, 0x00, 0x00, 0x12, 0x00, 0x10, 0x00, 0x04, 0x00, 0x00, 0x00, 0x08, 0x00,
            0x00, 0x00, 0x00, 0x00, 0x00, 0x00, 0x0C, 0x00, 0x12, 0x00, 0x00, 0x00, 0x18, 0x00, 0x00, 0x00,
            0x08, 0x00, 0x00, 0x00, 0x15, 0x00, 0x00, 0x00, 0x02, 0x00, 0x00, 0x00, 0x01, 0x00, 0x00, 0x00,
            0x02, 0x00, 0x00, 0x00, 0x06, 0x00, 0x00, 0x00, 0x43, 0x53, 0x4D, 0x61, 0x69, 0x6E, 0x00, 0x00,
            0x45, 0x4E, 0x44, 0x54
        ],
        ThreadGroupSize = new()
        {
            X = 8,
            Y = 8,
            Z = 1
        }
    };
    #endregion

    #region Vulkan
    private static readonly ShaderDesc VulkanCSMain = new()
    {
        Name = "CSMain",
        CodeBytes =
        [
            0x03, 0x02, 0x23, 0x07, 0x00, 0x06, 0x01, 0x00, 0x00, 0x00, 0x28, 0x00, 0xFB, 0x07, 0x00, 0x00,
            0x00, 0x00, 0x00, 0x00, 0x11, 0x00, 0x02, 0x00, 0x78, 0x11, 0x00, 0x00, 0x11, 0x00, 0x02, 0x00,
            0x79, 0x11, 0x00, 0x00, 0x11, 0x00, 0x02, 0x00, 0x0B, 0x00, 0x00, 0x00, 0x11, 0x00, 0x02, 0x00,
            0x08, 0x14, 0x00, 0x00, 0x11, 0x00, 0x02, 0x00, 0x37, 0x00, 0x00, 0x00, 0x11, 0x00, 0x02, 0x00,
            0x38, 0x00, 0x00, 0x00, 0x11, 0x00, 0x02, 0x00, 0x01, 0x00, 0x00, 0x00, 0x0A, 0x00, 0x06, 0x00,
            0x53, 0x50, 0x56, 0x5F, 0x4B, 0x48, 0x52, 0x5F, 0x72, 0x61, 0x79, 0x5F, 0x71, 0x75, 0x65, 0x72,
            0x79, 0x00, 0x00, 0x00, 0x0A, 0x00, 0x08, 0x00, 0x53, 0x50, 0x56, 0x5F, 0x4B, 0x48, 0x52, 0x5F,
            0x75, 0x6E, 0x74, 0x79, 0x70, 0x65, 0x64, 0x5F, 0x70, 0x6F, 0x69, 0x6E, 0x74, 0x65, 0x72, 0x73,
            0x00, 0x00, 0x00, 0x00, 0x0A, 0x00, 0x07, 0x00, 0x53, 0x50, 0x56, 0x5F, 0x45, 0x58, 0x54, 0x5F,
            0x64, 0x65, 0x73, 0x63, 0x72, 0x69, 0x70, 0x74, 0x6F, 0x72, 0x5F, 0x68, 0x65, 0x61, 0x70, 0x00,
            0x0A, 0x00, 0x0B, 0x00, 0x53, 0x50, 0x56, 0x5F, 0x4B, 0x48, 0x52, 0x5F, 0x73, 0x74, 0x6F, 0x72,
            0x61, 0x67, 0x65, 0x5F, 0x62, 0x75, 0x66, 0x66, 0x65, 0x72, 0x5F, 0x73, 0x74, 0x6F, 0x72, 0x61,
            0x67, 0x65, 0x5F, 0x63, 0x6C, 0x61, 0x73, 0x73, 0x00, 0x00, 0x00, 0x00, 0x0B, 0x00, 0x06, 0x00,
            0x6D, 0x00, 0x00, 0x00, 0x47, 0x4C, 0x53, 0x4C, 0x2E, 0x73, 0x74, 0x64, 0x2E, 0x34, 0x35, 0x30,
            0x00, 0x00, 0x00, 0x00, 0x0E, 0x00, 0x03, 0x00, 0x00, 0x00, 0x00, 0x00, 0x01, 0x00, 0x00, 0x00,
            0x0F, 0x00, 0x08, 0x00, 0x05, 0x00, 0x00, 0x00, 0x02, 0x00, 0x00, 0x00, 0x43, 0x53, 0x4D, 0x61,
            0x69, 0x6E, 0x00, 0x00, 0xED, 0x00, 0x00, 0x00, 0x15, 0x00, 0x00, 0x00, 0x0D, 0x00, 0x00, 0x00,
            0x10, 0x00, 0x06, 0x00, 0x02, 0x00, 0x00, 0x00, 0x11, 0x00, 0x00, 0x00, 0x08, 0x00, 0x00, 0x00,
            0x08, 0x00, 0x00, 0x00, 0x01, 0x00, 0x00, 0x00, 0x03, 0x00, 0x03, 0x00, 0x0B, 0x00, 0x00, 0x00,
            0x01, 0x00, 0x00, 0x00, 0x05, 0x00, 0x04, 0x00, 0x07, 0x00, 0x00, 0x00, 0x73, 0x65, 0x65, 0x64,
            0x00, 0x00, 0x00, 0x00, 0x05, 0x00, 0x04, 0x00, 0x07, 0x00, 0x00, 0x00, 0x73, 0x65, 0x65, 0x64,
            0x00, 0x00, 0x00, 0x00, 0x05, 0x00, 0x04, 0x00, 0x0F, 0x00, 0x00, 0x00, 0x70, 0x69, 0x78, 0x65,
            0x6C, 0x00, 0x00, 0x00, 0x05, 0x00, 0x07, 0x00, 0x10, 0x00, 0x00, 0x00, 0x43, 0x6F, 0x6E, 0x73,
            0x74, 0x61, 0x6E, 0x74, 0x73, 0x5F, 0x73, 0x74, 0x64, 0x31, 0x34, 0x30, 0x00, 0x00, 0x00, 0x00,
            0x06, 0x00, 0x06, 0x00, 0x10, 0x00, 0x00, 0x00, 0x00, 0x00, 0x00, 0x00, 0x49, 0x6E, 0x76, 0x65,
            0x72, 0x73, 0x65, 0x56, 0x69, 0x65, 0x77, 0x00, 0x06, 0x00, 0x08, 0x00, 0x10, 0x00, 0x00, 0x00,
            0x01, 0x00, 0x00, 0x00, 0x49, 0x6E, 0x76, 0x65, 0x72, 0x73, 0x65, 0x50, 0x72, 0x6F, 0x6A, 0x65,
            0x63, 0x74, 0x69, 0x6F, 0x6E, 0x00, 0x00, 0x00, 0x06, 0x00, 0x07, 0x00, 0x10, 0x00, 0x00, 0x00,
            0x02, 0x00, 0x00, 0x00, 0x56, 0x69, 0x65, 0x77, 0x50, 0x72, 0x6F, 0x6A, 0x65, 0x63, 0x74, 0x69,
            0x6F, 0x6E, 0x00, 0x00, 0x06, 0x00, 0x09, 0x00, 0x10, 0x00, 0x00, 0x00, 0x03, 0x00, 0x00, 0x00,
            0x50, 0x72, 0x65, 0x76, 0x69, 0x6F, 0x75, 0x73, 0x56, 0x69, 0x65, 0x77, 0x50, 0x72, 0x6F, 0x6A,
            0x65, 0x63, 0x74, 0x69, 0x6F, 0x6E, 0x00, 0x00, 0x06, 0x00, 0x07, 0x00, 0x10, 0x00, 0x00, 0x00,
            0x04, 0x00, 0x00, 0x00, 0x50, 0x6F, 0x73, 0x69, 0x74, 0x69, 0x6F, 0x6E, 0x46, 0x72, 0x61, 0x6D,
            0x65, 0x00, 0x00, 0x00, 0x06, 0x00, 0x08, 0x00, 0x10, 0x00, 0x00, 0x00, 0x05, 0x00, 0x00, 0x00,
            0x52, 0x65, 0x6E, 0x64, 0x65, 0x72, 0x53, 0x69, 0x7A, 0x65, 0x4A, 0x69, 0x74, 0x74, 0x65, 0x72,
            0x00, 0x00, 0x00, 0x00, 0x06, 0x00, 0x05, 0x00, 0x10, 0x00, 0x00, 0x00, 0x06, 0x00, 0x00, 0x00,
            0x53, 0x63, 0x65, 0x6E, 0x65, 0x00, 0x00, 0x00, 0x06, 0x00, 0x06, 0x00, 0x10, 0x00, 0x00, 0x00,
            0x07, 0x00, 0x00, 0x00, 0x56, 0x65, 0x72, 0x74, 0x69, 0x63, 0x65, 0x73, 0x00, 0x00, 0x00, 0x00,
            0x06, 0x00, 0x05, 0x00, 0x10, 0x00, 0x00, 0x00, 0x08, 0x00, 0x00, 0x00, 0x49, 0x6E, 0x64, 0x69,
            0x63, 0x65, 0x73, 0x00, 0x06, 0x00, 0x06, 0x00, 0x10, 0x00, 0x00, 0x00, 0x09, 0x00, 0x00, 0x00,
            0x4D, 0x61, 0x74, 0x65, 0x72, 0x69, 0x61, 0x6C, 0x73, 0x00, 0x00, 0x00, 0x06, 0x00, 0x05, 0x00,
            0x10, 0x00, 0x00, 0x00, 0x0A, 0x00, 0x00, 0x00, 0x43, 0x6F, 0x6C, 0x6F, 0x72, 0x00, 0x00, 0x00,
            0x06, 0x00, 0x05, 0x00, 0x10, 0x00, 0x00, 0x00, 0x0B, 0x00, 0x00, 0x00, 0x44, 0x65, 0x70, 0x74,
            0x68, 0x00, 0x00, 0x00, 0x06, 0x00, 0x05, 0x00, 0x10, 0x00, 0x00, 0x00, 0x0C, 0x00, 0x00, 0x00,
            0x4E, 0x6F, 0x72, 0x6D, 0x61, 0x6C, 0x00, 0x00, 0x06, 0x00, 0x07, 0x00, 0x10, 0x00, 0x00, 0x00,
            0x0D, 0x00, 0x00, 0x00, 0x4D, 0x6F, 0x74, 0x69, 0x6F, 0x6E, 0x56, 0x65, 0x63, 0x74, 0x6F, 0x72,
            0x73, 0x00, 0x00, 0x00, 0x05, 0x00, 0x05, 0x00, 0x15, 0x00, 0x00, 0x00, 0x63, 0x6F, 0x6E, 0x73,
            0x74, 0x61, 0x6E, 0x74, 0x73, 0x00, 0x00, 0x00, 0x05, 0x00, 0x03, 0x00, 0x50, 0x00, 0x00, 0x00,
            0x75, 0x76, 0x00, 0x00, 0x05, 0x00, 0x03, 0x00, 0x59, 0x00, 0x00, 0x00, 0x6E, 0x64, 0x63, 0x00,
            0x05, 0x00, 0x07, 0x00, 0xED, 0x00, 0x00, 0x00, 0x73, 0x6C, 0x61, 0x6E, 0x67, 0x5F, 0x72, 0x65,
            0x73, 0x6F, 0x75, 0x72, 0x63, 0x65, 0x48, 0x65, 0x61, 0x70, 0x00, 0x00, 0x05, 0x00, 0x07, 0x00,
            0x5F, 0x01, 0x00, 0x00, 0x53, 0x74, 0x72, 0x75, 0x63, 0x74, 0x75, 0x72, 0x65, 0x64, 0x42, 0x75,
            0x66, 0x66, 0x65, 0x72, 0x00, 0x00, 0x00, 0x00, 0x06, 0x00, 0x06, 0x00, 0x5F, 0x01, 0x00, 0x00,
            0x00, 0x00, 0x00, 0x00, 0x5F, 0x5F, 0x6D, 0x65, 0x6D, 0x62, 0x65, 0x72, 0x30, 0x00, 0x00, 0x00,
            0x05, 0x00, 0x06, 0x00, 0x7D, 0x01, 0x00, 0x00, 0x56, 0x65, 0x72, 0x74, 0x65, 0x78, 0x5F, 0x73,
            0x74, 0x64, 0x34, 0x33, 0x30, 0x00, 0x00, 0x00, 0x06, 0x00, 0x08, 0x00, 0x7D, 0x01, 0x00, 0x00,
            0x00, 0x00, 0x00, 0x00, 0x50, 0x6F, 0x73, 0x69, 0x74, 0x69, 0x6F, 0x6E, 0x41, 0x6E, 0x64, 0x50,
            0x61, 0x64, 0x64, 0x69, 0x6E, 0x67, 0x00, 0x00, 0x06, 0x00, 0x08, 0x00, 0x7D, 0x01, 0x00, 0x00,
            0x01, 0x00, 0x00, 0x00, 0x4E, 0x6F, 0x72, 0x6D, 0x61, 0x6C, 0x41, 0x6E, 0x64, 0x4D, 0x61, 0x74,
            0x65, 0x72, 0x69, 0x61, 0x6C, 0x49, 0x64, 0x00, 0x05, 0x00, 0x07, 0x00, 0x7C, 0x01, 0x00, 0x00,
            0x53, 0x74, 0x72, 0x75, 0x63, 0x74, 0x75, 0x72, 0x65, 0x64, 0x42, 0x75, 0x66, 0x66, 0x65, 0x72,
            0x00, 0x00, 0x00, 0x00, 0x06, 0x00, 0x06, 0x00, 0x7C, 0x01, 0x00, 0x00, 0x00, 0x00, 0x00, 0x00,
            0x5F, 0x5F, 0x6D, 0x65, 0x6D, 0x62, 0x65, 0x72, 0x30, 0x00, 0x00, 0x00, 0x05, 0x00, 0x06, 0x00,
            0xBB, 0x01, 0x00, 0x00, 0x4D, 0x61, 0x74, 0x65, 0x72, 0x69, 0x61, 0x6C, 0x5F, 0x73, 0x74, 0x64,
            0x34, 0x33, 0x30, 0x00, 0x06, 0x00, 0x08, 0x00, 0xBB, 0x01, 0x00, 0x00, 0x00, 0x00, 0x00, 0x00,
            0x41, 0x6C, 0x62, 0x65, 0x64, 0x6F, 0x41, 0x6E, 0x64, 0x45, 0x6D, 0x69, 0x73, 0x73, 0x69, 0x6F,
            0x6E, 0x00, 0x00, 0x00, 0x06, 0x00, 0x0A, 0x00, 0xBB, 0x01, 0x00, 0x00, 0x01, 0x00, 0x00, 0x00,
            0x4D, 0x65, 0x74, 0x61, 0x6C, 0x6C, 0x69, 0x63, 0x52, 0x6F, 0x75, 0x67, 0x68, 0x6E, 0x65, 0x73,
            0x73, 0x41, 0x6E, 0x64, 0x50, 0x61, 0x64, 0x64, 0x69, 0x6E, 0x67, 0x00, 0x05, 0x00, 0x07, 0x00,
            0xBA, 0x01, 0x00, 0x00, 0x53, 0x74, 0x72, 0x75, 0x63, 0x74, 0x75, 0x72, 0x65, 0x64, 0x42, 0x75,
            0x66, 0x66, 0x65, 0x72, 0x00, 0x00, 0x00, 0x00, 0x06, 0x00, 0x06, 0x00, 0xBA, 0x01, 0x00, 0x00,
            0x00, 0x00, 0x00, 0x00, 0x5F, 0x5F, 0x6D, 0x65, 0x6D, 0x62, 0x65, 0x72, 0x30, 0x00, 0x00, 0x00,
            0x05, 0x00, 0x04, 0x00, 0x02, 0x00, 0x00, 0x00, 0x43, 0x53, 0x4D, 0x61, 0x69, 0x6E, 0x00, 0x00,
            0x47, 0x00, 0x04, 0x00, 0x0D, 0x00, 0x00, 0x00, 0x0B, 0x00, 0x00, 0x00, 0x1C, 0x00, 0x00, 0x00,
            0x47, 0x00, 0x03, 0x00, 0x10, 0x00, 0x00, 0x00, 0x02, 0x00, 0x00, 0x00, 0x48, 0x00, 0x05, 0x00,
            0x10, 0x00, 0x00, 0x00, 0x00, 0x00, 0x00, 0x00, 0x23, 0x00, 0x00, 0x00, 0x00, 0x00, 0x00, 0x00,
            0x48, 0x00, 0x04, 0x00, 0x10, 0x00, 0x00, 0x00, 0x00, 0x00, 0x00, 0x00, 0x05, 0x00, 0x00, 0x00,
            0x48, 0x00, 0x05, 0x00, 0x10, 0x00, 0x00, 0x00, 0x00, 0x00, 0x00, 0x00, 0x07, 0x00, 0x00, 0x00,
            0x10, 0x00, 0x00, 0x00, 0x48, 0x00, 0x05, 0x00, 0x10, 0x00, 0x00, 0x00, 0x01, 0x00, 0x00, 0x00,
            0x23, 0x00, 0x00, 0x00, 0x40, 0x00, 0x00, 0x00, 0x48, 0x00, 0x04, 0x00, 0x10, 0x00, 0x00, 0x00,
            0x01, 0x00, 0x00, 0x00, 0x05, 0x00, 0x00, 0x00, 0x48, 0x00, 0x05, 0x00, 0x10, 0x00, 0x00, 0x00,
            0x01, 0x00, 0x00, 0x00, 0x07, 0x00, 0x00, 0x00, 0x10, 0x00, 0x00, 0x00, 0x48, 0x00, 0x05, 0x00,
            0x10, 0x00, 0x00, 0x00, 0x02, 0x00, 0x00, 0x00, 0x23, 0x00, 0x00, 0x00, 0x80, 0x00, 0x00, 0x00,
            0x48, 0x00, 0x04, 0x00, 0x10, 0x00, 0x00, 0x00, 0x02, 0x00, 0x00, 0x00, 0x05, 0x00, 0x00, 0x00,
            0x48, 0x00, 0x05, 0x00, 0x10, 0x00, 0x00, 0x00, 0x02, 0x00, 0x00, 0x00, 0x07, 0x00, 0x00, 0x00,
            0x10, 0x00, 0x00, 0x00, 0x48, 0x00, 0x05, 0x00, 0x10, 0x00, 0x00, 0x00, 0x03, 0x00, 0x00, 0x00,
            0x23, 0x00, 0x00, 0x00, 0xC0, 0x00, 0x00, 0x00, 0x48, 0x00, 0x04, 0x00, 0x10, 0x00, 0x00, 0x00,
            0x03, 0x00, 0x00, 0x00, 0x05, 0x00, 0x00, 0x00, 0x48, 0x00, 0x05, 0x00, 0x10, 0x00, 0x00, 0x00,
            0x03, 0x00, 0x00, 0x00, 0x07, 0x00, 0x00, 0x00, 0x10, 0x00, 0x00, 0x00, 0x48, 0x00, 0x05, 0x00,
            0x10, 0x00, 0x00, 0x00, 0x04, 0x00, 0x00, 0x00, 0x23, 0x00, 0x00, 0x00, 0x00, 0x01, 0x00, 0x00,
            0x48, 0x00, 0x05, 0x00, 0x10, 0x00, 0x00, 0x00, 0x05, 0x00, 0x00, 0x00, 0x23, 0x00, 0x00, 0x00,
            0x10, 0x01, 0x00, 0x00, 0x48, 0x00, 0x05, 0x00, 0x10, 0x00, 0x00, 0x00, 0x06, 0x00, 0x00, 0x00,
            0x23, 0x00, 0x00, 0x00, 0x20, 0x01, 0x00, 0x00, 0x48, 0x00, 0x05, 0x00, 0x10, 0x00, 0x00, 0x00,
            0x07, 0x00, 0x00, 0x00, 0x23, 0x00, 0x00, 0x00, 0x28, 0x01, 0x00, 0x00, 0x48, 0x00, 0x05, 0x00,
            0x10, 0x00, 0x00, 0x00, 0x08, 0x00, 0x00, 0x00, 0x23, 0x00, 0x00, 0x00, 0x30, 0x01, 0x00, 0x00,
            0x48, 0x00, 0x05, 0x00, 0x10, 0x00, 0x00, 0x00, 0x09, 0x00, 0x00, 0x00, 0x23, 0x00, 0x00, 0x00,
            0x38, 0x01, 0x00, 0x00, 0x48, 0x00, 0x05, 0x00, 0x10, 0x00, 0x00, 0x00, 0x0A, 0x00, 0x00, 0x00,
            0x23, 0x00, 0x00, 0x00, 0x40, 0x01, 0x00, 0x00, 0x48, 0x00, 0x05, 0x00, 0x10, 0x00, 0x00, 0x00,
            0x0B, 0x00, 0x00, 0x00, 0x23, 0x00, 0x00, 0x00, 0x48, 0x01, 0x00, 0x00, 0x48, 0x00, 0x05, 0x00,
            0x10, 0x00, 0x00, 0x00, 0x0C, 0x00, 0x00, 0x00, 0x23, 0x00, 0x00, 0x00, 0x50, 0x01, 0x00, 0x00,
            0x48, 0x00, 0x05, 0x00, 0x10, 0x00, 0x00, 0x00, 0x0D, 0x00, 0x00, 0x00, 0x23, 0x00, 0x00, 0x00,
            0x58, 0x01, 0x00, 0x00, 0x47, 0x00, 0x04, 0x00, 0x15, 0x00, 0x00, 0x00, 0x21, 0x00, 0x00, 0x00,
            0x00, 0x00, 0x00, 0x00, 0x47, 0x00, 0x04, 0x00, 0x15, 0x00, 0x00, 0x00, 0x22, 0x00, 0x00, 0x00,
            0x00, 0x00, 0x00, 0x00, 0x47, 0x00, 0x04, 0x00, 0xEB, 0x00, 0x00, 0x00, 0x06, 0x00, 0x00, 0x00,
            0x08, 0x00, 0x00, 0x00, 0x47, 0x00, 0x04, 0x00, 0xED, 0x00, 0x00, 0x00, 0x0B, 0x00, 0x00, 0x00,
            0x03, 0x14, 0x00, 0x00, 0x4C, 0x01, 0x04, 0x00, 0x08, 0x01, 0x00, 0x00, 0x04, 0x14, 0x00, 0x00,
            0x07, 0x01, 0x00, 0x00, 0x4C, 0x01, 0x04, 0x00, 0x5D, 0x01, 0x00, 0x00, 0x04, 0x14, 0x00, 0x00,
            0x5C, 0x01, 0x00, 0x00, 0x47, 0x00, 0x04, 0x00, 0x60, 0x01, 0x00, 0x00, 0x06, 0x00, 0x00, 0x00,
            0x04, 0x00, 0x00, 0x00, 0x47, 0x00, 0x03, 0x00, 0x5F, 0x01, 0x00, 0x00, 0x02, 0x00, 0x00, 0x00,
            0x48, 0x00, 0x05, 0x00, 0x5F, 0x01, 0x00, 0x00, 0x00, 0x00, 0x00, 0x00, 0x23, 0x00, 0x00, 0x00,
            0x00, 0x00, 0x00, 0x00, 0x47, 0x00, 0x04, 0x00, 0x65, 0x01, 0x00, 0x00, 0x06, 0x00, 0x00, 0x00,
            0x04, 0x00, 0x00, 0x00, 0x48, 0x00, 0x05, 0x00, 0x7D, 0x01, 0x00, 0x00, 0x00, 0x00, 0x00, 0x00,
            0x23, 0x00, 0x00, 0x00, 0x00, 0x00, 0x00, 0x00, 0x48, 0x00, 0x05, 0x00, 0x7D, 0x01, 0x00, 0x00,
            0x01, 0x00, 0x00, 0x00, 0x23, 0x00, 0x00, 0x00, 0x10, 0x00, 0x00, 0x00, 0x47, 0x00, 0x04, 0x00,
            0x7E, 0x01, 0x00, 0x00, 0x06, 0x00, 0x00, 0x00, 0x20, 0x00, 0x00, 0x00, 0x47, 0x00, 0x03, 0x00,
            0x7C, 0x01, 0x00, 0x00, 0x02, 0x00, 0x00, 0x00, 0x48, 0x00, 0x05, 0x00, 0x7C, 0x01, 0x00, 0x00,
            0x00, 0x00, 0x00, 0x00, 0x23, 0x00, 0x00, 0x00, 0x00, 0x00, 0x00, 0x00, 0x47, 0x00, 0x04, 0x00,
            0x81, 0x01, 0x00, 0x00, 0x06, 0x00, 0x00, 0x00, 0x20, 0x00, 0x00, 0x00, 0x48, 0x00, 0x05, 0x00,
            0xBB, 0x01, 0x00, 0x00, 0x00, 0x00, 0x00, 0x00, 0x23, 0x00, 0x00, 0x00, 0x00, 0x00, 0x00, 0x00,
            0x48, 0x00, 0x05, 0x00, 0xBB, 0x01, 0x00, 0x00, 0x01, 0x00, 0x00, 0x00, 0x23, 0x00, 0x00, 0x00,
            0x10, 0x00, 0x00, 0x00, 0x47, 0x00, 0x04, 0x00, 0xBC, 0x01, 0x00, 0x00, 0x06, 0x00, 0x00, 0x00,
            0x20, 0x00, 0x00, 0x00, 0x47, 0x00, 0x03, 0x00, 0xBA, 0x01, 0x00, 0x00, 0x02, 0x00, 0x00, 0x00,
            0x48, 0x00, 0x05, 0x00, 0xBA, 0x01, 0x00, 0x00, 0x00, 0x00, 0x00, 0x00, 0x23, 0x00, 0x00, 0x00,
            0x00, 0x00, 0x00, 0x00, 0x47, 0x00, 0x04, 0x00, 0xC9, 0x01, 0x00, 0x00, 0x06, 0x00, 0x00, 0x00,
            0x20, 0x00, 0x00, 0x00, 0x47, 0x00, 0x03, 0x00, 0xBC, 0x04, 0x00, 0x00, 0x18, 0x00, 0x00, 0x00,
            0x47, 0x00, 0x03, 0x00, 0xC3, 0x04, 0x00, 0x00, 0x18, 0x00, 0x00, 0x00, 0x47, 0x00, 0x03, 0x00,
            0xCA, 0x04, 0x00, 0x00, 0x18, 0x00, 0x00, 0x00, 0x47, 0x00, 0x03, 0x00, 0xD2, 0x04, 0x00, 0x00,
            0x18, 0x00, 0x00, 0x00, 0x47, 0x00, 0x03, 0x00, 0xD9, 0x04, 0x00, 0x00, 0x18, 0x00, 0x00, 0x00,
            0x47, 0x00, 0x03, 0x00, 0xE0, 0x04, 0x00, 0x00, 0x18, 0x00, 0x00, 0x00, 0x47, 0x00, 0x03, 0x00,
            0xFC, 0x04, 0x00, 0x00, 0x18, 0x00, 0x00, 0x00, 0x47, 0x00, 0x03, 0x00, 0x79, 0x05, 0x00, 0x00,
            0x18, 0x00, 0x00, 0x00, 0x13, 0x00, 0x02, 0x00, 0x01, 0x00, 0x00, 0x00, 0x21, 0x00, 0x03, 0x00,
            0x03, 0x00, 0x00, 0x00, 0x01, 0x00, 0x00, 0x00, 0x15, 0x00, 0x04, 0x00, 0x05, 0x00, 0x00, 0x00,
            0x20, 0x00, 0x00, 0x00, 0x00, 0x00, 0x00, 0x00, 0x20, 0x00, 0x04, 0x00, 0x06, 0x00, 0x00, 0x00,
            0x07, 0x00, 0x00, 0x00, 0x05, 0x00, 0x00, 0x00, 0x17, 0x00, 0x04, 0x00, 0x0A, 0x00, 0x00, 0x00,
            0x05, 0x00, 0x00, 0x00, 0x03, 0x00, 0x00, 0x00, 0x20, 0x00, 0x04, 0x00, 0x0C, 0x00, 0x00, 0x00,
            0x01, 0x00, 0x00, 0x00, 0x0A, 0x00, 0x00, 0x00, 0x17, 0x00, 0x04, 0x00, 0x0E, 0x00, 0x00, 0x00,
            0x05, 0x00, 0x00, 0x00, 0x02, 0x00, 0x00, 0x00, 0x16, 0x00, 0x03, 0x00, 0x11, 0x00, 0x00, 0x00,
            0x20, 0x00, 0x00, 0x00, 0x17, 0x00, 0x04, 0x00, 0x12, 0x00, 0x00, 0x00, 0x11, 0x00, 0x00, 0x00,
            0x04, 0x00, 0x00, 0x00, 0x18, 0x00, 0x04, 0x00, 0x13, 0x00, 0x00, 0x00, 0x12, 0x00, 0x00, 0x00,
            0x04, 0x00, 0x00, 0x00, 0x1E, 0x00, 0x10, 0x00, 0x10, 0x00, 0x00, 0x00, 0x13, 0x00, 0x00, 0x00,
            0x13, 0x00, 0x00, 0x00, 0x13, 0x00, 0x00, 0x00, 0x13, 0x00, 0x00, 0x00, 0x12, 0x00, 0x00, 0x00,
            0x12, 0x00, 0x00, 0x00, 0x0E, 0x00, 0x00, 0x00, 0x0E, 0x00, 0x00, 0x00, 0x0E, 0x00, 0x00, 0x00,
            0x0E, 0x00, 0x00, 0x00, 0x0E, 0x00, 0x00, 0x00, 0x0E, 0x00, 0x00, 0x00, 0x0E, 0x00, 0x00, 0x00,
            0x0E, 0x00, 0x00, 0x00, 0x20, 0x00, 0x04, 0x00, 0x14, 0x00, 0x00, 0x00, 0x02, 0x00, 0x00, 0x00,
            0x10, 0x00, 0x00, 0x00, 0x15, 0x00, 0x04, 0x00, 0x16, 0x00, 0x00, 0x00, 0x20, 0x00, 0x00, 0x00,
            0x01, 0x00, 0x00, 0x00, 0x2B, 0x00, 0x04, 0x00, 0x16, 0x00, 0x00, 0x00, 0x17, 0x00, 0x00, 0x00,
            0x05, 0x00, 0x00, 0x00, 0x20, 0x00, 0x04, 0x00, 0x18, 0x00, 0x00, 0x00, 0x02, 0x00, 0x00, 0x00,
            0x12, 0x00, 0x00, 0x00, 0x17, 0x00, 0x04, 0x00, 0x1B, 0x00, 0x00, 0x00, 0x11, 0x00, 0x00, 0x00,
            0x02, 0x00, 0x00, 0x00, 0x14, 0x00, 0x02, 0x00, 0x1E, 0x00, 0x00, 0x00, 0x17, 0x00, 0x04, 0x00,
            0x1F, 0x00, 0x00, 0x00, 0x1E, 0x00, 0x00, 0x00, 0x02, 0x00, 0x00, 0x00, 0x2B, 0x00, 0x04, 0x00,
            0x16, 0x00, 0x00, 0x00, 0x29, 0x00, 0x00, 0x00, 0x04, 0x00, 0x00, 0x00, 0x2B, 0x00, 0x04, 0x00,
            0x05, 0x00, 0x00, 0x00, 0x38, 0x00, 0x00, 0x00, 0xB5, 0x77, 0x92, 0x2C, 0x2B, 0x00, 0x04, 0x00,
            0x05, 0x00, 0x00, 0x00, 0x3A, 0x00, 0x00, 0x00, 0x05, 0x4B, 0x56, 0xAC, 0x2B, 0x00, 0x04, 0x00,
            0x05, 0x00, 0x00, 0x00, 0x3C, 0x00, 0x00, 0x00, 0x1C, 0x00, 0x00, 0x00, 0x2B, 0x00, 0x04, 0x00,
            0x05, 0x00, 0x00, 0x00, 0x3E, 0x00, 0x00, 0x00, 0x04, 0x00, 0x00, 0x00, 0x2B, 0x00, 0x04, 0x00,
            0x05, 0x00, 0x00, 0x00, 0x42, 0x00, 0x00, 0x00, 0xD9, 0xF2, 0x8E, 0x10, 0x2B, 0x00, 0x04, 0x00,
            0x05, 0x00, 0x00, 0x00, 0x44, 0x00, 0x00, 0x00, 0x16, 0x00, 0x00, 0x00, 0x2B, 0x00, 0x04, 0x00,
            0x11, 0x00, 0x00, 0x00, 0x4A, 0x00, 0x00, 0x00, 0x00, 0x00, 0x00, 0x3F, 0x2B, 0x00, 0x04, 0x00,
            0x11, 0x00, 0x00, 0x00, 0x53, 0x00, 0x00, 0x00, 0x00, 0x00, 0x00, 0x40, 0x2B, 0x00, 0x04, 0x00,
            0x11, 0x00, 0x00, 0x00, 0x55, 0x00, 0x00, 0x00, 0x00, 0x00, 0x80, 0x3F, 0x2B, 0x00, 0x04, 0x00,
            0x16, 0x00, 0x00, 0x00, 0x5B, 0x00, 0x00, 0x00, 0x01, 0x00, 0x00, 0x00, 0x20, 0x00, 0x04, 0x00,
            0x5C, 0x00, 0x00, 0x00, 0x02, 0x00, 0x00, 0x00, 0x13, 0x00, 0x00, 0x00, 0x17, 0x00, 0x04, 0x00,
            0x60, 0x00, 0x00, 0x00, 0x11, 0x00, 0x00, 0x00, 0x03, 0x00, 0x00, 0x00, 0x2B, 0x00, 0x04, 0x00,
            0x11, 0x00, 0x00, 0x00, 0x66, 0x00, 0x00, 0x00, 0x00, 0x00, 0x00, 0x00, 0x2B, 0x00, 0x04, 0x00,
            0x16, 0x00, 0x00, 0x00, 0x67, 0x00, 0x00, 0x00, 0x00, 0x00, 0x00, 0x00, 0x20, 0x00, 0x04, 0x00,
            0x78, 0x00, 0x00, 0x00, 0x07, 0x00, 0x00, 0x00, 0x60, 0x00, 0x00, 0x00, 0x20, 0x00, 0x04, 0x00,
            0x7D, 0x00, 0x00, 0x00, 0x07, 0x00, 0x00, 0x00, 0x16, 0x00, 0x00, 0x00, 0x78, 0x11, 0x02, 0x00,
            0x82, 0x00, 0x00, 0x00, 0x20, 0x00, 0x04, 0x00, 0x83, 0x00, 0x00, 0x00, 0x07, 0x00, 0x00, 0x00,
            0x82, 0x00, 0x00, 0x00, 0x2C, 0x00, 0x06, 0x00, 0x60, 0x00, 0x00, 0x00, 0xCD, 0x00, 0x00, 0x00,
            0x55, 0x00, 0x00, 0x00, 0x55, 0x00, 0x00, 0x00, 0x55, 0x00, 0x00, 0x00, 0x2C, 0x00, 0x06, 0x00,
            0x60, 0x00, 0x00, 0x00, 0xCF, 0x00, 0x00, 0x00, 0x66, 0x00, 0x00, 0x00, 0x66, 0x00, 0x00, 0x00,
            0x66, 0x00, 0x00, 0x00, 0x2B, 0x00, 0x04, 0x00, 0x16, 0x00, 0x00, 0x00, 0xD3, 0x00, 0x00, 0x00,
            0x08, 0x00, 0x00, 0x00, 0x2B, 0x00, 0x04, 0x00, 0x16, 0x00, 0x00, 0x00, 0xD8, 0x00, 0x00, 0x00,
            0x02, 0x00, 0x00, 0x00, 0x20, 0x00, 0x04, 0x00, 0xDC, 0x00, 0x00, 0x00, 0x07, 0x00, 0x00, 0x00,
            0x11, 0x00, 0x00, 0x00, 0x2B, 0x00, 0x04, 0x00, 0x11, 0x00, 0x00, 0x00, 0xDE, 0x00, 0x00, 0x00,
            0x6F, 0x12, 0x83, 0x3A, 0x2B, 0x00, 0x04, 0x00, 0x16, 0x00, 0x00, 0x00, 0xE0, 0x00, 0x00, 0x00,
            0x03, 0x00, 0x00, 0x00, 0x2B, 0x00, 0x04, 0x00, 0x11, 0x00, 0x00, 0x00, 0xE2, 0x00, 0x00, 0x00,
            0x00, 0x50, 0xC3, 0x47, 0x2B, 0x00, 0x04, 0x00, 0x16, 0x00, 0x00, 0x00, 0xE4, 0x00, 0x00, 0x00,
            0x06, 0x00, 0x00, 0x00, 0x20, 0x00, 0x04, 0x00, 0xE5, 0x00, 0x00, 0x00, 0x02, 0x00, 0x00, 0x00,
            0x0E, 0x00, 0x00, 0x00, 0x41, 0x11, 0x03, 0x00, 0xE9, 0x00, 0x00, 0x00, 0x00, 0x00, 0x00, 0x00,
            0x15, 0x00, 0x04, 0x00, 0xEA, 0x00, 0x00, 0x00, 0x40, 0x00, 0x00, 0x00, 0x00, 0x00, 0x00, 0x00,
            0x1D, 0x00, 0x03, 0x00, 0xEB, 0x00, 0x00, 0x00, 0xEA, 0x00, 0x00, 0x00, 0xDD, 0x14, 0x02, 0x00,
            0xEF, 0x00, 0x00, 0x00, 0x2B, 0x00, 0x04, 0x00, 0x05, 0x00, 0x00, 0x00, 0xF6, 0x00, 0x00, 0x00,
            0x01, 0x02, 0x00, 0x00, 0x2B, 0x00, 0x04, 0x00, 0x05, 0x00, 0x00, 0x00, 0xF7, 0x00, 0x00, 0x00,
            0xFF, 0x00, 0x00, 0x00, 0x2B, 0x00, 0x04, 0x00, 0x05, 0x00, 0x00, 0x00, 0xFB, 0x00, 0x00, 0x00,
            0x01, 0x00, 0x00, 0x00, 0x2B, 0x00, 0x04, 0x00, 0x05, 0x00, 0x00, 0x00, 0xFD, 0x00, 0x00, 0x00,
            0x00, 0x00, 0x00, 0x00, 0x2B, 0x00, 0x04, 0x00, 0x16, 0x00, 0x00, 0x00, 0x02, 0x01, 0x00, 0x00,
            0x0B, 0x00, 0x00, 0x00, 0x19, 0x00, 0x09, 0x00, 0x06, 0x01, 0x00, 0x00, 0x11, 0x00, 0x00, 0x00,
            0x01, 0x00, 0x00, 0x00, 0x02, 0x00, 0x00, 0x00, 0x00, 0x00, 0x00, 0x00, 0x00, 0x00, 0x00, 0x00,
            0x02, 0x00, 0x00, 0x00, 0x00, 0x00, 0x00, 0x00, 0x09, 0x14, 0x04, 0x00, 0x05, 0x00, 0x00, 0x00,
            0x07, 0x01, 0x00, 0x00, 0x06, 0x01, 0x00, 0x00, 0x1D, 0x00, 0x03, 0x00, 0x08, 0x01, 0x00, 0x00,
            0x06, 0x01, 0x00, 0x00, 0x2B, 0x00, 0x04, 0x00, 0x16, 0x00, 0x00, 0x00, 0x0D, 0x01, 0x00, 0x00,
            0x0C, 0x00, 0x00, 0x00, 0x2C, 0x00, 0x07, 0x00, 0x12, 0x00, 0x00, 0x00, 0x13, 0x01, 0x00, 0x00,
            0x66, 0x00, 0x00, 0x00, 0x66, 0x00, 0x00, 0x00, 0x66, 0x00, 0x00, 0x00, 0x66, 0x00, 0x00, 0x00,
            0x2B, 0x00, 0x04, 0x00, 0x16, 0x00, 0x00, 0x00, 0x15, 0x01, 0x00, 0x00, 0x0D, 0x00, 0x00, 0x00,
            0x2B, 0x00, 0x04, 0x00, 0x11, 0x00, 0x00, 0x00, 0x33, 0x01, 0x00, 0x00, 0xEE, 0x7C, 0x7F, 0x3E,
            0x2B, 0x00, 0x04, 0x00, 0x11, 0x00, 0x00, 0x00, 0x44, 0x01, 0x00, 0x00, 0x9A, 0x99, 0x19, 0x3E,
            0x2B, 0x00, 0x04, 0x00, 0x11, 0x00, 0x00, 0x00, 0x45, 0x01, 0x00, 0x00, 0x8F, 0xC2, 0xF5, 0x3D,
            0x2B, 0x00, 0x04, 0x00, 0x11, 0x00, 0x00, 0x00, 0x46, 0x01, 0x00, 0x00, 0xCD, 0xCC, 0xCC, 0x3D,
            0x2C, 0x00, 0x06, 0x00, 0x60, 0x00, 0x00, 0x00, 0x43, 0x01, 0x00, 0x00, 0x44, 0x01, 0x00, 0x00,
            0x45, 0x01, 0x00, 0x00, 0x46, 0x01, 0x00, 0x00, 0x2B, 0x00, 0x04, 0x00, 0x11, 0x00, 0x00, 0x00,
            0x48, 0x01, 0x00, 0x00, 0x9A, 0x99, 0x99, 0x3E, 0x2B, 0x00, 0x04, 0x00, 0x11, 0x00, 0x00, 0x00,
            0x49, 0x01, 0x00, 0x00, 0x33, 0x33, 0xB3, 0x3E, 0x2B, 0x00, 0x04, 0x00, 0x11, 0x00, 0x00, 0x00,
            0x4A, 0x01, 0x00, 0x00, 0x66, 0x66, 0xE6, 0x3E, 0x2C, 0x00, 0x06, 0x00, 0x60, 0x00, 0x00, 0x00,
            0x47, 0x01, 0x00, 0x00, 0x48, 0x01, 0x00, 0x00, 0x49, 0x01, 0x00, 0x00, 0x4A, 0x01, 0x00, 0x00,
            0xFB, 0x13, 0x03, 0x00, 0x5B, 0x01, 0x00, 0x00, 0x0C, 0x00, 0x00, 0x00, 0x09, 0x14, 0x04, 0x00,
            0x05, 0x00, 0x00, 0x00, 0x5C, 0x01, 0x00, 0x00, 0x5B, 0x01, 0x00, 0x00, 0x1D, 0x00, 0x03, 0x00,
            0x5D, 0x01, 0x00, 0x00, 0x5B, 0x01, 0x00, 0x00, 0x1D, 0x00, 0x03, 0x00, 0x60, 0x01, 0x00, 0x00,
            0x05, 0x00, 0x00, 0x00, 0x1E, 0x00, 0x03, 0x00, 0x5F, 0x01, 0x00, 0x00, 0x60, 0x01, 0x00, 0x00,
            0x20, 0x00, 0x04, 0x00, 0x61, 0x01, 0x00, 0x00, 0x0C, 0x00, 0x00, 0x00, 0x5F, 0x01, 0x00, 0x00,
            0x2B, 0x00, 0x04, 0x00, 0x05, 0x00, 0x00, 0x00, 0x64, 0x01, 0x00, 0x00, 0x03, 0x00, 0x00, 0x00,
            0x20, 0x00, 0x04, 0x00, 0x65, 0x01, 0x00, 0x00, 0x0C, 0x00, 0x00, 0x00, 0x05, 0x00, 0x00, 0x00,
            0x2B, 0x00, 0x04, 0x00, 0x05, 0x00, 0x00, 0x00, 0x74, 0x01, 0x00, 0x00, 0x02, 0x00, 0x00, 0x00,
            0x2B, 0x00, 0x04, 0x00, 0x16, 0x00, 0x00, 0x00, 0x77, 0x01, 0x00, 0x00, 0x07, 0x00, 0x00, 0x00,
            0x1E, 0x00, 0x04, 0x00, 0x7D, 0x01, 0x00, 0x00, 0x12, 0x00, 0x00, 0x00, 0x12, 0x00, 0x00, 0x00,
            0x1D, 0x00, 0x03, 0x00, 0x7E, 0x01, 0x00, 0x00, 0x7D, 0x01, 0x00, 0x00, 0x1E, 0x00, 0x03, 0x00,
            0x7C, 0x01, 0x00, 0x00, 0x7E, 0x01, 0x00, 0x00, 0x20, 0x00, 0x04, 0x00, 0x7F, 0x01, 0x00, 0x00,
            0x0C, 0x00, 0x00, 0x00, 0x7C, 0x01, 0x00, 0x00, 0x20, 0x00, 0x04, 0x00, 0x81, 0x01, 0x00, 0x00,
            0x0C, 0x00, 0x00, 0x00, 0x7D, 0x01, 0x00, 0x00, 0x20, 0x00, 0x04, 0x00, 0x9F, 0x01, 0x00, 0x00,
            0x07, 0x00, 0x00, 0x00, 0x12, 0x00, 0x00, 0x00, 0x2B, 0x00, 0x04, 0x00, 0x16, 0x00, 0x00, 0x00,
            0xB5, 0x01, 0x00, 0x00, 0x09, 0x00, 0x00, 0x00, 0x1E, 0x00, 0x04, 0x00, 0xBB, 0x01, 0x00, 0x00,
            0x12, 0x00, 0x00, 0x00, 0x12, 0x00, 0x00, 0x00, 0x1D, 0x00, 0x03, 0x00, 0xBC, 0x01, 0x00, 0x00,
            0xBB, 0x01, 0x00, 0x00, 0x1E, 0x00, 0x03, 0x00, 0xBA, 0x01, 0x00, 0x00, 0xBC, 0x01, 0x00, 0x00,
            0x20, 0x00, 0x04, 0x00, 0xBD, 0x01, 0x00, 0x00, 0x0C, 0x00, 0x00, 0x00, 0xBA, 0x01, 0x00, 0x00,
            0x20, 0x00, 0x04, 0x00, 0xC9, 0x01, 0x00, 0x00, 0x0C, 0x00, 0x00, 0x00, 0xBB, 0x01, 0x00, 0x00,
            0x2B, 0x00, 0x04, 0x00, 0x11, 0x00, 0x00, 0x00, 0x34, 0x02, 0x00, 0x00, 0x0A, 0xD7, 0x23, 0x3D,
            0x2C, 0x00, 0x06, 0x00, 0x60, 0x00, 0x00, 0x00, 0x33, 0x02, 0x00, 0x00, 0x34, 0x02, 0x00, 0x00,
            0x34, 0x02, 0x00, 0x00, 0x34, 0x02, 0x00, 0x00, 0x2B, 0x00, 0x04, 0x00, 0x11, 0x00, 0x00, 0x00,
            0x52, 0x02, 0x00, 0x00, 0x00, 0x00, 0x55, 0x43, 0x2B, 0x00, 0x04, 0x00, 0x11, 0x00, 0x00, 0x00,
            0x53, 0x02, 0x00, 0x00, 0x00, 0x80, 0xAB, 0x43, 0x2B, 0x00, 0x04, 0x00, 0x11, 0x00, 0x00, 0x00,
            0x55, 0x02, 0x00, 0x00, 0x00, 0x00, 0x63, 0x43, 0x2B, 0x00, 0x04, 0x00, 0x11, 0x00, 0x00, 0x00,
            0x56, 0x02, 0x00, 0x00, 0x00, 0x00, 0xA6, 0x43, 0x2B, 0x00, 0x04, 0x00, 0x11, 0x00, 0x00, 0x00,
            0x58, 0x02, 0x00, 0x00, 0x00, 0xC0, 0x08, 0x44, 0x2B, 0x00, 0x04, 0x00, 0x11, 0x00, 0x00, 0x00,
            0x66, 0x02, 0x00, 0x00, 0x00, 0x00, 0x80, 0xBF, 0x2C, 0x00, 0x06, 0x00, 0x60, 0x00, 0x00, 0x00,
            0x65, 0x02, 0x00, 0x00, 0x66, 0x00, 0x00, 0x00, 0x66, 0x02, 0x00, 0x00, 0x66, 0x00, 0x00, 0x00,
            0x2B, 0x00, 0x04, 0x00, 0x11, 0x00, 0x00, 0x00, 0x8B, 0x02, 0x00, 0x00, 0x0A, 0xD7, 0x23, 0x3C,
            0x2A, 0x00, 0x03, 0x00, 0x1E, 0x00, 0x00, 0x00, 0x8F, 0x02, 0x00, 0x00, 0x2B, 0x00, 0x04, 0x00,
            0x05, 0x00, 0x00, 0x00, 0x9C, 0x02, 0x00, 0x00, 0x05, 0x02, 0x00, 0x00, 0x2B, 0x00, 0x04, 0x00,
            0x11, 0x00, 0x00, 0x00, 0xB2, 0x02, 0x00, 0x00, 0x00, 0x48, 0x55, 0x46, 0x2B, 0x00, 0x04, 0x00,
            0x11, 0x00, 0x00, 0x00, 0xD2, 0x02, 0x00, 0x00, 0xDB, 0x0F, 0x49, 0x40, 0x2B, 0x00, 0x04, 0x00,
            0x11, 0x00, 0x00, 0x00, 0xD7, 0x02, 0x00, 0x00, 0x00, 0x00, 0x80, 0x40, 0x2B, 0x00, 0x04, 0x00,
            0x11, 0x00, 0x00, 0x00, 0xD9, 0x02, 0x00, 0x00, 0x17, 0xB7, 0xD1, 0x38, 0x2C, 0x00, 0x06, 0x00,
            0x60, 0x00, 0x00, 0x00, 0x1B, 0x03, 0x00, 0x00, 0x34, 0x02, 0x00, 0x00, 0x34, 0x02, 0x00, 0x00,
            0x34, 0x02, 0x00, 0x00, 0x2B, 0x00, 0x04, 0x00, 0x11, 0x00, 0x00, 0x00, 0x4E, 0x03, 0x00, 0x00,
            0x00, 0x00, 0xA0, 0x40, 0x2B, 0x00, 0x04, 0x00, 0x11, 0x00, 0x00, 0x00, 0x91, 0x03, 0x00, 0x00,
            0xA4, 0x70, 0x7D, 0x3F, 0x2C, 0x00, 0x06, 0x00, 0x60, 0x00, 0x00, 0x00, 0x93, 0x03, 0x00, 0x00,
            0x66, 0x00, 0x00, 0x00, 0x55, 0x00, 0x00, 0x00, 0x66, 0x00, 0x00, 0x00, 0x2C, 0x00, 0x06, 0x00,
            0x60, 0x00, 0x00, 0x00, 0x96, 0x03, 0x00, 0x00, 0x55, 0x00, 0x00, 0x00, 0x66, 0x00, 0x00, 0x00,
            0x66, 0x00, 0x00, 0x00, 0x2B, 0x00, 0x04, 0x00, 0x11, 0x00, 0x00, 0x00, 0xC3, 0x03, 0x00, 0x00,
            0x00, 0x00, 0x20, 0x41, 0x2C, 0x00, 0x06, 0x00, 0x60, 0x00, 0x00, 0x00, 0xC2, 0x03, 0x00, 0x00,
            0xC3, 0x03, 0x00, 0x00, 0xC3, 0x03, 0x00, 0x00, 0xC3, 0x03, 0x00, 0x00, 0x2C, 0x00, 0x06, 0x00,
            0x60, 0x00, 0x00, 0x00, 0xDA, 0x03, 0x00, 0x00, 0x66, 0x00, 0x00, 0x00, 0x55, 0x00, 0x00, 0x00,
            0x66, 0x00, 0x00, 0x00, 0x2C, 0x00, 0x06, 0x00, 0x60, 0x00, 0x00, 0x00, 0xDD, 0x03, 0x00, 0x00,
            0x55, 0x00, 0x00, 0x00, 0x66, 0x00, 0x00, 0x00, 0x66, 0x00, 0x00, 0x00, 0x2B, 0x00, 0x04, 0x00,
            0x16, 0x00, 0x00, 0x00, 0x30, 0x04, 0x00, 0x00, 0x0A, 0x00, 0x00, 0x00, 0x2B, 0x00, 0x04, 0x00,
            0x11, 0x00, 0x00, 0x00, 0x38, 0x04, 0x00, 0x00, 0x00, 0x00, 0xF0, 0x41, 0x2C, 0x00, 0x06, 0x00,
            0x60, 0x00, 0x00, 0x00, 0x37, 0x04, 0x00, 0x00, 0x38, 0x04, 0x00, 0x00, 0x38, 0x04, 0x00, 0x00,
            0x38, 0x04, 0x00, 0x00, 0x3B, 0x00, 0x04, 0x00, 0x0C, 0x00, 0x00, 0x00, 0x0D, 0x00, 0x00, 0x00,
            0x01, 0x00, 0x00, 0x00, 0x3B, 0x00, 0x04, 0x00, 0x14, 0x00, 0x00, 0x00, 0x15, 0x00, 0x00, 0x00,
            0x02, 0x00, 0x00, 0x00, 0x42, 0x11, 0x04, 0x00, 0xE9, 0x00, 0x00, 0x00, 0xED, 0x00, 0x00, 0x00,
            0x00, 0x00, 0x00, 0x00, 0x20, 0x00, 0x04, 0x00, 0x3E, 0x04, 0x00, 0x00, 0x07, 0x00, 0x00, 0x00,
            0x1E, 0x00, 0x00, 0x00, 0x20, 0x00, 0x04, 0x00, 0x38, 0x06, 0x00, 0x00, 0x07, 0x00, 0x00, 0x00,
            0x1B, 0x00, 0x00, 0x00, 0x2C, 0x00, 0x05, 0x00, 0x1B, 0x00, 0x00, 0x00, 0xDC, 0x07, 0x00, 0x00,
            0x4A, 0x00, 0x00, 0x00, 0x4A, 0x00, 0x00, 0x00, 0x2C, 0x00, 0x07, 0x00, 0x12, 0x00, 0x00, 0x00,
            0xDD, 0x07, 0x00, 0x00, 0x55, 0x00, 0x00, 0x00, 0x55, 0x00, 0x00, 0x00, 0x55, 0x00, 0x00, 0x00,
            0x55, 0x00, 0x00, 0x00, 0x2B, 0x00, 0x04, 0x00, 0x11, 0x00, 0x00, 0x00, 0xE5, 0x07, 0x00, 0x00,
            0x00, 0x00, 0x80, 0x2F, 0x2B, 0x00, 0x04, 0x00, 0x11, 0x00, 0x00, 0x00, 0xE7, 0x07, 0x00, 0x00,
            0x83, 0xF9, 0xA2, 0x3E, 0x2B, 0x00, 0x04, 0x00, 0x11, 0x00, 0x00, 0x00, 0xE8, 0x07, 0x00, 0x00,
            0x00, 0x00, 0x00, 0x3E, 0x2C, 0x00, 0x06, 0x00, 0x60, 0x00, 0x00, 0x00, 0xE9, 0x07, 0x00, 0x00,
            0xE7, 0x07, 0x00, 0x00, 0xE7, 0x07, 0x00, 0x00, 0xE7, 0x07, 0x00, 0x00, 0x2B, 0x00, 0x04, 0x00,
            0x11, 0x00, 0x00, 0x00, 0xEA, 0x07, 0x00, 0x00, 0xDB, 0x0F, 0xC9, 0x30, 0x2B, 0x00, 0x04, 0x00,
            0x11, 0x00, 0x00, 0x00, 0xEB, 0x07, 0x00, 0x00, 0x47, 0x03, 0x80, 0x3F, 0x20, 0x00, 0x04, 0x00,
            0xEC, 0x07, 0x00, 0x00, 0x0C, 0x00, 0x00, 0x00, 0x12, 0x00, 0x00, 0x00, 0x36, 0x00, 0x05, 0x00,
            0x01, 0x00, 0x00, 0x00, 0x02, 0x00, 0x00, 0x00, 0x00, 0x00, 0x00, 0x00, 0x03, 0x00, 0x00, 0x00,
            0xF8, 0x00, 0x02, 0x00, 0x04, 0x00, 0x00, 0x00, 0x3B, 0x00, 0x04, 0x00, 0x9F, 0x01, 0x00, 0x00,
            0xDA, 0x07, 0x00, 0x00, 0x07, 0x00, 0x00, 0x00, 0x3B, 0x00, 0x04, 0x00, 0x9F, 0x01, 0x00, 0x00,
            0xD7, 0x07, 0x00, 0x00, 0x07, 0x00, 0x00, 0x00, 0x3B, 0x00, 0x04, 0x00, 0x9F, 0x01, 0x00, 0x00,
            0xD6, 0x07, 0x00, 0x00, 0x07, 0x00, 0x00, 0x00, 0x3B, 0x00, 0x04, 0x00, 0x9F, 0x01, 0x00, 0x00,
            0xD4, 0x07, 0x00, 0x00, 0x07, 0x00, 0x00, 0x00, 0x3B, 0x00, 0x04, 0x00, 0x9F, 0x01, 0x00, 0x00,
            0xD2, 0x07, 0x00, 0x00, 0x07, 0x00, 0x00, 0x00, 0x3B, 0x00, 0x04, 0x00, 0x9F, 0x01, 0x00, 0x00,
            0xCE, 0x07, 0x00, 0x00, 0x07, 0x00, 0x00, 0x00, 0x3B, 0x00, 0x04, 0x00, 0x9F, 0x01, 0x00, 0x00,
            0xCD, 0x07, 0x00, 0x00, 0x07, 0x00, 0x00, 0x00, 0x3B, 0x00, 0x04, 0x00, 0xDC, 0x00, 0x00, 0x00,
            0xC7, 0x07, 0x00, 0x00, 0x07, 0x00, 0x00, 0x00, 0x3B, 0x00, 0x04, 0x00, 0x78, 0x00, 0x00, 0x00,
            0xC6, 0x07, 0x00, 0x00, 0x07, 0x00, 0x00, 0x00, 0x3B, 0x00, 0x04, 0x00, 0xDC, 0x00, 0x00, 0x00,
            0xC5, 0x07, 0x00, 0x00, 0x07, 0x00, 0x00, 0x00, 0x3B, 0x00, 0x04, 0x00, 0x78, 0x00, 0x00, 0x00,
            0xC4, 0x07, 0x00, 0x00, 0x07, 0x00, 0x00, 0x00, 0x3B, 0x00, 0x04, 0x00, 0xDC, 0x00, 0x00, 0x00,
            0xBE, 0x07, 0x00, 0x00, 0x07, 0x00, 0x00, 0x00, 0x3B, 0x00, 0x04, 0x00, 0x78, 0x00, 0x00, 0x00,
            0xBD, 0x07, 0x00, 0x00, 0x07, 0x00, 0x00, 0x00, 0x3B, 0x00, 0x04, 0x00, 0xDC, 0x00, 0x00, 0x00,
            0xBC, 0x07, 0x00, 0x00, 0x07, 0x00, 0x00, 0x00, 0x3B, 0x00, 0x04, 0x00, 0x78, 0x00, 0x00, 0x00,
            0xBB, 0x07, 0x00, 0x00, 0x07, 0x00, 0x00, 0x00, 0x3B, 0x00, 0x04, 0x00, 0x06, 0x00, 0x00, 0x00,
            0xB0, 0x07, 0x00, 0x00, 0x07, 0x00, 0x00, 0x00, 0x3B, 0x00, 0x04, 0x00, 0xDC, 0x00, 0x00, 0x00,
            0xA7, 0x07, 0x00, 0x00, 0x07, 0x00, 0x00, 0x00, 0x3B, 0x00, 0x04, 0x00, 0xDC, 0x00, 0x00, 0x00,
            0x9E, 0x07, 0x00, 0x00, 0x07, 0x00, 0x00, 0x00, 0x3B, 0x00, 0x04, 0x00, 0xDC, 0x00, 0x00, 0x00,
            0x99, 0x07, 0x00, 0x00, 0x07, 0x00, 0x00, 0x00, 0x3B, 0x00, 0x04, 0x00, 0x78, 0x00, 0x00, 0x00,
            0x90, 0x07, 0x00, 0x00, 0x07, 0x00, 0x00, 0x00, 0x3B, 0x00, 0x04, 0x00, 0x06, 0x00, 0x00, 0x00,
            0x85, 0x07, 0x00, 0x00, 0x07, 0x00, 0x00, 0x00, 0x3B, 0x00, 0x04, 0x00, 0x06, 0x00, 0x00, 0x00,
            0x7A, 0x07, 0x00, 0x00, 0x07, 0x00, 0x00, 0x00, 0x3B, 0x00, 0x04, 0x00, 0x78, 0x00, 0x00, 0x00,
            0x71, 0x07, 0x00, 0x00, 0x07, 0x00, 0x00, 0x00, 0x3B, 0x00, 0x04, 0x00, 0x06, 0x00, 0x00, 0x00,
            0x66, 0x07, 0x00, 0x00, 0x07, 0x00, 0x00, 0x00, 0x3B, 0x00, 0x04, 0x00, 0x06, 0x00, 0x00, 0x00,
            0x5B, 0x07, 0x00, 0x00, 0x07, 0x00, 0x00, 0x00, 0x3B, 0x00, 0x04, 0x00, 0x06, 0x00, 0x00, 0x00,
            0x50, 0x07, 0x00, 0x00, 0x07, 0x00, 0x00, 0x00, 0x3B, 0x00, 0x04, 0x00, 0x78, 0x00, 0x00, 0x00,
            0x47, 0x07, 0x00, 0x00, 0x07, 0x00, 0x00, 0x00, 0x3B, 0x00, 0x04, 0x00, 0xDC, 0x00, 0x00, 0x00,
            0x3E, 0x07, 0x00, 0x00, 0x07, 0x00, 0x00, 0x00, 0x3B, 0x00, 0x04, 0x00, 0xDC, 0x00, 0x00, 0x00,
            0x35, 0x07, 0x00, 0x00, 0x07, 0x00, 0x00, 0x00, 0x3B, 0x00, 0x04, 0x00, 0xDC, 0x00, 0x00, 0x00,
            0x30, 0x07, 0x00, 0x00, 0x07, 0x00, 0x00, 0x00, 0x3B, 0x00, 0x04, 0x00, 0xDC, 0x00, 0x00, 0x00,
            0x25, 0x07, 0x00, 0x00, 0x07, 0x00, 0x00, 0x00, 0x3B, 0x00, 0x04, 0x00, 0xDC, 0x00, 0x00, 0x00,
            0x20, 0x07, 0x00, 0x00, 0x07, 0x00, 0x00, 0x00, 0x3B, 0x00, 0x04, 0x00, 0x78, 0x00, 0x00, 0x00,
            0x1B, 0x07, 0x00, 0x00, 0x07, 0x00, 0x00, 0x00, 0x3B, 0x00, 0x04, 0x00, 0xDC, 0x00, 0x00, 0x00,
            0x16, 0x07, 0x00, 0x00, 0x07, 0x00, 0x00, 0x00, 0x3B, 0x00, 0x04, 0x00, 0x78, 0x00, 0x00, 0x00,
            0xF2, 0x06, 0x00, 0x00, 0x07, 0x00, 0x00, 0x00, 0x3B, 0x00, 0x04, 0x00, 0xDC, 0x00, 0x00, 0x00,
            0xEB, 0x06, 0x00, 0x00, 0x07, 0x00, 0x00, 0x00, 0x3B, 0x00, 0x04, 0x00, 0xDC, 0x00, 0x00, 0x00,
            0xC8, 0x06, 0x00, 0x00, 0x07, 0x00, 0x00, 0x00, 0x3B, 0x00, 0x04, 0x00, 0xDC, 0x00, 0x00, 0x00,
            0xC9, 0x06, 0x00, 0x00, 0x07, 0x00, 0x00, 0x00, 0x3B, 0x00, 0x04, 0x00, 0xDC, 0x00, 0x00, 0x00,
            0xC2, 0x06, 0x00, 0x00, 0x07, 0x00, 0x00, 0x00, 0x3B, 0x00, 0x04, 0x00, 0x78, 0x00, 0x00, 0x00,
            0xBD, 0x06, 0x00, 0x00, 0x07, 0x00, 0x00, 0x00, 0x3B, 0x00, 0x04, 0x00, 0x3E, 0x04, 0x00, 0x00,
            0x9F, 0x06, 0x00, 0x00, 0x07, 0x00, 0x00, 0x00, 0x3B, 0x00, 0x04, 0x00, 0x83, 0x00, 0x00, 0x00,
            0xA1, 0x06, 0x00, 0x00, 0x07, 0x00, 0x00, 0x00, 0x3B, 0x00, 0x04, 0x00, 0x3E, 0x04, 0x00, 0x00,
            0xA2, 0x06, 0x00, 0x00, 0x07, 0x00, 0x00, 0x00, 0x3B, 0x00, 0x04, 0x00, 0x06, 0x00, 0x00, 0x00,
            0x93, 0x06, 0x00, 0x00, 0x07, 0x00, 0x00, 0x00, 0x3B, 0x00, 0x04, 0x00, 0x06, 0x00, 0x00, 0x00,
            0x88, 0x06, 0x00, 0x00, 0x07, 0x00, 0x00, 0x00, 0x3B, 0x00, 0x04, 0x00, 0xDC, 0x00, 0x00, 0x00,
            0x83, 0x06, 0x00, 0x00, 0x07, 0x00, 0x00, 0x00, 0x3B, 0x00, 0x04, 0x00, 0xDC, 0x00, 0x00, 0x00,
            0x7E, 0x06, 0x00, 0x00, 0x07, 0x00, 0x00, 0x00, 0x3B, 0x00, 0x04, 0x00, 0x78, 0x00, 0x00, 0x00,
            0x79, 0x06, 0x00, 0x00, 0x07, 0x00, 0x00, 0x00, 0x3B, 0x00, 0x04, 0x00, 0x78, 0x00, 0x00, 0x00,
            0x74, 0x06, 0x00, 0x00, 0x07, 0x00, 0x00, 0x00, 0x3B, 0x00, 0x04, 0x00, 0xDC, 0x00, 0x00, 0x00,
            0x6F, 0x06, 0x00, 0x00, 0x07, 0x00, 0x00, 0x00, 0x3B, 0x00, 0x04, 0x00, 0x38, 0x06, 0x00, 0x00,
            0x61, 0x06, 0x00, 0x00, 0x07, 0x00, 0x00, 0x00, 0x3B, 0x00, 0x04, 0x00, 0x78, 0x00, 0x00, 0x00,
            0x5C, 0x06, 0x00, 0x00, 0x07, 0x00, 0x00, 0x00, 0x3B, 0x00, 0x04, 0x00, 0x06, 0x00, 0x00, 0x00,
            0x56, 0x06, 0x00, 0x00, 0x07, 0x00, 0x00, 0x00, 0x3B, 0x00, 0x04, 0x00, 0x78, 0x00, 0x00, 0x00,
            0x51, 0x06, 0x00, 0x00, 0x07, 0x00, 0x00, 0x00, 0x3B, 0x00, 0x04, 0x00, 0x78, 0x00, 0x00, 0x00,
            0x4C, 0x06, 0x00, 0x00, 0x07, 0x00, 0x00, 0x00, 0x3B, 0x00, 0x04, 0x00, 0x78, 0x00, 0x00, 0x00,
            0x47, 0x06, 0x00, 0x00, 0x07, 0x00, 0x00, 0x00, 0x3B, 0x00, 0x04, 0x00, 0x38, 0x06, 0x00, 0x00,
            0x39, 0x06, 0x00, 0x00, 0x07, 0x00, 0x00, 0x00, 0x3B, 0x00, 0x04, 0x00, 0x78, 0x00, 0x00, 0x00,
            0x56, 0x04, 0x00, 0x00, 0x07, 0x00, 0x00, 0x00, 0x3B, 0x00, 0x04, 0x00, 0x78, 0x00, 0x00, 0x00,
            0x57, 0x04, 0x00, 0x00, 0x07, 0x00, 0x00, 0x00, 0x3B, 0x00, 0x04, 0x00, 0x78, 0x00, 0x00, 0x00,
            0x58, 0x04, 0x00, 0x00, 0x07, 0x00, 0x00, 0x00, 0x3B, 0x00, 0x04, 0x00, 0x78, 0x00, 0x00, 0x00,
            0x59, 0x04, 0x00, 0x00, 0x07, 0x00, 0x00, 0x00, 0x3B, 0x00, 0x04, 0x00, 0x7D, 0x00, 0x00, 0x00,
            0x5A, 0x04, 0x00, 0x00, 0x07, 0x00, 0x00, 0x00, 0x3B, 0x00, 0x04, 0x00, 0x83, 0x00, 0x00, 0x00,
            0x5C, 0x04, 0x00, 0x00, 0x07, 0x00, 0x00, 0x00, 0x3B, 0x00, 0x04, 0x00, 0x78, 0x00, 0x00, 0x00,
            0x60, 0x04, 0x00, 0x00, 0x07, 0x00, 0x00, 0x00, 0x3B, 0x00, 0x04, 0x00, 0x78, 0x00, 0x00, 0x00,
            0x62, 0x04, 0x00, 0x00, 0x07, 0x00, 0x00, 0x00, 0x3B, 0x00, 0x04, 0x00, 0x78, 0x00, 0x00, 0x00,
            0x64, 0x04, 0x00, 0x00, 0x07, 0x00, 0x00, 0x00, 0x3B, 0x00, 0x04, 0x00, 0x78, 0x00, 0x00, 0x00,
            0x65, 0x04, 0x00, 0x00, 0x07, 0x00, 0x00, 0x00, 0x3B, 0x00, 0x04, 0x00, 0x78, 0x00, 0x00, 0x00,
            0x66, 0x04, 0x00, 0x00, 0x07, 0x00, 0x00, 0x00, 0x3B, 0x00, 0x04, 0x00, 0x06, 0x00, 0x00, 0x00,
            0x4B, 0x04, 0x00, 0x00, 0x07, 0x00, 0x00, 0x00, 0x3B, 0x00, 0x04, 0x00, 0x06, 0x00, 0x00, 0x00,
            0x07, 0x00, 0x00, 0x00, 0x07, 0x00, 0x00, 0x00, 0xF7, 0x00, 0x03, 0x00, 0x3C, 0x04, 0x00, 0x00,
            0x00, 0x00, 0x00, 0x00, 0xFB, 0x00, 0x03, 0x00, 0xFD, 0x00, 0x00, 0x00, 0x3D, 0x04, 0x00, 0x00,
            0xF8, 0x00, 0x02, 0x00, 0x3D, 0x04, 0x00, 0x00, 0x3D, 0x00, 0x04, 0x00, 0x0A, 0x00, 0x00, 0x00,
            0x0B, 0x00, 0x00, 0x00, 0x0D, 0x00, 0x00, 0x00, 0x4F, 0x00, 0x07, 0x00, 0x0E, 0x00, 0x00, 0x00,
            0x0F, 0x00, 0x00, 0x00, 0x0B, 0x00, 0x00, 0x00, 0x0B, 0x00, 0x00, 0x00, 0x00, 0x00, 0x00, 0x00,
            0x01, 0x00, 0x00, 0x00, 0x41, 0x00, 0x05, 0x00, 0x18, 0x00, 0x00, 0x00, 0x19, 0x00, 0x00, 0x00,
            0x15, 0x00, 0x00, 0x00, 0x17, 0x00, 0x00, 0x00, 0x3D, 0x00, 0x04, 0x00, 0x12, 0x00, 0x00, 0x00,
            0x1A, 0x00, 0x00, 0x00, 0x19, 0x00, 0x00, 0x00, 0x4F, 0x00, 0x07, 0x00, 0x1B, 0x00, 0x00, 0x00,
            0x1C, 0x00, 0x00, 0x00, 0x1A, 0x00, 0x00, 0x00, 0x1A, 0x00, 0x00, 0x00, 0x00, 0x00, 0x00, 0x00,
            0x01, 0x00, 0x00, 0x00, 0x6D, 0x00, 0x04, 0x00, 0x0E, 0x00, 0x00, 0x00, 0x1D, 0x00, 0x00, 0x00,
            0x1C, 0x00, 0x00, 0x00, 0xAE, 0x00, 0x05, 0x00, 0x1F, 0x00, 0x00, 0x00, 0x20, 0x00, 0x00, 0x00,
            0x0F, 0x00, 0x00, 0x00, 0x1D, 0x00, 0x00, 0x00, 0x9A, 0x00, 0x04, 0x00, 0x1E, 0x00, 0x00, 0x00,
            0x21, 0x00, 0x00, 0x00, 0x20, 0x00, 0x00, 0x00, 0xF7, 0x00, 0x03, 0x00, 0x09, 0x00, 0x00, 0x00,
            0x00, 0x00, 0x00, 0x00, 0xFA, 0x00, 0x04, 0x00, 0x21, 0x00, 0x00, 0x00, 0x08, 0x00, 0x00, 0x00,
            0x09, 0x00, 0x00, 0x00, 0xF8, 0x00, 0x02, 0x00, 0x08, 0x00, 0x00, 0x00, 0xF9, 0x00, 0x02, 0x00,
            0x3C, 0x04, 0x00, 0x00, 0xF8, 0x00, 0x02, 0x00, 0x09, 0x00, 0x00, 0x00, 0x51, 0x00, 0x05, 0x00,
            0x05, 0x00, 0x00, 0x00, 0x24, 0x00, 0x00, 0x00, 0x0B, 0x00, 0x00, 0x00, 0x00, 0x00, 0x00, 0x00,
            0x51, 0x00, 0x05, 0x00, 0x05, 0x00, 0x00, 0x00, 0x25, 0x00, 0x00, 0x00, 0x0B, 0x00, 0x00, 0x00,
            0x01, 0x00, 0x00, 0x00, 0x51, 0x00, 0x05, 0x00, 0x05, 0x00, 0x00, 0x00, 0x26, 0x00, 0x00, 0x00,
            0x1D, 0x00, 0x00, 0x00, 0x00, 0x00, 0x00, 0x00, 0x84, 0x00, 0x05, 0x00, 0x05, 0x00, 0x00, 0x00,
            0x27, 0x00, 0x00, 0x00, 0x25, 0x00, 0x00, 0x00, 0x26, 0x00, 0x00, 0x00, 0x80, 0x00, 0x05, 0x00,
            0x05, 0x00, 0x00, 0x00, 0x28, 0x00, 0x00, 0x00, 0x24, 0x00, 0x00, 0x00, 0x27, 0x00, 0x00, 0x00,
            0x41, 0x00, 0x05, 0x00, 0x18, 0x00, 0x00, 0x00, 0x2A, 0x00, 0x00, 0x00, 0x15, 0x00, 0x00, 0x00,
            0x29, 0x00, 0x00, 0x00, 0x3D, 0x00, 0x04, 0x00, 0x12, 0x00, 0x00, 0x00, 0x2B, 0x00, 0x00, 0x00,
            0x2A, 0x00, 0x00, 0x00, 0x51, 0x00, 0x05, 0x00, 0x11, 0x00, 0x00, 0x00, 0x2C, 0x00, 0x00, 0x00,
            0x2B, 0x00, 0x00, 0x00, 0x03, 0x00, 0x00, 0x00, 0x7C, 0x00, 0x04, 0x00, 0x05, 0x00, 0x00, 0x00,
            0x2D, 0x00, 0x00, 0x00, 0x2C, 0x00, 0x00, 0x00, 0x84, 0x00, 0x05, 0x00, 0x05, 0x00, 0x00, 0x00,
            0x2E, 0x00, 0x00, 0x00, 0x2D, 0x00, 0x00, 0x00, 0x26, 0x00, 0x00, 0x00, 0x51, 0x00, 0x05, 0x00,
            0x05, 0x00, 0x00, 0x00, 0x2F, 0x00, 0x00, 0x00, 0x1D, 0x00, 0x00, 0x00, 0x01, 0x00, 0x00, 0x00,
            0x84, 0x00, 0x05, 0x00, 0x05, 0x00, 0x00, 0x00, 0x30, 0x00, 0x00, 0x00, 0x2E, 0x00, 0x00, 0x00,
            0x2F, 0x00, 0x00, 0x00, 0x80, 0x00, 0x05, 0x00, 0x05, 0x00, 0x00, 0x00, 0x31, 0x00, 0x00, 0x00,
            0x28, 0x00, 0x00, 0x00, 0x30, 0x00, 0x00, 0x00, 0x84, 0x00, 0x05, 0x00, 0x05, 0x00, 0x00, 0x00,
            0x4D, 0x04, 0x00, 0x00, 0x31, 0x00, 0x00, 0x00, 0x38, 0x00, 0x00, 0x00, 0x80, 0x00, 0x05, 0x00,
            0x05, 0x00, 0x00, 0x00, 0x4E, 0x04, 0x00, 0x00, 0x4D, 0x04, 0x00, 0x00, 0x3A, 0x00, 0x00, 0x00,
            0xC2, 0x00, 0x05, 0x00, 0x05, 0x00, 0x00, 0x00, 0x4F, 0x04, 0x00, 0x00, 0x4E, 0x04, 0x00, 0x00,
            0x3C, 0x00, 0x00, 0x00, 0x80, 0x00, 0x05, 0x00, 0x05, 0x00, 0x00, 0x00, 0x50, 0x04, 0x00, 0x00,
            0x4F, 0x04, 0x00, 0x00, 0x3E, 0x00, 0x00, 0x00, 0xC2, 0x00, 0x05, 0x00, 0x05, 0x00, 0x00, 0x00,
            0x51, 0x04, 0x00, 0x00, 0x4E, 0x04, 0x00, 0x00, 0x50, 0x04, 0x00, 0x00, 0xC6, 0x00, 0x05, 0x00,
            0x05, 0x00, 0x00, 0x00, 0x52, 0x04, 0x00, 0x00, 0x51, 0x04, 0x00, 0x00, 0x4E, 0x04, 0x00, 0x00,
            0x84, 0x00, 0x05, 0x00, 0x05, 0x00, 0x00, 0x00, 0x53, 0x04, 0x00, 0x00, 0x52, 0x04, 0x00, 0x00,
            0x42, 0x00, 0x00, 0x00, 0xC2, 0x00, 0x05, 0x00, 0x05, 0x00, 0x00, 0x00, 0x54, 0x04, 0x00, 0x00,
            0x53, 0x04, 0x00, 0x00, 0x44, 0x00, 0x00, 0x00, 0xC6, 0x00, 0x05, 0x00, 0x05, 0x00, 0x00, 0x00,
            0x55, 0x04, 0x00, 0x00, 0x54, 0x04, 0x00, 0x00, 0x53, 0x04, 0x00, 0x00, 0x3E, 0x00, 0x03, 0x00,
            0x4B, 0x04, 0x00, 0x00, 0x55, 0x04, 0x00, 0x00, 0x3D, 0x00, 0x04, 0x00, 0x05, 0x00, 0x00, 0x00,
            0x32, 0x00, 0x00, 0x00, 0x4B, 0x04, 0x00, 0x00, 0x3E, 0x00, 0x03, 0x00, 0x07, 0x00, 0x00, 0x00,
            0x32, 0x00, 0x00, 0x00, 0x70, 0x00, 0x04, 0x00, 0x1B, 0x00, 0x00, 0x00, 0x48, 0x00, 0x00, 0x00,
            0x0F, 0x00, 0x00, 0x00, 0x81, 0x00, 0x05, 0x00, 0x1B, 0x00, 0x00, 0x00, 0x4B, 0x00, 0x00, 0x00,
            0x48, 0x00, 0x00, 0x00, 0xDC, 0x07, 0x00, 0x00, 0x3D, 0x00, 0x04, 0x00, 0x12, 0x00, 0x00, 0x00,
            0x4C, 0x00, 0x00, 0x00, 0x19, 0x00, 0x00, 0x00, 0x4F, 0x00, 0x07, 0x00, 0x1B, 0x00, 0x00, 0x00,
            0x4D, 0x00, 0x00, 0x00, 0x4C, 0x00, 0x00, 0x00, 0x4C, 0x00, 0x00, 0x00, 0x02, 0x00, 0x00, 0x00,
            0x03, 0x00, 0x00, 0x00, 0x83, 0x00, 0x05, 0x00, 0x1B, 0x00, 0x00, 0x00, 0x4E, 0x00, 0x00, 0x00,
            0x4B, 0x00, 0x00, 0x00, 0x4D, 0x00, 0x00, 0x00, 0x70, 0x00, 0x04, 0x00, 0x1B, 0x00, 0x00, 0x00,
            0x4F, 0x00, 0x00, 0x00, 0x1D, 0x00, 0x00, 0x00, 0x88, 0x00, 0x05, 0x00, 0x1B, 0x00, 0x00, 0x00,
            0x50, 0x00, 0x00, 0x00, 0x4E, 0x00, 0x00, 0x00, 0x4F, 0x00, 0x00, 0x00, 0x51, 0x00, 0x05, 0x00,
            0x11, 0x00, 0x00, 0x00, 0x51, 0x00, 0x00, 0x00, 0x50, 0x00, 0x00, 0x00, 0x00, 0x00, 0x00, 0x00,
            0x85, 0x00, 0x05, 0x00, 0x11, 0x00, 0x00, 0x00, 0x52, 0x00, 0x00, 0x00, 0x51, 0x00, 0x00, 0x00,
            0x53, 0x00, 0x00, 0x00, 0x83, 0x00, 0x05, 0x00, 0x11, 0x00, 0x00, 0x00, 0x54, 0x00, 0x00, 0x00,
            0x52, 0x00, 0x00, 0x00, 0x55, 0x00, 0x00, 0x00, 0x51, 0x00, 0x05, 0x00, 0x11, 0x00, 0x00, 0x00,
            0x56, 0x00, 0x00, 0x00, 0x50, 0x00, 0x00, 0x00, 0x01, 0x00, 0x00, 0x00, 0x85, 0x00, 0x05, 0x00,
            0x11, 0x00, 0x00, 0x00, 0x57, 0x00, 0x00, 0x00, 0x56, 0x00, 0x00, 0x00, 0x53, 0x00, 0x00, 0x00,
            0x83, 0x00, 0x05, 0x00, 0x11, 0x00, 0x00, 0x00, 0x58, 0x00, 0x00, 0x00, 0x55, 0x00, 0x00, 0x00,
            0x57, 0x00, 0x00, 0x00, 0x50, 0x00, 0x05, 0x00, 0x1B, 0x00, 0x00, 0x00, 0x59, 0x00, 0x00, 0x00,
            0x54, 0x00, 0x00, 0x00, 0x58, 0x00, 0x00, 0x00, 0x50, 0x00, 0x06, 0x00, 0x12, 0x00, 0x00, 0x00,
            0x5A, 0x00, 0x00, 0x00, 0x59, 0x00, 0x00, 0x00, 0x55, 0x00, 0x00, 0x00, 0x55, 0x00, 0x00, 0x00,
            0x41, 0x00, 0x05, 0x00, 0x5C, 0x00, 0x00, 0x00, 0x5D, 0x00, 0x00, 0x00, 0x15, 0x00, 0x00, 0x00,
            0x5B, 0x00, 0x00, 0x00, 0x3D, 0x00, 0x04, 0x00, 0x13, 0x00, 0x00, 0x00, 0x5E, 0x00, 0x00, 0x00,
            0x5D, 0x00, 0x00, 0x00, 0x91, 0x00, 0x05, 0x00, 0x12, 0x00, 0x00, 0x00, 0x5F, 0x00, 0x00, 0x00,
            0x5E, 0x00, 0x00, 0x00, 0x5A, 0x00, 0x00, 0x00, 0x4F, 0x00, 0x08, 0x00, 0x60, 0x00, 0x00, 0x00,
            0x61, 0x00, 0x00, 0x00, 0x5F, 0x00, 0x00, 0x00, 0x5F, 0x00, 0x00, 0x00, 0x00, 0x00, 0x00, 0x00,
            0x01, 0x00, 0x00, 0x00, 0x02, 0x00, 0x00, 0x00, 0x51, 0x00, 0x05, 0x00, 0x11, 0x00, 0x00, 0x00,
            0x62, 0x00, 0x00, 0x00, 0x5F, 0x00, 0x00, 0x00, 0x03, 0x00, 0x00, 0x00, 0x50, 0x00, 0x06, 0x00,
            0x60, 0x00, 0x00, 0x00, 0x63, 0x00, 0x00, 0x00, 0x62, 0x00, 0x00, 0x00, 0x62, 0x00, 0x00, 0x00,
            0x62, 0x00, 0x00, 0x00, 0x88, 0x00, 0x05, 0x00, 0x60, 0x00, 0x00, 0x00, 0x64, 0x00, 0x00, 0x00,
            0x61, 0x00, 0x00, 0x00, 0x63, 0x00, 0x00, 0x00, 0x50, 0x00, 0x05, 0x00, 0x12, 0x00, 0x00, 0x00,
            0x65, 0x00, 0x00, 0x00, 0x64, 0x00, 0x00, 0x00, 0x66, 0x00, 0x00, 0x00, 0x41, 0x00, 0x05, 0x00,
            0x5C, 0x00, 0x00, 0x00, 0x68, 0x00, 0x00, 0x00, 0x15, 0x00, 0x00, 0x00, 0x67, 0x00, 0x00, 0x00,
            0x3D, 0x00, 0x04, 0x00, 0x13, 0x00, 0x00, 0x00, 0x69, 0x00, 0x00, 0x00, 0x68, 0x00, 0x00, 0x00,
            0x91, 0x00, 0x05, 0x00, 0x12, 0x00, 0x00, 0x00, 0x6A, 0x00, 0x00, 0x00, 0x69, 0x00, 0x00, 0x00,
            0x65, 0x00, 0x00, 0x00, 0x4F, 0x00, 0x08, 0x00, 0x60, 0x00, 0x00, 0x00, 0x6B, 0x00, 0x00, 0x00,
            0x6A, 0x00, 0x00, 0x00, 0x6A, 0x00, 0x00, 0x00, 0x00, 0x00, 0x00, 0x00, 0x01, 0x00, 0x00, 0x00,
            0x02, 0x00, 0x00, 0x00, 0x0C, 0x00, 0x06, 0x00, 0x60, 0x00, 0x00, 0x00, 0x6C, 0x00, 0x00, 0x00,
            0x6D, 0x00, 0x00, 0x00, 0x45, 0x00, 0x00, 0x00, 0x6B, 0x00, 0x00, 0x00, 0x3D, 0x00, 0x04, 0x00,
            0x12, 0x00, 0x00, 0x00, 0x6E, 0x00, 0x00, 0x00, 0x2A, 0x00, 0x00, 0x00, 0x4F, 0x00, 0x08, 0x00,
            0x60, 0x00, 0x00, 0x00, 0x6F, 0x00, 0x00, 0x00, 0x6E, 0x00, 0x00, 0x00, 0x6E, 0x00, 0x00, 0x00,
            0x00, 0x00, 0x00, 0x00, 0x01, 0x00, 0x00, 0x00, 0x02, 0x00, 0x00, 0x00, 0x3E, 0x00, 0x03, 0x00,
            0x56, 0x04, 0x00, 0x00, 0x6F, 0x00, 0x00, 0x00, 0x3E, 0x00, 0x03, 0x00, 0x57, 0x04, 0x00, 0x00,
            0x6C, 0x00, 0x00, 0x00, 0x3E, 0x00, 0x03, 0x00, 0x5A, 0x04, 0x00, 0x00, 0x67, 0x00, 0x00, 0x00,
            0x3E, 0x00, 0x03, 0x00, 0x58, 0x04, 0x00, 0x00, 0xCD, 0x00, 0x00, 0x00, 0x3E, 0x00, 0x03, 0x00,
            0x59, 0x04, 0x00, 0x00, 0xCF, 0x00, 0x00, 0x00, 0xF9, 0x00, 0x02, 0x00, 0x68, 0x04, 0x00, 0x00,
            0xF8, 0x00, 0x02, 0x00, 0x68, 0x04, 0x00, 0x00, 0xF6, 0x00, 0x04, 0x00, 0x36, 0x06, 0x00, 0x00,
            0x35, 0x06, 0x00, 0x00, 0x00, 0x00, 0x00, 0x00, 0xF9, 0x00, 0x02, 0x00, 0x69, 0x04, 0x00, 0x00,
            0xF8, 0x00, 0x02, 0x00, 0x69, 0x04, 0x00, 0x00, 0xF9, 0x00, 0x02, 0x00, 0x6A, 0x04, 0x00, 0x00,
            0xF8, 0x00, 0x02, 0x00, 0x6A, 0x04, 0x00, 0x00, 0xF9, 0x00, 0x02, 0x00, 0x6B, 0x04, 0x00, 0x00,
            0xF8, 0x00, 0x02, 0x00, 0x6B, 0x04, 0x00, 0x00, 0x3D, 0x00, 0x04, 0x00, 0x16, 0x00, 0x00, 0x00,
            0x6C, 0x04, 0x00, 0x00, 0x5A, 0x04, 0x00, 0x00, 0xB1, 0x00, 0x05, 0x00, 0x1E, 0x00, 0x00, 0x00,
            0x6D, 0x04, 0x00, 0x00, 0x6C, 0x04, 0x00, 0x00, 0xD3, 0x00, 0x00, 0x00, 0xF7, 0x00, 0x03, 0x00,
            0x6F, 0x04, 0x00, 0x00, 0x00, 0x00, 0x00, 0x00, 0xFA, 0x00, 0x04, 0x00, 0x6D, 0x04, 0x00, 0x00,
            0x6F, 0x04, 0x00, 0x00, 0x6E, 0x04, 0x00, 0x00, 0xF8, 0x00, 0x02, 0x00, 0x6E, 0x04, 0x00, 0x00,
            0xF9, 0x00, 0x02, 0x00, 0x36, 0x06, 0x00, 0x00, 0xF8, 0x00, 0x02, 0x00, 0x6F, 0x04, 0x00, 0x00,
            0x3D, 0x00, 0x04, 0x00, 0x60, 0x00, 0x00, 0x00, 0x71, 0x04, 0x00, 0x00, 0x56, 0x04, 0x00, 0x00,
            0x3E, 0x00, 0x03, 0x00, 0xC4, 0x07, 0x00, 0x00, 0x71, 0x04, 0x00, 0x00, 0x3D, 0x00, 0x04, 0x00,
            0x60, 0x00, 0x00, 0x00, 0x73, 0x04, 0x00, 0x00, 0x57, 0x04, 0x00, 0x00, 0x3E, 0x00, 0x03, 0x00,
            0xC6, 0x07, 0x00, 0x00, 0x73, 0x04, 0x00, 0x00, 0x3E, 0x00, 0x03, 0x00, 0xC5, 0x07, 0x00, 0x00,
            0xDE, 0x00, 0x00, 0x00, 0x3E, 0x00, 0x03, 0x00, 0xC7, 0x07, 0x00, 0x00, 0xE2, 0x00, 0x00, 0x00,
            0x41, 0x00, 0x05, 0x00, 0xE5, 0x00, 0x00, 0x00, 0x76, 0x04, 0x00, 0x00, 0x15, 0x00, 0x00, 0x00,
            0xE4, 0x00, 0x00, 0x00, 0x3D, 0x00, 0x04, 0x00, 0x0E, 0x00, 0x00, 0x00, 0x77, 0x04, 0x00, 0x00,
            0x76, 0x04, 0x00, 0x00, 0x51, 0x00, 0x05, 0x00, 0x05, 0x00, 0x00, 0x00, 0x78, 0x04, 0x00, 0x00,
            0x77, 0x04, 0x00, 0x00, 0x00, 0x00, 0x00, 0x00, 0x43, 0x11, 0x06, 0x00, 0xE9, 0x00, 0x00, 0x00,
            0x79, 0x04, 0x00, 0x00, 0xEB, 0x00, 0x00, 0x00, 0xED, 0x00, 0x00, 0x00, 0x78, 0x04, 0x00, 0x00,
            0x3D, 0x00, 0x04, 0x00, 0xEA, 0x00, 0x00, 0x00, 0x7A, 0x04, 0x00, 0x00, 0x79, 0x04, 0x00, 0x00,
            0x5F, 0x11, 0x04, 0x00, 0xEF, 0x00, 0x00, 0x00, 0x7B, 0x04, 0x00, 0x00, 0x7A, 0x04, 0x00, 0x00,
            0x3D, 0x00, 0x04, 0x00, 0x11, 0x00, 0x00, 0x00, 0xCB, 0x07, 0x00, 0x00, 0xC7, 0x07, 0x00, 0x00,
            0x3D, 0x00, 0x04, 0x00, 0x60, 0x00, 0x00, 0x00, 0xCA, 0x07, 0x00, 0x00, 0xC6, 0x07, 0x00, 0x00,
            0x3D, 0x00, 0x04, 0x00, 0x11, 0x00, 0x00, 0x00, 0xC9, 0x07, 0x00, 0x00, 0xC5, 0x07, 0x00, 0x00,
            0x3D, 0x00, 0x04, 0x00, 0x60, 0x00, 0x00, 0x00, 0xC8, 0x07, 0x00, 0x00, 0xC4, 0x07, 0x00, 0x00,
            0x79, 0x11, 0x09, 0x00, 0x5C, 0x04, 0x00, 0x00, 0x7B, 0x04, 0x00, 0x00, 0xF6, 0x00, 0x00, 0x00,
            0xF7, 0x00, 0x00, 0x00, 0xC8, 0x07, 0x00, 0x00, 0xC9, 0x07, 0x00, 0x00, 0xCA, 0x07, 0x00, 0x00,
            0xCB, 0x07, 0x00, 0x00, 0x7D, 0x11, 0x04, 0x00, 0x1E, 0x00, 0x00, 0x00, 0x81, 0x04, 0x00, 0x00,
            0x5C, 0x04, 0x00, 0x00, 0x7F, 0x11, 0x05, 0x00, 0x05, 0x00, 0x00, 0x00, 0x82, 0x04, 0x00, 0x00,
            0x5C, 0x04, 0x00, 0x00, 0xFB, 0x00, 0x00, 0x00, 0xAA, 0x00, 0x05, 0x00, 0x1E, 0x00, 0x00, 0x00,
            0x83, 0x04, 0x00, 0x00, 0x82, 0x04, 0x00, 0x00, 0xFD, 0x00, 0x00, 0x00, 0xF7, 0x00, 0x03, 0x00,
            0xB0, 0x04, 0x00, 0x00, 0x00, 0x00, 0x00, 0x00, 0xFA, 0x00, 0x04, 0x00, 0x83, 0x04, 0x00, 0x00,
            0x84, 0x04, 0x00, 0x00, 0xB0, 0x04, 0x00, 0x00, 0xF8, 0x00, 0x02, 0x00, 0x84, 0x04, 0x00, 0x00,
            0x3D, 0x00, 0x04, 0x00, 0x16, 0x00, 0x00, 0x00, 0x85, 0x04, 0x00, 0x00, 0x5A, 0x04, 0x00, 0x00,
            0xAA, 0x00, 0x05, 0x00, 0x1E, 0x00, 0x00, 0x00, 0x86, 0x04, 0x00, 0x00, 0x85, 0x04, 0x00, 0x00,
            0x67, 0x00, 0x00, 0x00, 0xF7, 0x00, 0x03, 0x00, 0xA4, 0x04, 0x00, 0x00, 0x00, 0x00, 0x00, 0x00,
            0xFA, 0x00, 0x04, 0x00, 0x86, 0x04, 0x00, 0x00, 0x87, 0x04, 0x00, 0x00, 0xA4, 0x04, 0x00, 0x00,
            0xF8, 0x00, 0x02, 0x00, 0x87, 0x04, 0x00, 0x00, 0x41, 0x00, 0x05, 0x00, 0xE5, 0x00, 0x00, 0x00,
            0x88, 0x04, 0x00, 0x00, 0x15, 0x00, 0x00, 0x00, 0x02, 0x01, 0x00, 0x00, 0x3D, 0x00, 0x04, 0x00,
            0x0E, 0x00, 0x00, 0x00, 0x89, 0x04, 0x00, 0x00, 0x88, 0x04, 0x00, 0x00, 0x51, 0x00, 0x05, 0x00,
            0x05, 0x00, 0x00, 0x00, 0x8A, 0x04, 0x00, 0x00, 0x89, 0x04, 0x00, 0x00, 0x00, 0x00, 0x00, 0x00,
            0x43, 0x11, 0x06, 0x00, 0xE9, 0x00, 0x00, 0x00, 0x8B, 0x04, 0x00, 0x00, 0x08, 0x01, 0x00, 0x00,
            0xED, 0x00, 0x00, 0x00, 0x8A, 0x04, 0x00, 0x00, 0x3D, 0x00, 0x04, 0x00, 0x06, 0x01, 0x00, 0x00,
            0x8C, 0x04, 0x00, 0x00, 0x8B, 0x04, 0x00, 0x00, 0x63, 0x00, 0x04, 0x00, 0x8C, 0x04, 0x00, 0x00,
            0x0F, 0x00, 0x00, 0x00, 0xDD, 0x07, 0x00, 0x00, 0x41, 0x00, 0x05, 0x00, 0xE5, 0x00, 0x00, 0x00,
            0x8E, 0x04, 0x00, 0x00, 0x15, 0x00, 0x00, 0x00, 0x0D, 0x01, 0x00, 0x00, 0x3D, 0x00, 0x04, 0x00,
            0x0E, 0x00, 0x00, 0x00, 0x8F, 0x04, 0x00, 0x00, 0x8E, 0x04, 0x00, 0x00, 0x51, 0x00, 0x05, 0x00,
            0x05, 0x00, 0x00, 0x00, 0x90, 0x04, 0x00, 0x00, 0x8F, 0x04, 0x00, 0x00, 0x00, 0x00, 0x00, 0x00,
            0x43, 0x11, 0x06, 0x00, 0xE9, 0x00, 0x00, 0x00, 0x91, 0x04, 0x00, 0x00, 0x08, 0x01, 0x00, 0x00,
            0xED, 0x00, 0x00, 0x00, 0x90, 0x04, 0x00, 0x00, 0x3D, 0x00, 0x04, 0x00, 0x06, 0x01, 0x00, 0x00,
            0x92, 0x04, 0x00, 0x00, 0x91, 0x04, 0x00, 0x00, 0x63, 0x00, 0x04, 0x00, 0x92, 0x04, 0x00, 0x00,
            0x0F, 0x00, 0x00, 0x00, 0x13, 0x01, 0x00, 0x00, 0x41, 0x00, 0x05, 0x00, 0xE5, 0x00, 0x00, 0x00,
            0x93, 0x04, 0x00, 0x00, 0x15, 0x00, 0x00, 0x00, 0x15, 0x01, 0x00, 0x00, 0x3D, 0x00, 0x04, 0x00,
            0x0E, 0x00, 0x00, 0x00, 0x94, 0x04, 0x00, 0x00, 0x93, 0x04, 0x00, 0x00, 0x51, 0x00, 0x05, 0x00,
            0x05, 0x00, 0x00, 0x00, 0x95, 0x04, 0x00, 0x00, 0x94, 0x04, 0x00, 0x00, 0x00, 0x00, 0x00, 0x00,
            0x43, 0x11, 0x06, 0x00, 0xE9, 0x00, 0x00, 0x00, 0x96, 0x04, 0x00, 0x00, 0x08, 0x01, 0x00, 0x00,
            0xED, 0x00, 0x00, 0x00, 0x95, 0x04, 0x00, 0x00, 0x3D, 0x00, 0x04, 0x00, 0x06, 0x01, 0x00, 0x00,
            0x97, 0x04, 0x00, 0x00, 0x96, 0x04, 0x00, 0x00, 0x3D, 0x00, 0x04, 0x00, 0x60, 0x00, 0x00, 0x00,
            0x98, 0x04, 0x00, 0x00, 0x57, 0x04, 0x00, 0x00, 0x50, 0x00, 0x05, 0x00, 0x12, 0x00, 0x00, 0x00,
            0x99, 0x04, 0x00, 0x00, 0x98, 0x04, 0x00, 0x00, 0x66, 0x00, 0x00, 0x00, 0x41, 0x00, 0x05, 0x00,
            0x5C, 0x00, 0x00, 0x00, 0x9A, 0x04, 0x00, 0x00, 0x15, 0x00, 0x00, 0x00, 0xD8, 0x00, 0x00, 0x00,
            0x3D, 0x00, 0x04, 0x00, 0x13, 0x00, 0x00, 0x00, 0x9B, 0x04, 0x00, 0x00, 0x9A, 0x04, 0x00, 0x00,
            0x91, 0x00, 0x05, 0x00, 0x12, 0x00, 0x00, 0x00, 0x9C, 0x04, 0x00, 0x00, 0x9B, 0x04, 0x00, 0x00,
            0x99, 0x04, 0x00, 0x00, 0x41, 0x00, 0x05, 0x00, 0x5C, 0x00, 0x00, 0x00, 0x9D, 0x04, 0x00, 0x00,
            0x15, 0x00, 0x00, 0x00, 0xE0, 0x00, 0x00, 0x00, 0x3D, 0x00, 0x04, 0x00, 0x13, 0x00, 0x00, 0x00,
            0x9E, 0x04, 0x00, 0x00, 0x9D, 0x04, 0x00, 0x00, 0x91, 0x00, 0x05, 0x00, 0x12, 0x00, 0x00, 0x00,
            0x9F, 0x04, 0x00, 0x00, 0x9E, 0x04, 0x00, 0x00, 0x99, 0x04, 0x00, 0x00, 0x4F, 0x00, 0x07, 0x00,
            0x1B, 0x00, 0x00, 0x00, 0x3B, 0x06, 0x00, 0x00, 0x9C, 0x04, 0x00, 0x00, 0x9C, 0x04, 0x00, 0x00,
            0x00, 0x00, 0x00, 0x00, 0x01, 0x00, 0x00, 0x00, 0x51, 0x00, 0x05, 0x00, 0x11, 0x00, 0x00, 0x00,
            0x3C, 0x06, 0x00, 0x00, 0x9C, 0x04, 0x00, 0x00, 0x03, 0x00, 0x00, 0x00, 0x50, 0x00, 0x05, 0x00,
            0x1B, 0x00, 0x00, 0x00, 0x3D, 0x06, 0x00, 0x00, 0x3C, 0x06, 0x00, 0x00, 0x3C, 0x06, 0x00, 0x00,
            0x88, 0x00, 0x05, 0x00, 0x1B, 0x00, 0x00, 0x00, 0x3E, 0x06, 0x00, 0x00, 0x3B, 0x06, 0x00, 0x00,
            0x3D, 0x06, 0x00, 0x00, 0x4F, 0x00, 0x07, 0x00, 0x1B, 0x00, 0x00, 0x00, 0x3F, 0x06, 0x00, 0x00,
            0x9F, 0x04, 0x00, 0x00, 0x9F, 0x04, 0x00, 0x00, 0x00, 0x00, 0x00, 0x00, 0x01, 0x00, 0x00, 0x00,
            0x51, 0x00, 0x05, 0x00, 0x11, 0x00, 0x00, 0x00, 0x40, 0x06, 0x00, 0x00, 0x9F, 0x04, 0x00, 0x00,
            0x03, 0x00, 0x00, 0x00, 0x50, 0x00, 0x05, 0x00, 0x1B, 0x00, 0x00, 0x00, 0x41, 0x06, 0x00, 0x00,
            0x40, 0x06, 0x00, 0x00, 0x40, 0x06, 0x00, 0x00, 0x88, 0x00, 0x05, 0x00, 0x1B, 0x00, 0x00, 0x00,
            0x42, 0x06, 0x00, 0x00, 0x3F, 0x06, 0x00, 0x00, 0x41, 0x06, 0x00, 0x00, 0x83, 0x00, 0x05, 0x00,
            0x1B, 0x00, 0x00, 0x00, 0x43, 0x06, 0x00, 0x00, 0x3E, 0x06, 0x00, 0x00, 0x42, 0x06, 0x00, 0x00,
            0x8E, 0x00, 0x05, 0x00, 0x1B, 0x00, 0x00, 0x00, 0x44, 0x06, 0x00, 0x00, 0x43, 0x06, 0x00, 0x00,
            0x33, 0x01, 0x00, 0x00, 0x81, 0x00, 0x05, 0x00, 0x1B, 0x00, 0x00, 0x00, 0x46, 0x06, 0x00, 0x00,
            0x44, 0x06, 0x00, 0x00, 0xDC, 0x07, 0x00, 0x00, 0x3E, 0x00, 0x03, 0x00, 0x39, 0x06, 0x00, 0x00,
            0x46, 0x06, 0x00, 0x00, 0x3D, 0x00, 0x04, 0x00, 0x1B, 0x00, 0x00, 0x00, 0xA0, 0x04, 0x00, 0x00,
            0x39, 0x06, 0x00, 0x00, 0x51, 0x00, 0x05, 0x00, 0x11, 0x00, 0x00, 0x00, 0xA1, 0x04, 0x00, 0x00,
            0xA0, 0x04, 0x00, 0x00, 0x00, 0x00, 0x00, 0x00, 0x51, 0x00, 0x05, 0x00, 0x11, 0x00, 0x00, 0x00,
            0xA2, 0x04, 0x00, 0x00, 0xA0, 0x04, 0x00, 0x00, 0x01, 0x00, 0x00, 0x00, 0x50, 0x00, 0x07, 0x00,
            0x12, 0x00, 0x00, 0x00, 0xA3, 0x04, 0x00, 0x00, 0xA1, 0x04, 0x00, 0x00, 0xA2, 0x04, 0x00, 0x00,
            0x66, 0x00, 0x00, 0x00, 0x66, 0x00, 0x00, 0x00, 0x63, 0x00, 0x04, 0x00, 0x97, 0x04, 0x00, 0x00,
            0x0F, 0x00, 0x00, 0x00, 0xA3, 0x04, 0x00, 0x00, 0xF9, 0x00, 0x02, 0x00, 0xA4, 0x04, 0x00, 0x00,
            0xF8, 0x00, 0x02, 0x00, 0xA4, 0x04, 0x00, 0x00, 0x3D, 0x00, 0x04, 0x00, 0x60, 0x00, 0x00, 0x00,
            0xA5, 0x04, 0x00, 0x00, 0x57, 0x04, 0x00, 0x00, 0x51, 0x00, 0x05, 0x00, 0x11, 0x00, 0x00, 0x00,
            0xA6, 0x04, 0x00, 0x00, 0xA5, 0x04, 0x00, 0x00, 0x01, 0x00, 0x00, 0x00, 0x85, 0x00, 0x05, 0x00,
            0x11, 0x00, 0x00, 0x00, 0xA7, 0x04, 0x00, 0x00, 0xA6, 0x04, 0x00, 0x00, 0x4A, 0x00, 0x00, 0x00,
            0x81, 0x00, 0x05, 0x00, 0x11, 0x00, 0x00, 0x00, 0xA8, 0x04, 0x00, 0x00, 0xA7, 0x04, 0x00, 0x00,
            0x4A, 0x00, 0x00, 0x00, 0x0C, 0x00, 0x08, 0x00, 0x11, 0x00, 0x00, 0x00, 0xA9, 0x04, 0x00, 0x00,
            0x6D, 0x00, 0x00, 0x00, 0x2B, 0x00, 0x00, 0x00, 0xA8, 0x04, 0x00, 0x00, 0x66, 0x00, 0x00, 0x00,
            0x55, 0x00, 0x00, 0x00, 0x50, 0x00, 0x06, 0x00, 0x60, 0x00, 0x00, 0x00, 0xAA, 0x04, 0x00, 0x00,
            0xA9, 0x04, 0x00, 0x00, 0xA9, 0x04, 0x00, 0x00, 0xA9, 0x04, 0x00, 0x00, 0x0C, 0x00, 0x08, 0x00,
            0x60, 0x00, 0x00, 0x00, 0xAB, 0x04, 0x00, 0x00, 0x6D, 0x00, 0x00, 0x00, 0x2E, 0x00, 0x00, 0x00,
            0x43, 0x01, 0x00, 0x00, 0x47, 0x01, 0x00, 0x00, 0xAA, 0x04, 0x00, 0x00, 0x3D, 0x00, 0x04, 0x00,
            0x60, 0x00, 0x00, 0x00, 0xAC, 0x04, 0x00, 0x00, 0x58, 0x04, 0x00, 0x00, 0x85, 0x00, 0x05, 0x00,
            0x60, 0x00, 0x00, 0x00, 0xAD, 0x04, 0x00, 0x00, 0xAC, 0x04, 0x00, 0x00, 0xAB, 0x04, 0x00, 0x00,
            0x3D, 0x00, 0x04, 0x00, 0x60, 0x00, 0x00, 0x00, 0xAE, 0x04, 0x00, 0x00, 0x59, 0x04, 0x00, 0x00,
            0x81, 0x00, 0x05, 0x00, 0x60, 0x00, 0x00, 0x00, 0xAF, 0x04, 0x00, 0x00, 0xAE, 0x04, 0x00, 0x00,
            0xAD, 0x04, 0x00, 0x00, 0x3E, 0x00, 0x03, 0x00, 0x59, 0x04, 0x00, 0x00, 0xAF, 0x04, 0x00, 0x00,
            0xF9, 0x00, 0x02, 0x00, 0x36, 0x06, 0x00, 0x00, 0xF8, 0x00, 0x02, 0x00, 0xB0, 0x04, 0x00, 0x00,
            0x87, 0x17, 0x05, 0x00, 0x05, 0x00, 0x00, 0x00, 0xB1, 0x04, 0x00, 0x00, 0x5C, 0x04, 0x00, 0x00,
            0xFB, 0x00, 0x00, 0x00, 0x88, 0x17, 0x05, 0x00, 0x1B, 0x00, 0x00, 0x00, 0xB2, 0x04, 0x00, 0x00,
            0x5C, 0x04, 0x00, 0x00, 0xFB, 0x00, 0x00, 0x00, 0x82, 0x17, 0x05, 0x00, 0x11, 0x00, 0x00, 0x00,
            0xB3, 0x04, 0x00, 0x00, 0x5C, 0x04, 0x00, 0x00, 0xFB, 0x00, 0x00, 0x00, 0x3D, 0x00, 0x04, 0x00,
            0x60, 0x00, 0x00, 0x00, 0xB4, 0x04, 0x00, 0x00, 0x57, 0x04, 0x00, 0x00, 0x8E, 0x00, 0x05, 0x00,
            0x60, 0x00, 0x00, 0x00, 0xB5, 0x04, 0x00, 0x00, 0xB4, 0x04, 0x00, 0x00, 0xB3, 0x04, 0x00, 0x00,
            0x3D, 0x00, 0x04, 0x00, 0x60, 0x00, 0x00, 0x00, 0xB6, 0x04, 0x00, 0x00, 0x56, 0x04, 0x00, 0x00,
            0x81, 0x00, 0x05, 0x00, 0x60, 0x00, 0x00, 0x00, 0xB7, 0x04, 0x00, 0x00, 0xB6, 0x04, 0x00, 0x00,
            0xB5, 0x04, 0x00, 0x00, 0x41, 0x00, 0x05, 0x00, 0xE5, 0x00, 0x00, 0x00, 0xB8, 0x04, 0x00, 0x00,
            0x15, 0x00, 0x00, 0x00, 0xD3, 0x00, 0x00, 0x00, 0x3D, 0x00, 0x04, 0x00, 0x0E, 0x00, 0x00, 0x00,
            0xB9, 0x04, 0x00, 0x00, 0xB8, 0x04, 0x00, 0x00, 0x51, 0x00, 0x05, 0x00, 0x05, 0x00, 0x00, 0x00,
            0xBA, 0x04, 0x00, 0x00, 0xB9, 0x04, 0x00, 0x00, 0x00, 0x00, 0x00, 0x00, 0x43, 0x11, 0x06, 0x00,
            0xE9, 0x00, 0x00, 0x00, 0xBB, 0x04, 0x00, 0x00, 0x5D, 0x01, 0x00, 0x00, 0xED, 0x00, 0x00, 0x00,
            0xBA, 0x04, 0x00, 0x00, 0xFF, 0x13, 0x04, 0x00, 0x61, 0x01, 0x00, 0x00, 0xBC, 0x04, 0x00, 0x00,
            0xBB, 0x04, 0x00, 0x00, 0x84, 0x00, 0x05, 0x00, 0x05, 0x00, 0x00, 0x00, 0xBD, 0x04, 0x00, 0x00,
            0xB1, 0x04, 0x00, 0x00, 0x64, 0x01, 0x00, 0x00, 0x41, 0x00, 0x06, 0x00, 0x65, 0x01, 0x00, 0x00,
            0xBE, 0x04, 0x00, 0x00, 0xBC, 0x04, 0x00, 0x00, 0x67, 0x00, 0x00, 0x00, 0xBD, 0x04, 0x00, 0x00,
            0x3D, 0x00, 0x04, 0x00, 0x05, 0x00, 0x00, 0x00, 0xBF, 0x04, 0x00, 0x00, 0xBE, 0x04, 0x00, 0x00,
            0x3D, 0x00, 0x04, 0x00, 0x0E, 0x00, 0x00, 0x00, 0xC0, 0x04, 0x00, 0x00, 0xB8, 0x04, 0x00, 0x00,
            0x51, 0x00, 0x05, 0x00, 0x05, 0x00, 0x00, 0x00, 0xC1, 0x04, 0x00, 0x00, 0xC0, 0x04, 0x00, 0x00,
            0x00, 0x00, 0x00, 0x00, 0x43, 0x11, 0x06, 0x00, 0xE9, 0x00, 0x00, 0x00, 0xC2, 0x04, 0x00, 0x00,
            0x5D, 0x01, 0x00, 0x00, 0xED, 0x00, 0x00, 0x00, 0xC1, 0x04, 0x00, 0x00, 0xFF, 0x13, 0x04, 0x00,
            0x61, 0x01, 0x00, 0x00, 0xC3, 0x04, 0x00, 0x00, 0xC2, 0x04, 0x00, 0x00, 0x80, 0x00, 0x05, 0x00,
            0x05, 0x00, 0x00, 0x00, 0xC4, 0x04, 0x00, 0x00, 0xBD, 0x04, 0x00, 0x00, 0xFB, 0x00, 0x00, 0x00,
            0x41, 0x00, 0x06, 0x00, 0x65, 0x01, 0x00, 0x00, 0xC5, 0x04, 0x00, 0x00, 0xC3, 0x04, 0x00, 0x00,
            0x67, 0x00, 0x00, 0x00, 0xC4, 0x04, 0x00, 0x00, 0x3D, 0x00, 0x04, 0x00, 0x05, 0x00, 0x00, 0x00,
            0xC6, 0x04, 0x00, 0x00, 0xC5, 0x04, 0x00, 0x00, 0x3D, 0x00, 0x04, 0x00, 0x0E, 0x00, 0x00, 0x00,
            0xC7, 0x04, 0x00, 0x00, 0xB8, 0x04, 0x00, 0x00, 0x51, 0x00, 0x05, 0x00, 0x05, 0x00, 0x00, 0x00,
            0xC8, 0x04, 0x00, 0x00, 0xC7, 0x04, 0x00, 0x00, 0x00, 0x00, 0x00, 0x00, 0x43, 0x11, 0x06, 0x00,
            0xE9, 0x00, 0x00, 0x00, 0xC9, 0x04, 0x00, 0x00, 0x5D, 0x01, 0x00, 0x00, 0xED, 0x00, 0x00, 0x00,
            0xC8, 0x04, 0x00, 0x00, 0xFF, 0x13, 0x04, 0x00, 0x61, 0x01, 0x00, 0x00, 0xCA, 0x04, 0x00, 0x00,
            0xC9, 0x04, 0x00, 0x00, 0x80, 0x00, 0x05, 0x00, 0x05, 0x00, 0x00, 0x00, 0xCB, 0x04, 0x00, 0x00,
            0xBD, 0x04, 0x00, 0x00, 0x74, 0x01, 0x00, 0x00, 0x41, 0x00, 0x06, 0x00, 0x65, 0x01, 0x00, 0x00,
            0xCC, 0x04, 0x00, 0x00, 0xCA, 0x04, 0x00, 0x00, 0x67, 0x00, 0x00, 0x00, 0xCB, 0x04, 0x00, 0x00,
            0x3D, 0x00, 0x04, 0x00, 0x05, 0x00, 0x00, 0x00, 0xCD, 0x04, 0x00, 0x00, 0xCC, 0x04, 0x00, 0x00,
            0x41, 0x00, 0x05, 0x00, 0xE5, 0x00, 0x00, 0x00, 0xCE, 0x04, 0x00, 0x00, 0x15, 0x00, 0x00, 0x00,
            0x77, 0x01, 0x00, 0x00, 0x3D, 0x00, 0x04, 0x00, 0x0E, 0x00, 0x00, 0x00, 0xCF, 0x04, 0x00, 0x00,
            0xCE, 0x04, 0x00, 0x00, 0x51, 0x00, 0x05, 0x00, 0x05, 0x00, 0x00, 0x00, 0xD0, 0x04, 0x00, 0x00,
            0xCF, 0x04, 0x00, 0x00, 0x00, 0x00, 0x00, 0x00, 0x43, 0x11, 0x06, 0x00, 0xE9, 0x00, 0x00, 0x00,
            0xD1, 0x04, 0x00, 0x00, 0x5D, 0x01, 0x00, 0x00, 0xED, 0x00, 0x00, 0x00, 0xD0, 0x04, 0x00, 0x00,
            0xFF, 0x13, 0x04, 0x00, 0x7F, 0x01, 0x00, 0x00, 0xD2, 0x04, 0x00, 0x00, 0xD1, 0x04, 0x00, 0x00,
            0x41, 0x00, 0x06, 0x00, 0x81, 0x01, 0x00, 0x00, 0xD3, 0x04, 0x00, 0x00, 0xD2, 0x04, 0x00, 0x00,
            0x67, 0x00, 0x00, 0x00, 0xBF, 0x04, 0x00, 0x00, 0x41, 0x00, 0x05, 0x00, 0xEC, 0x07, 0x00, 0x00,
            0xED, 0x07, 0x00, 0x00, 0xD3, 0x04, 0x00, 0x00, 0xFD, 0x00, 0x00, 0x00, 0x3D, 0x00, 0x04, 0x00,
            0x12, 0x00, 0x00, 0x00, 0xEE, 0x07, 0x00, 0x00, 0xED, 0x07, 0x00, 0x00, 0x41, 0x00, 0x05, 0x00,
            0xEC, 0x07, 0x00, 0x00, 0xEF, 0x07, 0x00, 0x00, 0xD3, 0x04, 0x00, 0x00, 0xFB, 0x00, 0x00, 0x00,
            0x3D, 0x00, 0x04, 0x00, 0x12, 0x00, 0x00, 0x00, 0xF0, 0x07, 0x00, 0x00, 0xEF, 0x07, 0x00, 0x00,
            0x3E, 0x00, 0x03, 0x00, 0xCD, 0x07, 0x00, 0x00, 0xEE, 0x07, 0x00, 0x00, 0x3E, 0x00, 0x03, 0x00,
            0xCE, 0x07, 0x00, 0x00, 0xF0, 0x07, 0x00, 0x00, 0x3D, 0x00, 0x04, 0x00, 0x0E, 0x00, 0x00, 0x00,
            0xD6, 0x04, 0x00, 0x00, 0xCE, 0x04, 0x00, 0x00, 0x51, 0x00, 0x05, 0x00, 0x05, 0x00, 0x00, 0x00,
            0xD7, 0x04, 0x00, 0x00, 0xD6, 0x04, 0x00, 0x00, 0x00, 0x00, 0x00, 0x00, 0x43, 0x11, 0x06, 0x00,
            0xE9, 0x00, 0x00, 0x00, 0xD8, 0x04, 0x00, 0x00, 0x5D, 0x01, 0x00, 0x00, 0xED, 0x00, 0x00, 0x00,
            0xD7, 0x04, 0x00, 0x00, 0xFF, 0x13, 0x04, 0x00, 0x7F, 0x01, 0x00, 0x00, 0xD9, 0x04, 0x00, 0x00,
            0xD8, 0x04, 0x00, 0x00, 0x41, 0x00, 0x06, 0x00, 0x81, 0x01, 0x00, 0x00, 0xDA, 0x04, 0x00, 0x00,
            0xD9, 0x04, 0x00, 0x00, 0x67, 0x00, 0x00, 0x00, 0xC6, 0x04, 0x00, 0x00, 0x41, 0x00, 0x05, 0x00,
            0xEC, 0x07, 0x00, 0x00, 0xF1, 0x07, 0x00, 0x00, 0xDA, 0x04, 0x00, 0x00, 0xFB, 0x00, 0x00, 0x00,
            0x3D, 0x00, 0x04, 0x00, 0x12, 0x00, 0x00, 0x00, 0xF2, 0x07, 0x00, 0x00, 0xF1, 0x07, 0x00, 0x00,
            0x3E, 0x00, 0x03, 0x00, 0xD2, 0x07, 0x00, 0x00, 0xF2, 0x07, 0x00, 0x00, 0x3D, 0x00, 0x04, 0x00,
            0x0E, 0x00, 0x00, 0x00, 0xDD, 0x04, 0x00, 0x00, 0xCE, 0x04, 0x00, 0x00, 0x51, 0x00, 0x05, 0x00,
            0x05, 0x00, 0x00, 0x00, 0xDE, 0x04, 0x00, 0x00, 0xDD, 0x04, 0x00, 0x00, 0x00, 0x00, 0x00, 0x00,
            0x43, 0x11, 0x06, 0x00, 0xE9, 0x00, 0x00, 0x00, 0xDF, 0x04, 0x00, 0x00, 0x5D, 0x01, 0x00, 0x00,
            0xED, 0x00, 0x00, 0x00, 0xDE, 0x04, 0x00, 0x00, 0xFF, 0x13, 0x04, 0x00, 0x7F, 0x01, 0x00, 0x00,
            0xE0, 0x04, 0x00, 0x00, 0xDF, 0x04, 0x00, 0x00, 0x41, 0x00, 0x06, 0x00, 0x81, 0x01, 0x00, 0x00,
            0xE1, 0x04, 0x00, 0x00, 0xE0, 0x04, 0x00, 0x00, 0x67, 0x00, 0x00, 0x00, 0xCD, 0x04, 0x00, 0x00,
            0x41, 0x00, 0x05, 0x00, 0xEC, 0x07, 0x00, 0x00, 0xF3, 0x07, 0x00, 0x00, 0xE1, 0x04, 0x00, 0x00,
            0xFB, 0x00, 0x00, 0x00, 0x3D, 0x00, 0x04, 0x00, 0x12, 0x00, 0x00, 0x00, 0xF4, 0x07, 0x00, 0x00,
            0xF3, 0x07, 0x00, 0x00, 0x3E, 0x00, 0x03, 0x00, 0xD4, 0x07, 0x00, 0x00, 0xF4, 0x07, 0x00, 0x00,
            0x51, 0x00, 0x05, 0x00, 0x11, 0x00, 0x00, 0x00, 0xE4, 0x04, 0x00, 0x00, 0xB2, 0x04, 0x00, 0x00,
            0x00, 0x00, 0x00, 0x00, 0x83, 0x00, 0x05, 0x00, 0x11, 0x00, 0x00, 0x00, 0xE5, 0x04, 0x00, 0x00,
            0x55, 0x00, 0x00, 0x00, 0xE4, 0x04, 0x00, 0x00, 0x51, 0x00, 0x05, 0x00, 0x11, 0x00, 0x00, 0x00,
            0xE6, 0x04, 0x00, 0x00, 0xB2, 0x04, 0x00, 0x00, 0x01, 0x00, 0x00, 0x00, 0x83, 0x00, 0x05, 0x00,
            0x11, 0x00, 0x00, 0x00, 0xE7, 0x04, 0x00, 0x00, 0xE5, 0x04, 0x00, 0x00, 0xE6, 0x04, 0x00, 0x00,
            0x3D, 0x00, 0x04, 0x00, 0x12, 0x00, 0x00, 0x00, 0x4A, 0x06, 0x00, 0x00, 0xCE, 0x07, 0x00, 0x00,
            0x4F, 0x00, 0x08, 0x00, 0x60, 0x00, 0x00, 0x00, 0x4B, 0x06, 0x00, 0x00, 0x4A, 0x06, 0x00, 0x00,
            0x4A, 0x06, 0x00, 0x00, 0x00, 0x00, 0x00, 0x00, 0x01, 0x00, 0x00, 0x00, 0x02, 0x00, 0x00, 0x00,
            0x3E, 0x00, 0x03, 0x00, 0x47, 0x06, 0x00, 0x00, 0x4B, 0x06, 0x00, 0x00, 0x3D, 0x00, 0x04, 0x00,
            0x60, 0x00, 0x00, 0x00, 0xE8, 0x04, 0x00, 0x00, 0x47, 0x06, 0x00, 0x00, 0x8E, 0x00, 0x05, 0x00,
            0x60, 0x00, 0x00, 0x00, 0xE9, 0x04, 0x00, 0x00, 0xE8, 0x04, 0x00, 0x00, 0xE7, 0x04, 0x00, 0x00,
            0x3D, 0x00, 0x04, 0x00, 0x12, 0x00, 0x00, 0x00, 0x4F, 0x06, 0x00, 0x00, 0xD2, 0x07, 0x00, 0x00,
            0x4F, 0x00, 0x08, 0x00, 0x60, 0x00, 0x00, 0x00, 0x50, 0x06, 0x00, 0x00, 0x4F, 0x06, 0x00, 0x00,
            0x4F, 0x06, 0x00, 0x00, 0x00, 0x00, 0x00, 0x00, 0x01, 0x00, 0x00, 0x00, 0x02, 0x00, 0x00, 0x00,
            0x3E, 0x00, 0x03, 0x00, 0x4C, 0x06, 0x00, 0x00, 0x50, 0x06, 0x00, 0x00, 0x3D, 0x00, 0x04, 0x00,
            0x60, 0x00, 0x00, 0x00, 0xEA, 0x04, 0x00, 0x00, 0x4C, 0x06, 0x00, 0x00, 0x8E, 0x00, 0x05, 0x00,
            0x60, 0x00, 0x00, 0x00, 0xEB, 0x04, 0x00, 0x00, 0xEA, 0x04, 0x00, 0x00, 0xE4, 0x04, 0x00, 0x00,
            0x81, 0x00, 0x05, 0x00, 0x60, 0x00, 0x00, 0x00, 0xEC, 0x04, 0x00, 0x00, 0xE9, 0x04, 0x00, 0x00,
            0xEB, 0x04, 0x00, 0x00, 0x3D, 0x00, 0x04, 0x00, 0x12, 0x00, 0x00, 0x00, 0x54, 0x06, 0x00, 0x00,
            0xD4, 0x07, 0x00, 0x00, 0x4F, 0x00, 0x08, 0x00, 0x60, 0x00, 0x00, 0x00, 0x55, 0x06, 0x00, 0x00,
            0x54, 0x06, 0x00, 0x00, 0x54, 0x06, 0x00, 0x00, 0x00, 0x00, 0x00, 0x00, 0x01, 0x00, 0x00, 0x00,
            0x02, 0x00, 0x00, 0x00, 0x3E, 0x00, 0x03, 0x00, 0x51, 0x06, 0x00, 0x00, 0x55, 0x06, 0x00, 0x00,
            0x3D, 0x00, 0x04, 0x00, 0x60, 0x00, 0x00, 0x00, 0xED, 0x04, 0x00, 0x00, 0x51, 0x06, 0x00, 0x00,
            0x8E, 0x00, 0x05, 0x00, 0x60, 0x00, 0x00, 0x00, 0xEE, 0x04, 0x00, 0x00, 0xED, 0x04, 0x00, 0x00,
            0xE6, 0x04, 0x00, 0x00, 0x81, 0x00, 0x05, 0x00, 0x60, 0x00, 0x00, 0x00, 0xEF, 0x04, 0x00, 0x00,
            0xEC, 0x04, 0x00, 0x00, 0xEE, 0x04, 0x00, 0x00, 0x0C, 0x00, 0x06, 0x00, 0x60, 0x00, 0x00, 0x00,
            0xF0, 0x04, 0x00, 0x00, 0x6D, 0x00, 0x00, 0x00, 0x45, 0x00, 0x00, 0x00, 0xEF, 0x04, 0x00, 0x00,
            0x3D, 0x00, 0x04, 0x00, 0x60, 0x00, 0x00, 0x00, 0xF1, 0x04, 0x00, 0x00, 0x57, 0x04, 0x00, 0x00,
            0x94, 0x00, 0x05, 0x00, 0x11, 0x00, 0x00, 0x00, 0xF2, 0x04, 0x00, 0x00, 0xF0, 0x04, 0x00, 0x00,
            0xF1, 0x04, 0x00, 0x00, 0xBA, 0x00, 0x05, 0x00, 0x1E, 0x00, 0x00, 0x00, 0xF3, 0x04, 0x00, 0x00,
            0xF2, 0x04, 0x00, 0x00, 0x66, 0x00, 0x00, 0x00, 0xF7, 0x00, 0x03, 0x00, 0xF7, 0x04, 0x00, 0x00,
            0x00, 0x00, 0x00, 0x00, 0xFA, 0x00, 0x04, 0x00, 0xF3, 0x04, 0x00, 0x00, 0xF5, 0x04, 0x00, 0x00,
            0xF4, 0x04, 0x00, 0x00, 0xF8, 0x00, 0x02, 0x00, 0xF4, 0x04, 0x00, 0x00, 0x3E, 0x00, 0x03, 0x00,
            0x60, 0x04, 0x00, 0x00, 0xF0, 0x04, 0x00, 0x00, 0xF9, 0x00, 0x02, 0x00, 0xF7, 0x04, 0x00, 0x00,
            0xF8, 0x00, 0x02, 0x00, 0xF5, 0x04, 0x00, 0x00, 0x7F, 0x00, 0x04, 0x00, 0x60, 0x00, 0x00, 0x00,
            0xF6, 0x04, 0x00, 0x00, 0xF0, 0x04, 0x00, 0x00, 0x3E, 0x00, 0x03, 0x00, 0x60, 0x04, 0x00, 0x00,
            0xF6, 0x04, 0x00, 0x00, 0xF9, 0x00, 0x02, 0x00, 0xF7, 0x04, 0x00, 0x00, 0xF8, 0x00, 0x02, 0x00,
            0xF7, 0x04, 0x00, 0x00, 0x41, 0x00, 0x05, 0x00, 0xE5, 0x00, 0x00, 0x00, 0xF8, 0x04, 0x00, 0x00,
            0x15, 0x00, 0x00, 0x00, 0xB5, 0x01, 0x00, 0x00, 0x3D, 0x00, 0x04, 0x00, 0x0E, 0x00, 0x00, 0x00,
            0xF9, 0x04, 0x00, 0x00, 0xF8, 0x04, 0x00, 0x00, 0x51, 0x00, 0x05, 0x00, 0x05, 0x00, 0x00, 0x00,
            0xFA, 0x04, 0x00, 0x00, 0xF9, 0x04, 0x00, 0x00, 0x00, 0x00, 0x00, 0x00, 0x43, 0x11, 0x06, 0x00,
            0xE9, 0x00, 0x00, 0x00, 0xFB, 0x04, 0x00, 0x00, 0x5D, 0x01, 0x00, 0x00, 0xED, 0x00, 0x00, 0x00,
            0xFA, 0x04, 0x00, 0x00, 0xFF, 0x13, 0x04, 0x00, 0xBD, 0x01, 0x00, 0x00, 0xFC, 0x04, 0x00, 0x00,
            0xFB, 0x04, 0x00, 0x00, 0x3D, 0x00, 0x04, 0x00, 0x12, 0x00, 0x00, 0x00, 0x59, 0x06, 0x00, 0x00,
            0xCE, 0x07, 0x00, 0x00, 0x51, 0x00, 0x05, 0x00, 0x11, 0x00, 0x00, 0x00, 0x5A, 0x06, 0x00, 0x00,
            0x59, 0x06, 0x00, 0x00, 0x03, 0x00, 0x00, 0x00, 0x7C, 0x00, 0x04, 0x00, 0x05, 0x00, 0x00, 0x00,
            0x5B, 0x06, 0x00, 0x00, 0x5A, 0x06, 0x00, 0x00, 0x3E, 0x00, 0x03, 0x00, 0x56, 0x06, 0x00, 0x00,
            0x5B, 0x06, 0x00, 0x00, 0x3D, 0x00, 0x04, 0x00, 0x05, 0x00, 0x00, 0x00, 0xFD, 0x04, 0x00, 0x00,
            0x56, 0x06, 0x00, 0x00, 0x41, 0x00, 0x06, 0x00, 0xC9, 0x01, 0x00, 0x00, 0xFE, 0x04, 0x00, 0x00,
            0xFC, 0x04, 0x00, 0x00, 0x67, 0x00, 0x00, 0x00, 0xFD, 0x04, 0x00, 0x00, 0x41, 0x00, 0x05, 0x00,
            0xEC, 0x07, 0x00, 0x00, 0xF5, 0x07, 0x00, 0x00, 0xFE, 0x04, 0x00, 0x00, 0xFD, 0x00, 0x00, 0x00,
            0x3D, 0x00, 0x04, 0x00, 0x12, 0x00, 0x00, 0x00, 0xF6, 0x07, 0x00, 0x00, 0xF5, 0x07, 0x00, 0x00,
            0x41, 0x00, 0x05, 0x00, 0xEC, 0x07, 0x00, 0x00, 0xF7, 0x07, 0x00, 0x00, 0xFE, 0x04, 0x00, 0x00,
            0xFB, 0x00, 0x00, 0x00, 0x3D, 0x00, 0x04, 0x00, 0x12, 0x00, 0x00, 0x00, 0xF8, 0x07, 0x00, 0x00,
            0xF7, 0x07, 0x00, 0x00, 0x3E, 0x00, 0x03, 0x00, 0xD6, 0x07, 0x00, 0x00, 0xF6, 0x07, 0x00, 0x00,
            0x3E, 0x00, 0x03, 0x00, 0xD7, 0x07, 0x00, 0x00, 0xF8, 0x07, 0x00, 0x00, 0x3D, 0x00, 0x04, 0x00,
            0x16, 0x00, 0x00, 0x00, 0x01, 0x05, 0x00, 0x00, 0x5A, 0x04, 0x00, 0x00, 0xAA, 0x00, 0x05, 0x00,
            0x1E, 0x00, 0x00, 0x00, 0x02, 0x05, 0x00, 0x00, 0x01, 0x05, 0x00, 0x00, 0x67, 0x00, 0x00, 0x00,
            0xF7, 0x00, 0x03, 0x00, 0x2F, 0x05, 0x00, 0x00, 0x00, 0x00, 0x00, 0x00, 0xFA, 0x00, 0x04, 0x00,
            0x02, 0x05, 0x00, 0x00, 0x03, 0x05, 0x00, 0x00, 0x2F, 0x05, 0x00, 0x00, 0xF8, 0x00, 0x02, 0x00,
            0x03, 0x05, 0x00, 0x00, 0x50, 0x00, 0x05, 0x00, 0x12, 0x00, 0x00, 0x00, 0x04, 0x05, 0x00, 0x00,
            0xB7, 0x04, 0x00, 0x00, 0x55, 0x00, 0x00, 0x00, 0x41, 0x00, 0x05, 0x00, 0x5C, 0x00, 0x00, 0x00,
            0x05, 0x05, 0x00, 0x00, 0x15, 0x00, 0x00, 0x00, 0xD8, 0x00, 0x00, 0x00, 0x3D, 0x00, 0x04, 0x00,
            0x13, 0x00, 0x00, 0x00, 0x06, 0x05, 0x00, 0x00, 0x05, 0x05, 0x00, 0x00, 0x91, 0x00, 0x05, 0x00,
            0x12, 0x00, 0x00, 0x00, 0x07, 0x05, 0x00, 0x00, 0x06, 0x05, 0x00, 0x00, 0x04, 0x05, 0x00, 0x00,
            0x41, 0x00, 0x05, 0x00, 0x5C, 0x00, 0x00, 0x00, 0x08, 0x05, 0x00, 0x00, 0x15, 0x00, 0x00, 0x00,
            0xE0, 0x00, 0x00, 0x00, 0x3D, 0x00, 0x04, 0x00, 0x13, 0x00, 0x00, 0x00, 0x09, 0x05, 0x00, 0x00,
            0x08, 0x05, 0x00, 0x00, 0x91, 0x00, 0x05, 0x00, 0x12, 0x00, 0x00, 0x00, 0x0A, 0x05, 0x00, 0x00,
            0x09, 0x05, 0x00, 0x00, 0x04, 0x05, 0x00, 0x00, 0x3D, 0x00, 0x04, 0x00, 0x60, 0x00, 0x00, 0x00,
            0x0B, 0x05, 0x00, 0x00, 0x57, 0x04, 0x00, 0x00, 0x94, 0x00, 0x05, 0x00, 0x11, 0x00, 0x00, 0x00,
            0x0C, 0x05, 0x00, 0x00, 0xE8, 0x04, 0x00, 0x00, 0x0B, 0x05, 0x00, 0x00, 0xBA, 0x00, 0x05, 0x00,
            0x1E, 0x00, 0x00, 0x00, 0x0D, 0x05, 0x00, 0x00, 0x0C, 0x05, 0x00, 0x00, 0x66, 0x00, 0x00, 0x00,
            0xF7, 0x00, 0x03, 0x00, 0x11, 0x05, 0x00, 0x00, 0x00, 0x00, 0x00, 0x00, 0xFA, 0x00, 0x04, 0x00,
            0x0D, 0x05, 0x00, 0x00, 0x0F, 0x05, 0x00, 0x00, 0x0E, 0x05, 0x00, 0x00, 0xF8, 0x00, 0x02, 0x00,
            0x0E, 0x05, 0x00, 0x00, 0x3E, 0x00, 0x03, 0x00, 0x62, 0x04, 0x00, 0x00, 0xE8, 0x04, 0x00, 0x00,
            0xF9, 0x00, 0x02, 0x00, 0x11, 0x05, 0x00, 0x00, 0xF8, 0x00, 0x02, 0x00, 0x0F, 0x05, 0x00, 0x00,
            0x7F, 0x00, 0x04, 0x00, 0x60, 0x00, 0x00, 0x00, 0x10, 0x05, 0x00, 0x00, 0xE8, 0x04, 0x00, 0x00,
            0x3E, 0x00, 0x03, 0x00, 0x62, 0x04, 0x00, 0x00, 0x10, 0x05, 0x00, 0x00, 0xF9, 0x00, 0x02, 0x00,
            0x11, 0x05, 0x00, 0x00, 0xF8, 0x00, 0x02, 0x00, 0x11, 0x05, 0x00, 0x00, 0x41, 0x00, 0x05, 0x00,
            0xE5, 0x00, 0x00, 0x00, 0x12, 0x05, 0x00, 0x00, 0x15, 0x00, 0x00, 0x00, 0x02, 0x01, 0x00, 0x00,
            0x3D, 0x00, 0x04, 0x00, 0x0E, 0x00, 0x00, 0x00, 0x13, 0x05, 0x00, 0x00, 0x12, 0x05, 0x00, 0x00,
            0x51, 0x00, 0x05, 0x00, 0x05, 0x00, 0x00, 0x00, 0x14, 0x05, 0x00, 0x00, 0x13, 0x05, 0x00, 0x00,
            0x00, 0x00, 0x00, 0x00, 0x43, 0x11, 0x06, 0x00, 0xE9, 0x00, 0x00, 0x00, 0x15, 0x05, 0x00, 0x00,
            0x08, 0x01, 0x00, 0x00, 0xED, 0x00, 0x00, 0x00, 0x14, 0x05, 0x00, 0x00, 0x3D, 0x00, 0x04, 0x00,
            0x06, 0x01, 0x00, 0x00, 0x16, 0x05, 0x00, 0x00, 0x15, 0x05, 0x00, 0x00, 0x51, 0x00, 0x05, 0x00,
            0x11, 0x00, 0x00, 0x00, 0x17, 0x05, 0x00, 0x00, 0x07, 0x05, 0x00, 0x00, 0x02, 0x00, 0x00, 0x00,
            0x51, 0x00, 0x05, 0x00, 0x11, 0x00, 0x00, 0x00, 0x18, 0x05, 0x00, 0x00, 0x07, 0x05, 0x00, 0x00,
            0x03, 0x00, 0x00, 0x00, 0x88, 0x00, 0x05, 0x00, 0x11, 0x00, 0x00, 0x00, 0x19, 0x05, 0x00, 0x00,
            0x17, 0x05, 0x00, 0x00, 0x18, 0x05, 0x00, 0x00, 0x0C, 0x00, 0x08, 0x00, 0x11, 0x00, 0x00, 0x00,
            0x1A, 0x05, 0x00, 0x00, 0x6D, 0x00, 0x00, 0x00, 0x2B, 0x00, 0x00, 0x00, 0x19, 0x05, 0x00, 0x00,
            0x66, 0x00, 0x00, 0x00, 0x55, 0x00, 0x00, 0x00, 0x50, 0x00, 0x07, 0x00, 0x12, 0x00, 0x00, 0x00,
            0x1B, 0x05, 0x00, 0x00, 0x1A, 0x05, 0x00, 0x00, 0x1A, 0x05, 0x00, 0x00, 0x1A, 0x05, 0x00, 0x00,
            0x1A, 0x05, 0x00, 0x00, 0x63, 0x00, 0x04, 0x00, 0x16, 0x05, 0x00, 0x00, 0x0F, 0x00, 0x00, 0x00,
            0x1B, 0x05, 0x00, 0x00, 0x41, 0x00, 0x05, 0x00, 0xE5, 0x00, 0x00, 0x00, 0x1C, 0x05, 0x00, 0x00,
            0x15, 0x00, 0x00, 0x00, 0x0D, 0x01, 0x00, 0x00, 0x3D, 0x00, 0x04, 0x00, 0x0E, 0x00, 0x00, 0x00,
            0x1D, 0x05, 0x00, 0x00, 0x1C, 0x05, 0x00, 0x00, 0x51, 0x00, 0x05, 0x00, 0x05, 0x00, 0x00, 0x00,
            0x1E, 0x05, 0x00, 0x00, 0x1D, 0x05, 0x00, 0x00, 0x00, 0x00, 0x00, 0x00, 0x43, 0x11, 0x06, 0x00,
            0xE9, 0x00, 0x00, 0x00, 0x1F, 0x05, 0x00, 0x00, 0x08, 0x01, 0x00, 0x00, 0xED, 0x00, 0x00, 0x00,
            0x1E, 0x05, 0x00, 0x00, 0x3D, 0x00, 0x04, 0x00, 0x06, 0x01, 0x00, 0x00, 0x20, 0x05, 0x00, 0x00,
            0x1F, 0x05, 0x00, 0x00, 0x3D, 0x00, 0x04, 0x00, 0x12, 0x00, 0x00, 0x00, 0x5F, 0x06, 0x00, 0x00,
            0xCD, 0x07, 0x00, 0x00, 0x4F, 0x00, 0x08, 0x00, 0x60, 0x00, 0x00, 0x00, 0x60, 0x06, 0x00, 0x00,
            0x5F, 0x06, 0x00, 0x00, 0x5F, 0x06, 0x00, 0x00, 0x00, 0x00, 0x00, 0x00, 0x01, 0x00, 0x00, 0x00,
            0x02, 0x00, 0x00, 0x00, 0x3E, 0x00, 0x03, 0x00, 0x5C, 0x06, 0x00, 0x00, 0x60, 0x06, 0x00, 0x00,
            0x3D, 0x00, 0x04, 0x00, 0x60, 0x00, 0x00, 0x00, 0x21, 0x05, 0x00, 0x00, 0x5C, 0x06, 0x00, 0x00,
            0x3D, 0x00, 0x04, 0x00, 0x60, 0x00, 0x00, 0x00, 0x22, 0x05, 0x00, 0x00, 0x62, 0x04, 0x00, 0x00,
            0x94, 0x00, 0x05, 0x00, 0x11, 0x00, 0x00, 0x00, 0x23, 0x05, 0x00, 0x00, 0x22, 0x05, 0x00, 0x00,
            0x21, 0x05, 0x00, 0x00, 0x3D, 0x00, 0x04, 0x00, 0x60, 0x00, 0x00, 0x00, 0x24, 0x05, 0x00, 0x00,
            0x62, 0x04, 0x00, 0x00, 0x50, 0x00, 0x05, 0x00, 0x12, 0x00, 0x00, 0x00, 0x25, 0x05, 0x00, 0x00,
            0x24, 0x05, 0x00, 0x00, 0x23, 0x05, 0x00, 0x00, 0x63, 0x00, 0x04, 0x00, 0x20, 0x05, 0x00, 0x00,
            0x0F, 0x00, 0x00, 0x00, 0x25, 0x05, 0x00, 0x00, 0x41, 0x00, 0x05, 0x00, 0xE5, 0x00, 0x00, 0x00,
            0x26, 0x05, 0x00, 0x00, 0x15, 0x00, 0x00, 0x00, 0x15, 0x01, 0x00, 0x00, 0x3D, 0x00, 0x04, 0x00,
            0x0E, 0x00, 0x00, 0x00, 0x27, 0x05, 0x00, 0x00, 0x26, 0x05, 0x00, 0x00, 0x51, 0x00, 0x05, 0x00,
            0x05, 0x00, 0x00, 0x00, 0x28, 0x05, 0x00, 0x00, 0x27, 0x05, 0x00, 0x00, 0x00, 0x00, 0x00, 0x00,
            0x43, 0x11, 0x06, 0x00, 0xE9, 0x00, 0x00, 0x00, 0x29, 0x05, 0x00, 0x00, 0x08, 0x01, 0x00, 0x00,
            0xED, 0x00, 0x00, 0x00, 0x28, 0x05, 0x00, 0x00, 0x3D, 0x00, 0x04, 0x00, 0x06, 0x01, 0x00, 0x00,
            0x2A, 0x05, 0x00, 0x00, 0x29, 0x05, 0x00, 0x00, 0x4F, 0x00, 0x07, 0x00, 0x1B, 0x00, 0x00, 0x00,
            0x63, 0x06, 0x00, 0x00, 0x07, 0x05, 0x00, 0x00, 0x07, 0x05, 0x00, 0x00, 0x00, 0x00, 0x00, 0x00,
            0x01, 0x00, 0x00, 0x00, 0x51, 0x00, 0x05, 0x00, 0x11, 0x00, 0x00, 0x00, 0x64, 0x06, 0x00, 0x00,
            0x07, 0x05, 0x00, 0x00, 0x03, 0x00, 0x00, 0x00, 0x50, 0x00, 0x05, 0x00, 0x1B, 0x00, 0x00, 0x00,
            0x65, 0x06, 0x00, 0x00, 0x64, 0x06, 0x00, 0x00, 0x64, 0x06, 0x00, 0x00, 0x88, 0x00, 0x05, 0x00,
            0x1B, 0x00, 0x00, 0x00, 0x66, 0x06, 0x00, 0x00, 0x63, 0x06, 0x00, 0x00, 0x65, 0x06, 0x00, 0x00,
            0x4F, 0x00, 0x07, 0x00, 0x1B, 0x00, 0x00, 0x00, 0x67, 0x06, 0x00, 0x00, 0x0A, 0x05, 0x00, 0x00,
            0x0A, 0x05, 0x00, 0x00, 0x00, 0x00, 0x00, 0x00, 0x01, 0x00, 0x00, 0x00, 0x51, 0x00, 0x05, 0x00,
            0x11, 0x00, 0x00, 0x00, 0x68, 0x06, 0x00, 0x00, 0x0A, 0x05, 0x00, 0x00, 0x03, 0x00, 0x00, 0x00,
            0x50, 0x00, 0x05, 0x00, 0x1B, 0x00, 0x00, 0x00, 0x69, 0x06, 0x00, 0x00, 0x68, 0x06, 0x00, 0x00,
            0x68, 0x06, 0x00, 0x00, 0x88, 0x00, 0x05, 0x00, 0x1B, 0x00, 0x00, 0x00, 0x6A, 0x06, 0x00, 0x00,
            0x67, 0x06, 0x00, 0x00, 0x69, 0x06, 0x00, 0x00, 0x83, 0x00, 0x05, 0x00, 0x1B, 0x00, 0x00, 0x00,
            0x6B, 0x06, 0x00, 0x00, 0x66, 0x06, 0x00, 0x00, 0x6A, 0x06, 0x00, 0x00, 0x8E, 0x00, 0x05, 0x00,
            0x1B, 0x00, 0x00, 0x00, 0x6C, 0x06, 0x00, 0x00, 0x6B, 0x06, 0x00, 0x00, 0x33, 0x01, 0x00, 0x00,
            0x81, 0x00, 0x05, 0x00, 0x1B, 0x00, 0x00, 0x00, 0x6E, 0x06, 0x00, 0x00, 0x6C, 0x06, 0x00, 0x00,
            0xDC, 0x07, 0x00, 0x00, 0x3E, 0x00, 0x03, 0x00, 0x61, 0x06, 0x00, 0x00, 0x6E, 0x06, 0x00, 0x00,
            0x3D, 0x00, 0x04, 0x00, 0x1B, 0x00, 0x00, 0x00, 0x2B, 0x05, 0x00, 0x00, 0x61, 0x06, 0x00, 0x00,
            0x51, 0x00, 0x05, 0x00, 0x11, 0x00, 0x00, 0x00, 0x2C, 0x05, 0x00, 0x00, 0x2B, 0x05, 0x00, 0x00,
            0x00, 0x00, 0x00, 0x00, 0x51, 0x00, 0x05, 0x00, 0x11, 0x00, 0x00, 0x00, 0x2D, 0x05, 0x00, 0x00,
            0x2B, 0x05, 0x00, 0x00, 0x01, 0x00, 0x00, 0x00, 0x50, 0x00, 0x07, 0x00, 0x12, 0x00, 0x00, 0x00,
            0x2E, 0x05, 0x00, 0x00, 0x2C, 0x05, 0x00, 0x00, 0x2D, 0x05, 0x00, 0x00, 0x66, 0x00, 0x00, 0x00,
            0x66, 0x00, 0x00, 0x00, 0x63, 0x00, 0x04, 0x00, 0x2A, 0x05, 0x00, 0x00, 0x0F, 0x00, 0x00, 0x00,
            0x2E, 0x05, 0x00, 0x00, 0xF9, 0x00, 0x02, 0x00, 0x2F, 0x05, 0x00, 0x00, 0xF8, 0x00, 0x02, 0x00,
            0x2F, 0x05, 0x00, 0x00, 0x3D, 0x00, 0x04, 0x00, 0x12, 0x00, 0x00, 0x00, 0x72, 0x06, 0x00, 0x00,
            0xD6, 0x07, 0x00, 0x00, 0x51, 0x00, 0x05, 0x00, 0x11, 0x00, 0x00, 0x00, 0x73, 0x06, 0x00, 0x00,
            0x72, 0x06, 0x00, 0x00, 0x03, 0x00, 0x00, 0x00, 0x3E, 0x00, 0x03, 0x00, 0x6F, 0x06, 0x00, 0x00,
            0x73, 0x06, 0x00, 0x00, 0x3D, 0x00, 0x04, 0x00, 0x11, 0x00, 0x00, 0x00, 0x30, 0x05, 0x00, 0x00,
            0x6F, 0x06, 0x00, 0x00, 0xBA, 0x00, 0x05, 0x00, 0x1E, 0x00, 0x00, 0x00, 0x31, 0x05, 0x00, 0x00,
            0x30, 0x05, 0x00, 0x00, 0x66, 0x00, 0x00, 0x00, 0xF7, 0x00, 0x03, 0x00, 0x3B, 0x05, 0x00, 0x00,
            0x00, 0x00, 0x00, 0x00, 0xFA, 0x00, 0x04, 0x00, 0x31, 0x05, 0x00, 0x00, 0x32, 0x05, 0x00, 0x00,
            0x3B, 0x05, 0x00, 0x00, 0xF8, 0x00, 0x02, 0x00, 0x32, 0x05, 0x00, 0x00, 0xF7, 0x00, 0x03, 0x00,
            0x3A, 0x05, 0x00, 0x00, 0x00, 0x00, 0x00, 0x00, 0xFA, 0x00, 0x04, 0x00, 0x02, 0x05, 0x00, 0x00,
            0x33, 0x05, 0x00, 0x00, 0x3A, 0x05, 0x00, 0x00, 0xF8, 0x00, 0x02, 0x00, 0x33, 0x05, 0x00, 0x00,
            0x3D, 0x00, 0x04, 0x00, 0x12, 0x00, 0x00, 0x00, 0x77, 0x06, 0x00, 0x00, 0xD6, 0x07, 0x00, 0x00,
            0x4F, 0x00, 0x08, 0x00, 0x60, 0x00, 0x00, 0x00, 0x78, 0x06, 0x00, 0x00, 0x77, 0x06, 0x00, 0x00,
            0x77, 0x06, 0x00, 0x00, 0x00, 0x00, 0x00, 0x00, 0x01, 0x00, 0x00, 0x00, 0x02, 0x00, 0x00, 0x00,
            0x3E, 0x00, 0x03, 0x00, 0x74, 0x06, 0x00, 0x00, 0x78, 0x06, 0x00, 0x00, 0x3D, 0x00, 0x04, 0x00,
            0x60, 0x00, 0x00, 0x00, 0x34, 0x05, 0x00, 0x00, 0x74, 0x06, 0x00, 0x00, 0x3D, 0x00, 0x04, 0x00,
            0x60, 0x00, 0x00, 0x00, 0x35, 0x05, 0x00, 0x00, 0x58, 0x04, 0x00, 0x00, 0x85, 0x00, 0x05, 0x00,
            0x60, 0x00, 0x00, 0x00, 0x36, 0x05, 0x00, 0x00, 0x35, 0x05, 0x00, 0x00, 0x34, 0x05, 0x00, 0x00,
            0x8E, 0x00, 0x05, 0x00, 0x60, 0x00, 0x00, 0x00, 0x37, 0x05, 0x00, 0x00, 0x36, 0x05, 0x00, 0x00,
            0x30, 0x05, 0x00, 0x00, 0x3D, 0x00, 0x04, 0x00, 0x60, 0x00, 0x00, 0x00, 0x38, 0x05, 0x00, 0x00,
            0x59, 0x04, 0x00, 0x00, 0x81, 0x00, 0x05, 0x00, 0x60, 0x00, 0x00, 0x00, 0x39, 0x05, 0x00, 0x00,
            0x38, 0x05, 0x00, 0x00, 0x37, 0x05, 0x00, 0x00, 0x3E, 0x00, 0x03, 0x00, 0x59, 0x04, 0x00, 0x00,
            0x39, 0x05, 0x00, 0x00, 0xF9, 0x00, 0x02, 0x00, 0x3A, 0x05, 0x00, 0x00, 0xF8, 0x00, 0x02, 0x00,
            0x3A, 0x05, 0x00, 0x00, 0xF9, 0x00, 0x02, 0x00, 0x36, 0x06, 0x00, 0x00, 0xF8, 0x00, 0x02, 0x00,
            0x3B, 0x05, 0x00, 0x00, 0x3D, 0x00, 0x04, 0x00, 0x60, 0x00, 0x00, 0x00, 0x3C, 0x05, 0x00, 0x00,
            0x57, 0x04, 0x00, 0x00, 0x7F, 0x00, 0x04, 0x00, 0x60, 0x00, 0x00, 0x00, 0x3D, 0x05, 0x00, 0x00,
            0x3C, 0x05, 0x00, 0x00, 0x3D, 0x00, 0x04, 0x00, 0x12, 0x00, 0x00, 0x00, 0x7C, 0x06, 0x00, 0x00,
            0xD6, 0x07, 0x00, 0x00, 0x4F, 0x00, 0x08, 0x00, 0x60, 0x00, 0x00, 0x00, 0x7D, 0x06, 0x00, 0x00,
            0x7C, 0x06, 0x00, 0x00, 0x7C, 0x06, 0x00, 0x00, 0x00, 0x00, 0x00, 0x00, 0x01, 0x00, 0x00, 0x00,
            0x02, 0x00, 0x00, 0x00, 0x3E, 0x00, 0x03, 0x00, 0x79, 0x06, 0x00, 0x00, 0x7D, 0x06, 0x00, 0x00,
            0x3D, 0x00, 0x04, 0x00, 0x60, 0x00, 0x00, 0x00, 0x3E, 0x05, 0x00, 0x00, 0x79, 0x06, 0x00, 0x00,
            0x3D, 0x00, 0x04, 0x00, 0x12, 0x00, 0x00, 0x00, 0x81, 0x06, 0x00, 0x00, 0xD7, 0x07, 0x00, 0x00,
            0x51, 0x00, 0x05, 0x00, 0x11, 0x00, 0x00, 0x00, 0x82, 0x06, 0x00, 0x00, 0x81, 0x06, 0x00, 0x00,
            0x00, 0x00, 0x00, 0x00, 0x3E, 0x00, 0x03, 0x00, 0x7E, 0x06, 0x00, 0x00, 0x82, 0x06, 0x00, 0x00,
            0x3D, 0x00, 0x04, 0x00, 0x11, 0x00, 0x00, 0x00, 0x3F, 0x05, 0x00, 0x00, 0x7E, 0x06, 0x00, 0x00,
            0x50, 0x00, 0x06, 0x00, 0x60, 0x00, 0x00, 0x00, 0x40, 0x05, 0x00, 0x00, 0x3F, 0x05, 0x00, 0x00,
            0x3F, 0x05, 0x00, 0x00, 0x3F, 0x05, 0x00, 0x00, 0x0C, 0x00, 0x08, 0x00, 0x60, 0x00, 0x00, 0x00,
            0x41, 0x05, 0x00, 0x00, 0x6D, 0x00, 0x00, 0x00, 0x2E, 0x00, 0x00, 0x00, 0x33, 0x02, 0x00, 0x00,
            0x3E, 0x05, 0x00, 0x00, 0x40, 0x05, 0x00, 0x00, 0x3D, 0x00, 0x04, 0x00, 0x12, 0x00, 0x00, 0x00,
            0x86, 0x06, 0x00, 0x00, 0xD7, 0x07, 0x00, 0x00, 0x51, 0x00, 0x05, 0x00, 0x11, 0x00, 0x00, 0x00,
            0x87, 0x06, 0x00, 0x00, 0x86, 0x06, 0x00, 0x00, 0x01, 0x00, 0x00, 0x00, 0x3E, 0x00, 0x03, 0x00,
            0x83, 0x06, 0x00, 0x00, 0x87, 0x06, 0x00, 0x00, 0x3D, 0x00, 0x04, 0x00, 0x11, 0x00, 0x00, 0x00,
            0x42, 0x05, 0x00, 0x00, 0x83, 0x06, 0x00, 0x00, 0x0C, 0x00, 0x07, 0x00, 0x11, 0x00, 0x00, 0x00,
            0x43, 0x05, 0x00, 0x00, 0x6D, 0x00, 0x00, 0x00, 0x28, 0x00, 0x00, 0x00, 0x42, 0x05, 0x00, 0x00,
            0x34, 0x02, 0x00, 0x00, 0x51, 0x00, 0x05, 0x00, 0x11, 0x00, 0x00, 0x00, 0x44, 0x05, 0x00, 0x00,
            0x41, 0x05, 0x00, 0x00, 0x00, 0x00, 0x00, 0x00, 0x51, 0x00, 0x05, 0x00, 0x11, 0x00, 0x00, 0x00,
            0x45, 0x05, 0x00, 0x00, 0x41, 0x05, 0x00, 0x00, 0x01, 0x00, 0x00, 0x00, 0x51, 0x00, 0x05, 0x00,
            0x11, 0x00, 0x00, 0x00, 0x46, 0x05, 0x00, 0x00, 0x41, 0x05, 0x00, 0x00, 0x02, 0x00, 0x00, 0x00,
            0x0C, 0x00, 0x07, 0x00, 0x11, 0x00, 0x00, 0x00, 0x47, 0x05, 0x00, 0x00, 0x6D, 0x00, 0x00, 0x00,
            0x28, 0x00, 0x00, 0x00, 0x45, 0x05, 0x00, 0x00, 0x46, 0x05, 0x00, 0x00, 0x0C, 0x00, 0x07, 0x00,
            0x11, 0x00, 0x00, 0x00, 0x48, 0x05, 0x00, 0x00, 0x6D, 0x00, 0x00, 0x00, 0x28, 0x00, 0x00, 0x00,
            0x44, 0x05, 0x00, 0x00, 0x47, 0x05, 0x00, 0x00, 0x83, 0x00, 0x05, 0x00, 0x11, 0x00, 0x00, 0x00,
            0x49, 0x05, 0x00, 0x00, 0x55, 0x00, 0x00, 0x00, 0x48, 0x05, 0x00, 0x00, 0x83, 0x00, 0x05, 0x00,
            0x11, 0x00, 0x00, 0x00, 0x4A, 0x05, 0x00, 0x00, 0x55, 0x00, 0x00, 0x00, 0x3F, 0x05, 0x00, 0x00,
            0x85, 0x00, 0x05, 0x00, 0x11, 0x00, 0x00, 0x00, 0x4B, 0x05, 0x00, 0x00, 0x49, 0x05, 0x00, 0x00,
            0x4A, 0x05, 0x00, 0x00, 0x81, 0x00, 0x05, 0x00, 0x11, 0x00, 0x00, 0x00, 0x4C, 0x05, 0x00, 0x00,
            0x48, 0x05, 0x00, 0x00, 0x4B, 0x05, 0x00, 0x00, 0x88, 0x00, 0x05, 0x00, 0x11, 0x00, 0x00, 0x00,
            0x4D, 0x05, 0x00, 0x00, 0x48, 0x05, 0x00, 0x00, 0x4C, 0x05, 0x00, 0x00, 0xF9, 0x00, 0x02, 0x00,
            0x4E, 0x05, 0x00, 0x00, 0xF8, 0x00, 0x02, 0x00, 0x4E, 0x05, 0x00, 0x00, 0xF7, 0x00, 0x03, 0x00,
            0x8D, 0x05, 0x00, 0x00, 0x00, 0x00, 0x00, 0x00, 0xFB, 0x00, 0x03, 0x00, 0x67, 0x00, 0x00, 0x00,
            0x4F, 0x05, 0x00, 0x00, 0xF8, 0x00, 0x02, 0x00, 0x4F, 0x05, 0x00, 0x00, 0x3D, 0x00, 0x04, 0x00,
            0x05, 0x00, 0x00, 0x00, 0x50, 0x05, 0x00, 0x00, 0x07, 0x00, 0x00, 0x00, 0x84, 0x00, 0x05, 0x00,
            0x05, 0x00, 0x00, 0x00, 0x8A, 0x06, 0x00, 0x00, 0x50, 0x05, 0x00, 0x00, 0x38, 0x00, 0x00, 0x00,
            0x80, 0x00, 0x05, 0x00, 0x05, 0x00, 0x00, 0x00, 0x8B, 0x06, 0x00, 0x00, 0x8A, 0x06, 0x00, 0x00,
            0x3A, 0x00, 0x00, 0x00, 0xC2, 0x00, 0x05, 0x00, 0x05, 0x00, 0x00, 0x00, 0x8C, 0x06, 0x00, 0x00,
            0x8B, 0x06, 0x00, 0x00, 0x3C, 0x00, 0x00, 0x00, 0x80, 0x00, 0x05, 0x00, 0x05, 0x00, 0x00, 0x00,
            0x8D, 0x06, 0x00, 0x00, 0x8C, 0x06, 0x00, 0x00, 0x3E, 0x00, 0x00, 0x00, 0xC2, 0x00, 0x05, 0x00,
            0x05, 0x00, 0x00, 0x00, 0x8E, 0x06, 0x00, 0x00, 0x8B, 0x06, 0x00, 0x00, 0x8D, 0x06, 0x00, 0x00,
            0xC6, 0x00, 0x05, 0x00, 0x05, 0x00, 0x00, 0x00, 0x8F, 0x06, 0x00, 0x00, 0x8E, 0x06, 0x00, 0x00,
            0x8B, 0x06, 0x00, 0x00, 0x84, 0x00, 0x05, 0x00, 0x05, 0x00, 0x00, 0x00, 0x90, 0x06, 0x00, 0x00,
            0x8F, 0x06, 0x00, 0x00, 0x42, 0x00, 0x00, 0x00, 0xC2, 0x00, 0x05, 0x00, 0x05, 0x00, 0x00, 0x00,
            0x91, 0x06, 0x00, 0x00, 0x90, 0x06, 0x00, 0x00, 0x44, 0x00, 0x00, 0x00, 0xC6, 0x00, 0x05, 0x00,
            0x05, 0x00, 0x00, 0x00, 0x92, 0x06, 0x00, 0x00, 0x91, 0x06, 0x00, 0x00, 0x90, 0x06, 0x00, 0x00,
            0x3E, 0x00, 0x03, 0x00, 0x88, 0x06, 0x00, 0x00, 0x92, 0x06, 0x00, 0x00, 0x3D, 0x00, 0x04, 0x00,
            0x05, 0x00, 0x00, 0x00, 0x51, 0x05, 0x00, 0x00, 0x88, 0x06, 0x00, 0x00, 0x70, 0x00, 0x04, 0x00,
            0x11, 0x00, 0x00, 0x00, 0x52, 0x05, 0x00, 0x00, 0x51, 0x05, 0x00, 0x00, 0x85, 0x00, 0x05, 0x00,
            0x11, 0x00, 0x00, 0x00, 0x53, 0x05, 0x00, 0x00, 0x52, 0x05, 0x00, 0x00, 0xE5, 0x07, 0x00, 0x00,
            0x84, 0x00, 0x05, 0x00, 0x05, 0x00, 0x00, 0x00, 0x95, 0x06, 0x00, 0x00, 0x51, 0x05, 0x00, 0x00,
            0x38, 0x00, 0x00, 0x00, 0x80, 0x00, 0x05, 0x00, 0x05, 0x00, 0x00, 0x00, 0x96, 0x06, 0x00, 0x00,
            0x95, 0x06, 0x00, 0x00, 0x3A, 0x00, 0x00, 0x00, 0xC2, 0x00, 0x05, 0x00, 0x05, 0x00, 0x00, 0x00,
            0x97, 0x06, 0x00, 0x00, 0x96, 0x06, 0x00, 0x00, 0x3C, 0x00, 0x00, 0x00, 0x80, 0x00, 0x05, 0x00,
            0x05, 0x00, 0x00, 0x00, 0x98, 0x06, 0x00, 0x00, 0x97, 0x06, 0x00, 0x00, 0x3E, 0x00, 0x00, 0x00,
            0xC2, 0x00, 0x05, 0x00, 0x05, 0x00, 0x00, 0x00, 0x99, 0x06, 0x00, 0x00, 0x96, 0x06, 0x00, 0x00,
            0x98, 0x06, 0x00, 0x00, 0xC6, 0x00, 0x05, 0x00, 0x05, 0x00, 0x00, 0x00, 0x9A, 0x06, 0x00, 0x00,
            0x99, 0x06, 0x00, 0x00, 0x96, 0x06, 0x00, 0x00, 0x84, 0x00, 0x05, 0x00, 0x05, 0x00, 0x00, 0x00,
            0x9B, 0x06, 0x00, 0x00, 0x9A, 0x06, 0x00, 0x00, 0x42, 0x00, 0x00, 0x00, 0xC2, 0x00, 0x05, 0x00,
            0x05, 0x00, 0x00, 0x00, 0x9C, 0x06, 0x00, 0x00, 0x9B, 0x06, 0x00, 0x00, 0x44, 0x00, 0x00, 0x00,
            0xC6, 0x00, 0x05, 0x00, 0x05, 0x00, 0x00, 0x00, 0x9D, 0x06, 0x00, 0x00, 0x9C, 0x06, 0x00, 0x00,
            0x9B, 0x06, 0x00, 0x00, 0x3E, 0x00, 0x03, 0x00, 0x93, 0x06, 0x00, 0x00, 0x9D, 0x06, 0x00, 0x00,
            0x3D, 0x00, 0x04, 0x00, 0x05, 0x00, 0x00, 0x00, 0x54, 0x05, 0x00, 0x00, 0x93, 0x06, 0x00, 0x00,
            0x3E, 0x00, 0x03, 0x00, 0x07, 0x00, 0x00, 0x00, 0x54, 0x05, 0x00, 0x00, 0x70, 0x00, 0x04, 0x00,
            0x11, 0x00, 0x00, 0x00, 0x55, 0x05, 0x00, 0x00, 0x54, 0x05, 0x00, 0x00, 0x85, 0x00, 0x05, 0x00,
            0x11, 0x00, 0x00, 0x00, 0x56, 0x05, 0x00, 0x00, 0x55, 0x05, 0x00, 0x00, 0xE5, 0x07, 0x00, 0x00,
            0x0C, 0x00, 0x08, 0x00, 0x11, 0x00, 0x00, 0x00, 0x57, 0x05, 0x00, 0x00, 0x6D, 0x00, 0x00, 0x00,
            0x2E, 0x00, 0x00, 0x00, 0x52, 0x02, 0x00, 0x00, 0x53, 0x02, 0x00, 0x00, 0x53, 0x05, 0x00, 0x00,
            0x0C, 0x00, 0x08, 0x00, 0x11, 0x00, 0x00, 0x00, 0x58, 0x05, 0x00, 0x00, 0x6D, 0x00, 0x00, 0x00,
            0x2E, 0x00, 0x00, 0x00, 0x55, 0x02, 0x00, 0x00, 0x56, 0x02, 0x00, 0x00, 0x56, 0x05, 0x00, 0x00,
            0x50, 0x00, 0x06, 0x00, 0x60, 0x00, 0x00, 0x00, 0x59, 0x05, 0x00, 0x00, 0x57, 0x05, 0x00, 0x00,
            0x58, 0x02, 0x00, 0x00, 0x58, 0x05, 0x00, 0x00, 0x83, 0x00, 0x05, 0x00, 0x60, 0x00, 0x00, 0x00,
            0x5A, 0x05, 0x00, 0x00, 0x59, 0x05, 0x00, 0x00, 0xB7, 0x04, 0x00, 0x00, 0x0C, 0x00, 0x06, 0x00,
            0x11, 0x00, 0x00, 0x00, 0x5B, 0x05, 0x00, 0x00, 0x6D, 0x00, 0x00, 0x00, 0x42, 0x00, 0x00, 0x00,
            0x5A, 0x05, 0x00, 0x00, 0x50, 0x00, 0x06, 0x00, 0x60, 0x00, 0x00, 0x00, 0x5C, 0x05, 0x00, 0x00,
            0x5B, 0x05, 0x00, 0x00, 0x5B, 0x05, 0x00, 0x00, 0x5B, 0x05, 0x00, 0x00, 0x88, 0x00, 0x05, 0x00,
            0x60, 0x00, 0x00, 0x00, 0x5D, 0x05, 0x00, 0x00, 0x5A, 0x05, 0x00, 0x00, 0x5C, 0x05, 0x00, 0x00,
            0x3D, 0x00, 0x04, 0x00, 0x60, 0x00, 0x00, 0x00, 0x5E, 0x05, 0x00, 0x00, 0x60, 0x04, 0x00, 0x00,
            0x94, 0x00, 0x05, 0x00, 0x11, 0x00, 0x00, 0x00, 0x5F, 0x05, 0x00, 0x00, 0x5E, 0x05, 0x00, 0x00,
            0x5D, 0x05, 0x00, 0x00, 0xBC, 0x00, 0x05, 0x00, 0x1E, 0x00, 0x00, 0x00, 0x60, 0x05, 0x00, 0x00,
            0x5F, 0x05, 0x00, 0x00, 0x66, 0x00, 0x00, 0x00, 0xF7, 0x00, 0x03, 0x00, 0x62, 0x05, 0x00, 0x00,
            0x00, 0x00, 0x00, 0x00, 0xFA, 0x00, 0x04, 0x00, 0x60, 0x05, 0x00, 0x00, 0x61, 0x05, 0x00, 0x00,
            0x62, 0x05, 0x00, 0x00, 0xF8, 0x00, 0x02, 0x00, 0x61, 0x05, 0x00, 0x00, 0x3E, 0x00, 0x03, 0x00,
            0x62, 0x04, 0x00, 0x00, 0xCF, 0x00, 0x00, 0x00, 0xF9, 0x00, 0x02, 0x00, 0x8D, 0x05, 0x00, 0x00,
            0xF8, 0x00, 0x02, 0x00, 0x62, 0x05, 0x00, 0x00, 0x7F, 0x00, 0x04, 0x00, 0x60, 0x00, 0x00, 0x00,
            0x63, 0x05, 0x00, 0x00, 0x5D, 0x05, 0x00, 0x00, 0x94, 0x00, 0x05, 0x00, 0x11, 0x00, 0x00, 0x00,
            0x64, 0x05, 0x00, 0x00, 0x65, 0x02, 0x00, 0x00, 0x63, 0x05, 0x00, 0x00, 0x0C, 0x00, 0x07, 0x00,
            0x11, 0x00, 0x00, 0x00, 0x65, 0x05, 0x00, 0x00, 0x6D, 0x00, 0x00, 0x00, 0x28, 0x00, 0x00, 0x00,
            0x64, 0x05, 0x00, 0x00, 0x66, 0x00, 0x00, 0x00, 0xBC, 0x00, 0x05, 0x00, 0x1E, 0x00, 0x00, 0x00,
            0x66, 0x05, 0x00, 0x00, 0x65, 0x05, 0x00, 0x00, 0x66, 0x00, 0x00, 0x00, 0xF7, 0x00, 0x03, 0x00,
            0x68, 0x05, 0x00, 0x00, 0x00, 0x00, 0x00, 0x00, 0xFA, 0x00, 0x04, 0x00, 0x66, 0x05, 0x00, 0x00,
            0x67, 0x05, 0x00, 0x00, 0x68, 0x05, 0x00, 0x00, 0xF8, 0x00, 0x02, 0x00, 0x67, 0x05, 0x00, 0x00,
            0x3E, 0x00, 0x03, 0x00, 0x62, 0x04, 0x00, 0x00, 0xCF, 0x00, 0x00, 0x00, 0xF9, 0x00, 0x02, 0x00,
            0x8D, 0x05, 0x00, 0x00, 0xF8, 0x00, 0x02, 0x00, 0x68, 0x05, 0x00, 0x00, 0x94, 0x00, 0x05, 0x00,
            0x11, 0x00, 0x00, 0x00, 0x69, 0x05, 0x00, 0x00, 0xF0, 0x04, 0x00, 0x00, 0x5D, 0x05, 0x00, 0x00,
            0xBA, 0x00, 0x05, 0x00, 0x1E, 0x00, 0x00, 0x00, 0x6A, 0x05, 0x00, 0x00, 0x69, 0x05, 0x00, 0x00,
            0x66, 0x00, 0x00, 0x00, 0xF7, 0x00, 0x03, 0x00, 0x71, 0x05, 0x00, 0x00, 0x00, 0x00, 0x00, 0x00,
            0xFA, 0x00, 0x04, 0x00, 0x6A, 0x05, 0x00, 0x00, 0x6E, 0x05, 0x00, 0x00, 0x6B, 0x05, 0x00, 0x00,
            0xF8, 0x00, 0x02, 0x00, 0x6B, 0x05, 0x00, 0x00, 0x8E, 0x00, 0x05, 0x00, 0x60, 0x00, 0x00, 0x00,
            0x6C, 0x05, 0x00, 0x00, 0xF0, 0x04, 0x00, 0x00, 0xDE, 0x00, 0x00, 0x00, 0x83, 0x00, 0x05, 0x00,
            0x60, 0x00, 0x00, 0x00, 0x6D, 0x05, 0x00, 0x00, 0xB7, 0x04, 0x00, 0x00, 0x6C, 0x05, 0x00, 0x00,
            0x3E, 0x00, 0x03, 0x00, 0x62, 0x04, 0x00, 0x00, 0x6D, 0x05, 0x00, 0x00, 0xF9, 0x00, 0x02, 0x00,
            0x71, 0x05, 0x00, 0x00, 0xF8, 0x00, 0x02, 0x00, 0x6E, 0x05, 0x00, 0x00, 0x8E, 0x00, 0x05, 0x00,
            0x60, 0x00, 0x00, 0x00, 0x6F, 0x05, 0x00, 0x00, 0xF0, 0x04, 0x00, 0x00, 0xDE, 0x00, 0x00, 0x00,
            0x81, 0x00, 0x05, 0x00, 0x60, 0x00, 0x00, 0x00, 0x70, 0x05, 0x00, 0x00, 0xB7, 0x04, 0x00, 0x00,
            0x6F, 0x05, 0x00, 0x00, 0x3E, 0x00, 0x03, 0x00, 0x62, 0x04, 0x00, 0x00, 0x70, 0x05, 0x00, 0x00,
            0xF9, 0x00, 0x02, 0x00, 0x71, 0x05, 0x00, 0x00, 0xF8, 0x00, 0x02, 0x00, 0x71, 0x05, 0x00, 0x00,
            0x3D, 0x00, 0x04, 0x00, 0x60, 0x00, 0x00, 0x00, 0x72, 0x05, 0x00, 0x00, 0x62, 0x04, 0x00, 0x00,
            0xF7, 0x00, 0x03, 0x00, 0xBB, 0x06, 0x00, 0x00, 0x00, 0x00, 0x00, 0x00, 0xFB, 0x00, 0x03, 0x00,
            0xFD, 0x00, 0x00, 0x00, 0xA4, 0x06, 0x00, 0x00, 0xF8, 0x00, 0x02, 0x00, 0xA4, 0x06, 0x00, 0x00,
            0x3E, 0x00, 0x03, 0x00, 0xBB, 0x07, 0x00, 0x00, 0x72, 0x05, 0x00, 0x00, 0x3E, 0x00, 0x03, 0x00,
            0xBD, 0x07, 0x00, 0x00, 0x5D, 0x05, 0x00, 0x00, 0x3E, 0x00, 0x03, 0x00, 0xBC, 0x07, 0x00, 0x00,
            0xDE, 0x00, 0x00, 0x00, 0x83, 0x00, 0x05, 0x00, 0x11, 0x00, 0x00, 0x00, 0xA9, 0x06, 0x00, 0x00,
            0x5B, 0x05, 0x00, 0x00, 0x8B, 0x02, 0x00, 0x00, 0x3E, 0x00, 0x03, 0x00, 0xBE, 0x07, 0x00, 0x00,
            0xA9, 0x06, 0x00, 0x00, 0xBC, 0x00, 0x05, 0x00, 0x1E, 0x00, 0x00, 0x00, 0xAA, 0x06, 0x00, 0x00,
            0xA9, 0x06, 0x00, 0x00, 0xDE, 0x00, 0x00, 0x00, 0xF7, 0x00, 0x03, 0x00, 0xAC, 0x06, 0x00, 0x00,
            0x00, 0x00, 0x00, 0x00, 0xFA, 0x00, 0x04, 0x00, 0xAA, 0x06, 0x00, 0x00, 0xAB, 0x06, 0x00, 0x00,
            0xAC, 0x06, 0x00, 0x00, 0xF8, 0x00, 0x02, 0x00, 0xAB, 0x06, 0x00, 0x00, 0x3E, 0x00, 0x03, 0x00,
            0x9F, 0x06, 0x00, 0x00, 0x8F, 0x02, 0x00, 0x00, 0xF9, 0x00, 0x02, 0x00, 0xBB, 0x06, 0x00, 0x00,
            0xF8, 0x00, 0x02, 0x00, 0xAC, 0x06, 0x00, 0x00, 0x41, 0x00, 0x05, 0x00, 0xE5, 0x00, 0x00, 0x00,
            0xAD, 0x06, 0x00, 0x00, 0x15, 0x00, 0x00, 0x00, 0xE4, 0x00, 0x00, 0x00, 0x3D, 0x00, 0x04, 0x00,
            0x0E, 0x00, 0x00, 0x00, 0xAE, 0x06, 0x00, 0x00, 0xAD, 0x06, 0x00, 0x00, 0x51, 0x00, 0x05, 0x00,
            0x05, 0x00, 0x00, 0x00, 0xAF, 0x06, 0x00, 0x00, 0xAE, 0x06, 0x00, 0x00, 0x00, 0x00, 0x00, 0x00,
            0x43, 0x11, 0x06, 0x00, 0xE9, 0x00, 0x00, 0x00, 0xB0, 0x06, 0x00, 0x00, 0xEB, 0x00, 0x00, 0x00,
            0xED, 0x00, 0x00, 0x00, 0xAF, 0x06, 0x00, 0x00, 0x3D, 0x00, 0x04, 0x00, 0xEA, 0x00, 0x00, 0x00,
            0xB1, 0x06, 0x00, 0x00, 0xB0, 0x06, 0x00, 0x00, 0x5F, 0x11, 0x04, 0x00, 0xEF, 0x00, 0x00, 0x00,
            0xB2, 0x06, 0x00, 0x00, 0xB1, 0x06, 0x00, 0x00, 0x3D, 0x00, 0x04, 0x00, 0x11, 0x00, 0x00, 0x00,
            0xC2, 0x07, 0x00, 0x00, 0xBE, 0x07, 0x00, 0x00, 0x3D, 0x00, 0x04, 0x00, 0x60, 0x00, 0x00, 0x00,
            0xC1, 0x07, 0x00, 0x00, 0xBD, 0x07, 0x00, 0x00, 0x3D, 0x00, 0x04, 0x00, 0x11, 0x00, 0x00, 0x00,
            0xC0, 0x07, 0x00, 0x00, 0xBC, 0x07, 0x00, 0x00, 0x3D, 0x00, 0x04, 0x00, 0x60, 0x00, 0x00, 0x00,
            0xBF, 0x07, 0x00, 0x00, 0xBB, 0x07, 0x00, 0x00, 0x79, 0x11, 0x09, 0x00, 0xA1, 0x06, 0x00, 0x00,
            0xB2, 0x06, 0x00, 0x00, 0x9C, 0x02, 0x00, 0x00, 0xF7, 0x00, 0x00, 0x00, 0xBF, 0x07, 0x00, 0x00,
            0xC0, 0x07, 0x00, 0x00, 0xC1, 0x07, 0x00, 0x00, 0xC2, 0x07, 0x00, 0x00, 0x7D, 0x11, 0x04, 0x00,
            0x1E, 0x00, 0x00, 0x00, 0xB8, 0x06, 0x00, 0x00, 0xA1, 0x06, 0x00, 0x00, 0x7F, 0x11, 0x05, 0x00,
            0x05, 0x00, 0x00, 0x00, 0xB9, 0x06, 0x00, 0x00, 0xA1, 0x06, 0x00, 0x00, 0xFB, 0x00, 0x00, 0x00,
            0xAB, 0x00, 0x05, 0x00, 0x1E, 0x00, 0x00, 0x00, 0xBA, 0x06, 0x00, 0x00, 0xB9, 0x06, 0x00, 0x00,
            0xFD, 0x00, 0x00, 0x00, 0x3E, 0x00, 0x03, 0x00, 0x9F, 0x06, 0x00, 0x00, 0xBA, 0x06, 0x00, 0x00,
            0xF9, 0x00, 0x02, 0x00, 0xBB, 0x06, 0x00, 0x00, 0xF8, 0x00, 0x02, 0x00, 0xBB, 0x06, 0x00, 0x00,
            0x3D, 0x00, 0x04, 0x00, 0x1E, 0x00, 0x00, 0x00, 0xBC, 0x06, 0x00, 0x00, 0x9F, 0x06, 0x00, 0x00,
            0x3E, 0x00, 0x03, 0x00, 0xA2, 0x06, 0x00, 0x00, 0xBC, 0x06, 0x00, 0x00, 0x3D, 0x00, 0x04, 0x00,
            0x1E, 0x00, 0x00, 0x00, 0x73, 0x05, 0x00, 0x00, 0xA2, 0x06, 0x00, 0x00, 0xF7, 0x00, 0x03, 0x00,
            0x75, 0x05, 0x00, 0x00, 0x00, 0x00, 0x00, 0x00, 0xFA, 0x00, 0x04, 0x00, 0x73, 0x05, 0x00, 0x00,
            0x74, 0x05, 0x00, 0x00, 0x75, 0x05, 0x00, 0x00, 0xF8, 0x00, 0x02, 0x00, 0x74, 0x05, 0x00, 0x00,
            0x3E, 0x00, 0x03, 0x00, 0x62, 0x04, 0x00, 0x00, 0xCF, 0x00, 0x00, 0x00, 0xF9, 0x00, 0x02, 0x00,
            0x8D, 0x05, 0x00, 0x00, 0xF8, 0x00, 0x02, 0x00, 0x75, 0x05, 0x00, 0x00, 0x3D, 0x00, 0x04, 0x00,
            0x0E, 0x00, 0x00, 0x00, 0x76, 0x05, 0x00, 0x00, 0xF8, 0x04, 0x00, 0x00, 0x51, 0x00, 0x05, 0x00,
            0x05, 0x00, 0x00, 0x00, 0x77, 0x05, 0x00, 0x00, 0x76, 0x05, 0x00, 0x00, 0x00, 0x00, 0x00, 0x00,
            0x43, 0x11, 0x06, 0x00, 0xE9, 0x00, 0x00, 0x00, 0x78, 0x05, 0x00, 0x00, 0x5D, 0x01, 0x00, 0x00,
            0xED, 0x00, 0x00, 0x00, 0x77, 0x05, 0x00, 0x00, 0xFF, 0x13, 0x04, 0x00, 0xBD, 0x01, 0x00, 0x00,
            0x79, 0x05, 0x00, 0x00, 0x78, 0x05, 0x00, 0x00, 0x41, 0x00, 0x06, 0x00, 0xC9, 0x01, 0x00, 0x00,
            0x7A, 0x05, 0x00, 0x00, 0x79, 0x05, 0x00, 0x00, 0x67, 0x00, 0x00, 0x00, 0xE0, 0x00, 0x00, 0x00,
            0x41, 0x00, 0x05, 0x00, 0xEC, 0x07, 0x00, 0x00, 0xF9, 0x07, 0x00, 0x00, 0x7A, 0x05, 0x00, 0x00,
            0xFD, 0x00, 0x00, 0x00, 0x3D, 0x00, 0x04, 0x00, 0x12, 0x00, 0x00, 0x00, 0xFA, 0x07, 0x00, 0x00,
            0xF9, 0x07, 0x00, 0x00, 0x3E, 0x00, 0x03, 0x00, 0xDA, 0x07, 0x00, 0x00, 0xFA, 0x07, 0x00, 0x00,
            0x3D, 0x00, 0x04, 0x00, 0x12, 0x00, 0x00, 0x00, 0xC0, 0x06, 0x00, 0x00, 0xDA, 0x07, 0x00, 0x00,
            0x4F, 0x00, 0x08, 0x00, 0x60, 0x00, 0x00, 0x00, 0xC1, 0x06, 0x00, 0x00, 0xC0, 0x06, 0x00, 0x00,
            0xC0, 0x06, 0x00, 0x00, 0x00, 0x00, 0x00, 0x00, 0x01, 0x00, 0x00, 0x00, 0x02, 0x00, 0x00, 0x00,
            0x3E, 0x00, 0x03, 0x00, 0xBD, 0x06, 0x00, 0x00, 0xC1, 0x06, 0x00, 0x00, 0x3D, 0x00, 0x04, 0x00,
            0x60, 0x00, 0x00, 0x00, 0x7D, 0x05, 0x00, 0x00, 0xBD, 0x06, 0x00, 0x00, 0x3D, 0x00, 0x04, 0x00,
            0x12, 0x00, 0x00, 0x00, 0xC5, 0x06, 0x00, 0x00, 0xDA, 0x07, 0x00, 0x00, 0x51, 0x00, 0x05, 0x00,
            0x11, 0x00, 0x00, 0x00, 0xC6, 0x06, 0x00, 0x00, 0xC5, 0x06, 0x00, 0x00, 0x03, 0x00, 0x00, 0x00,
            0x3E, 0x00, 0x03, 0x00, 0xC2, 0x06, 0x00, 0x00, 0xC6, 0x06, 0x00, 0x00, 0x3D, 0x00, 0x04, 0x00,
            0x11, 0x00, 0x00, 0x00, 0x7E, 0x05, 0x00, 0x00, 0xC2, 0x06, 0x00, 0x00, 0x8E, 0x00, 0x05, 0x00,
            0x60, 0x00, 0x00, 0x00, 0x7F, 0x05, 0x00, 0x00, 0x7D, 0x05, 0x00, 0x00, 0x7E, 0x05, 0x00, 0x00,
            0x85, 0x00, 0x05, 0x00, 0x11, 0x00, 0x00, 0x00, 0x80, 0x05, 0x00, 0x00, 0x5B, 0x05, 0x00, 0x00,
            0x5B, 0x05, 0x00, 0x00, 0x85, 0x00, 0x05, 0x00, 0x11, 0x00, 0x00, 0x00, 0x81, 0x05, 0x00, 0x00,
            0x65, 0x05, 0x00, 0x00, 0xB2, 0x02, 0x00, 0x00, 0x88, 0x00, 0x05, 0x00, 0x11, 0x00, 0x00, 0x00,
            0x82, 0x05, 0x00, 0x00, 0x80, 0x05, 0x00, 0x00, 0x81, 0x05, 0x00, 0x00, 0x3D, 0x00, 0x04, 0x00,
            0x60, 0x00, 0x00, 0x00, 0x83, 0x05, 0x00, 0x00, 0x60, 0x04, 0x00, 0x00, 0xF7, 0x00, 0x03, 0x00,
            0xE9, 0x06, 0x00, 0x00, 0x00, 0x00, 0x00, 0x00, 0xFB, 0x00, 0x03, 0x00, 0xFD, 0x00, 0x00, 0x00,
            0xCB, 0x06, 0x00, 0x00, 0xF8, 0x00, 0x02, 0x00, 0xCB, 0x06, 0x00, 0x00, 0x94, 0x00, 0x05, 0x00,
            0x11, 0x00, 0x00, 0x00, 0xCC, 0x06, 0x00, 0x00, 0x83, 0x05, 0x00, 0x00, 0x5D, 0x05, 0x00, 0x00,
            0x0C, 0x00, 0x07, 0x00, 0x11, 0x00, 0x00, 0x00, 0xCD, 0x06, 0x00, 0x00, 0x6D, 0x00, 0x00, 0x00,
            0x28, 0x00, 0x00, 0x00, 0xCC, 0x06, 0x00, 0x00, 0x66, 0x00, 0x00, 0x00, 0xBC, 0x00, 0x05, 0x00,
            0x1E, 0x00, 0x00, 0x00, 0xCE, 0x06, 0x00, 0x00, 0xCD, 0x06, 0x00, 0x00, 0x66, 0x00, 0x00, 0x00,
            0xF7, 0x00, 0x03, 0x00, 0xD0, 0x06, 0x00, 0x00, 0x00, 0x00, 0x00, 0x00, 0xFA, 0x00, 0x04, 0x00,
            0xCE, 0x06, 0x00, 0x00, 0xCF, 0x06, 0x00, 0x00, 0xD0, 0x06, 0x00, 0x00, 0xF8, 0x00, 0x02, 0x00,
            0xCF, 0x06, 0x00, 0x00, 0x3E, 0x00, 0x03, 0x00, 0xC8, 0x06, 0x00, 0x00, 0x66, 0x00, 0x00, 0x00,
            0xF9, 0x00, 0x02, 0x00, 0xE9, 0x06, 0x00, 0x00, 0xF8, 0x00, 0x02, 0x00, 0xD0, 0x06, 0x00, 0x00,
            0x83, 0x00, 0x05, 0x00, 0x60, 0x00, 0x00, 0x00, 0xD1, 0x06, 0x00, 0x00, 0x5D, 0x05, 0x00, 0x00,
            0x3C, 0x05, 0x00, 0x00, 0x0C, 0x00, 0x06, 0x00, 0x60, 0x00, 0x00, 0x00, 0xD2, 0x06, 0x00, 0x00,
            0x6D, 0x00, 0x00, 0x00, 0x45, 0x00, 0x00, 0x00, 0xD1, 0x06, 0x00, 0x00, 0x94, 0x00, 0x05, 0x00,
            0x11, 0x00, 0x00, 0x00, 0xD3, 0x06, 0x00, 0x00, 0x83, 0x05, 0x00, 0x00, 0xD2, 0x06, 0x00, 0x00,
            0x0C, 0x00, 0x07, 0x00, 0x11, 0x00, 0x00, 0x00, 0xD4, 0x06, 0x00, 0x00, 0x6D, 0x00, 0x00, 0x00,
            0x28, 0x00, 0x00, 0x00, 0xD3, 0x06, 0x00, 0x00, 0x66, 0x00, 0x00, 0x00, 0x94, 0x00, 0x05, 0x00,
            0x11, 0x00, 0x00, 0x00, 0xD5, 0x06, 0x00, 0x00, 0xD2, 0x06, 0x00, 0x00, 0x3D, 0x05, 0x00, 0x00,
            0x0C, 0x00, 0x07, 0x00, 0x11, 0x00, 0x00, 0x00, 0xD6, 0x06, 0x00, 0x00, 0x6D, 0x00, 0x00, 0x00,
            0x28, 0x00, 0x00, 0x00, 0xD5, 0x06, 0x00, 0x00, 0x66, 0x00, 0x00, 0x00, 0x85, 0x00, 0x05, 0x00,
            0x11, 0x00, 0x00, 0x00, 0xD7, 0x06, 0x00, 0x00, 0x43, 0x05, 0x00, 0x00, 0x43, 0x05, 0x00, 0x00,
            0x85, 0x00, 0x05, 0x00, 0x11, 0x00, 0x00, 0x00, 0xD8, 0x06, 0x00, 0x00, 0xD7, 0x06, 0x00, 0x00,
            0xD7, 0x06, 0x00, 0x00, 0x85, 0x00, 0x05, 0x00, 0x11, 0x00, 0x00, 0x00, 0xD9, 0x06, 0x00, 0x00,
            0xD4, 0x06, 0x00, 0x00, 0xD4, 0x06, 0x00, 0x00, 0x83, 0x00, 0x05, 0x00, 0x11, 0x00, 0x00, 0x00,
            0xDA, 0x06, 0x00, 0x00, 0xD8, 0x06, 0x00, 0x00, 0x55, 0x00, 0x00, 0x00, 0x85, 0x00, 0x05, 0x00,
            0x11, 0x00, 0x00, 0x00, 0xDB, 0x06, 0x00, 0x00, 0xD9, 0x06, 0x00, 0x00, 0xDA, 0x06, 0x00, 0x00,
            0x81, 0x00, 0x05, 0x00, 0x11, 0x00, 0x00, 0x00, 0xDC, 0x06, 0x00, 0x00, 0xDB, 0x06, 0x00, 0x00,
            0x55, 0x00, 0x00, 0x00, 0x85, 0x00, 0x05, 0x00, 0x11, 0x00, 0x00, 0x00, 0xDD, 0x06, 0x00, 0x00,
            0xD2, 0x02, 0x00, 0x00, 0xDC, 0x06, 0x00, 0x00, 0x85, 0x00, 0x05, 0x00, 0x11, 0x00, 0x00, 0x00,
            0xDE, 0x06, 0x00, 0x00, 0xDD, 0x06, 0x00, 0x00, 0xDC, 0x06, 0x00, 0x00, 0x88, 0x00, 0x05, 0x00,
            0x11, 0x00, 0x00, 0x00, 0xDF, 0x06, 0x00, 0x00, 0xD8, 0x06, 0x00, 0x00, 0xDE, 0x06, 0x00, 0x00,
            0x85, 0x00, 0x05, 0x00, 0x11, 0x00, 0x00, 0x00, 0xE0, 0x06, 0x00, 0x00, 0xDF, 0x06, 0x00, 0x00,
            0xD4, 0x06, 0x00, 0x00, 0x85, 0x00, 0x05, 0x00, 0x11, 0x00, 0x00, 0x00, 0xE1, 0x06, 0x00, 0x00,
            0xD7, 0x02, 0x00, 0x00, 0xD6, 0x06, 0x00, 0x00, 0x81, 0x00, 0x05, 0x00, 0x11, 0x00, 0x00, 0x00,
            0xE2, 0x06, 0x00, 0x00, 0xE1, 0x06, 0x00, 0x00, 0xD9, 0x02, 0x00, 0x00, 0x88, 0x00, 0x05, 0x00,
            0x11, 0x00, 0x00, 0x00, 0xE3, 0x06, 0x00, 0x00, 0xE0, 0x06, 0x00, 0x00, 0xE2, 0x06, 0x00, 0x00,
            0x85, 0x00, 0x05, 0x00, 0x11, 0x00, 0x00, 0x00, 0xE4, 0x06, 0x00, 0x00, 0xCD, 0x06, 0x00, 0x00,
            0xE7, 0x07, 0x00, 0x00, 0x85, 0x00, 0x05, 0x00, 0x11, 0x00, 0x00, 0x00, 0xE5, 0x06, 0x00, 0x00,
            0x4D, 0x05, 0x00, 0x00, 0xE3, 0x06, 0x00, 0x00, 0x83, 0x00, 0x05, 0x00, 0x11, 0x00, 0x00, 0x00,
            0xE6, 0x06, 0x00, 0x00, 0x55, 0x00, 0x00, 0x00, 0x4D, 0x05, 0x00, 0x00, 0x85, 0x00, 0x05, 0x00,
            0x11, 0x00, 0x00, 0x00, 0xE7, 0x06, 0x00, 0x00, 0xE6, 0x06, 0x00, 0x00, 0xE4, 0x06, 0x00, 0x00,
            0x81, 0x00, 0x05, 0x00, 0x11, 0x00, 0x00, 0x00, 0xE8, 0x06, 0x00, 0x00, 0xE5, 0x06, 0x00, 0x00,
            0xE7, 0x06, 0x00, 0x00, 0x3E, 0x00, 0x03, 0x00, 0xC8, 0x06, 0x00, 0x00, 0xE8, 0x06, 0x00, 0x00,
            0xF9, 0x00, 0x02, 0x00, 0xE9, 0x06, 0x00, 0x00, 0xF8, 0x00, 0x02, 0x00, 0xE9, 0x06, 0x00, 0x00,
            0x3D, 0x00, 0x04, 0x00, 0x11, 0x00, 0x00, 0x00, 0xEA, 0x06, 0x00, 0x00, 0xC8, 0x06, 0x00, 0x00,
            0x3E, 0x00, 0x03, 0x00, 0xC9, 0x06, 0x00, 0x00, 0xEA, 0x06, 0x00, 0x00, 0x3D, 0x00, 0x04, 0x00,
            0x11, 0x00, 0x00, 0x00, 0x84, 0x05, 0x00, 0x00, 0xC9, 0x06, 0x00, 0x00, 0x85, 0x00, 0x05, 0x00,
            0x11, 0x00, 0x00, 0x00, 0xED, 0x06, 0x00, 0x00, 0x82, 0x05, 0x00, 0x00, 0x82, 0x05, 0x00, 0x00,
            0x85, 0x00, 0x05, 0x00, 0x11, 0x00, 0x00, 0x00, 0xEE, 0x06, 0x00, 0x00, 0x84, 0x05, 0x00, 0x00,
            0x84, 0x05, 0x00, 0x00, 0x81, 0x00, 0x05, 0x00, 0x11, 0x00, 0x00, 0x00, 0xEF, 0x06, 0x00, 0x00,
            0xED, 0x06, 0x00, 0x00, 0xEE, 0x06, 0x00, 0x00, 0x81, 0x00, 0x05, 0x00, 0x11, 0x00, 0x00, 0x00,
            0xF0, 0x06, 0x00, 0x00, 0xEF, 0x06, 0x00, 0x00, 0xD9, 0x02, 0x00, 0x00, 0x88, 0x00, 0x05, 0x00,
            0x11, 0x00, 0x00, 0x00, 0xF1, 0x06, 0x00, 0x00, 0xED, 0x06, 0x00, 0x00, 0xF0, 0x06, 0x00, 0x00,
            0x3E, 0x00, 0x03, 0x00, 0xEB, 0x06, 0x00, 0x00, 0xF1, 0x06, 0x00, 0x00, 0x3D, 0x00, 0x04, 0x00,
            0x11, 0x00, 0x00, 0x00, 0x85, 0x05, 0x00, 0x00, 0xEB, 0x06, 0x00, 0x00, 0x3D, 0x00, 0x04, 0x00,
            0x60, 0x00, 0x00, 0x00, 0x86, 0x05, 0x00, 0x00, 0x60, 0x04, 0x00, 0x00, 0x3D, 0x00, 0x04, 0x00,
            0x12, 0x00, 0x00, 0x00, 0x19, 0x07, 0x00, 0x00, 0xD7, 0x07, 0x00, 0x00, 0x51, 0x00, 0x05, 0x00,
            0x11, 0x00, 0x00, 0x00, 0x1A, 0x07, 0x00, 0x00, 0x19, 0x07, 0x00, 0x00, 0x01, 0x00, 0x00, 0x00,
            0x3E, 0x00, 0x03, 0x00, 0x16, 0x07, 0x00, 0x00, 0x1A, 0x07, 0x00, 0x00, 0x3D, 0x00, 0x04, 0x00,
            0x11, 0x00, 0x00, 0x00, 0xF4, 0x06, 0x00, 0x00, 0x16, 0x07, 0x00, 0x00, 0x0C, 0x00, 0x07, 0x00,
            0x11, 0x00, 0x00, 0x00, 0xF5, 0x06, 0x00, 0x00, 0x6D, 0x00, 0x00, 0x00, 0x28, 0x00, 0x00, 0x00,
            0xF4, 0x06, 0x00, 0x00, 0x34, 0x02, 0x00, 0x00, 0x94, 0x00, 0x05, 0x00, 0x11, 0x00, 0x00, 0x00,
            0xF6, 0x06, 0x00, 0x00, 0x86, 0x05, 0x00, 0x00, 0x5D, 0x05, 0x00, 0x00, 0x0C, 0x00, 0x07, 0x00,
            0x11, 0x00, 0x00, 0x00, 0xF7, 0x06, 0x00, 0x00, 0x6D, 0x00, 0x00, 0x00, 0x28, 0x00, 0x00, 0x00,
            0xF6, 0x06, 0x00, 0x00, 0x66, 0x00, 0x00, 0x00, 0x94, 0x00, 0x05, 0x00, 0x11, 0x00, 0x00, 0x00,
            0xF8, 0x06, 0x00, 0x00, 0x86, 0x05, 0x00, 0x00, 0x3D, 0x05, 0x00, 0x00, 0x0C, 0x00, 0x07, 0x00,
            0x11, 0x00, 0x00, 0x00, 0xF9, 0x06, 0x00, 0x00, 0x6D, 0x00, 0x00, 0x00, 0x28, 0x00, 0x00, 0x00,
            0xF8, 0x06, 0x00, 0x00, 0xDE, 0x00, 0x00, 0x00, 0x83, 0x00, 0x05, 0x00, 0x60, 0x00, 0x00, 0x00,
            0xFA, 0x06, 0x00, 0x00, 0x5D, 0x05, 0x00, 0x00, 0x3C, 0x05, 0x00, 0x00, 0x0C, 0x00, 0x06, 0x00,
            0x60, 0x00, 0x00, 0x00, 0xFB, 0x06, 0x00, 0x00, 0x6D, 0x00, 0x00, 0x00, 0x45, 0x00, 0x00, 0x00,
            0xFA, 0x06, 0x00, 0x00, 0x94, 0x00, 0x05, 0x00, 0x11, 0x00, 0x00, 0x00, 0xFC, 0x06, 0x00, 0x00,
            0x86, 0x05, 0x00, 0x00, 0xFB, 0x06, 0x00, 0x00, 0x0C, 0x00, 0x07, 0x00, 0x11, 0x00, 0x00, 0x00,
            0xFD, 0x06, 0x00, 0x00, 0x6D, 0x00, 0x00, 0x00, 0x28, 0x00, 0x00, 0x00, 0xFC, 0x06, 0x00, 0x00,
            0x66, 0x00, 0x00, 0x00, 0x94, 0x00, 0x05, 0x00, 0x11, 0x00, 0x00, 0x00, 0xFE, 0x06, 0x00, 0x00,
            0xFB, 0x06, 0x00, 0x00, 0x3D, 0x05, 0x00, 0x00, 0x0C, 0x00, 0x07, 0x00, 0x11, 0x00, 0x00, 0x00,
            0xFF, 0x06, 0x00, 0x00, 0x6D, 0x00, 0x00, 0x00, 0x28, 0x00, 0x00, 0x00, 0xFE, 0x06, 0x00, 0x00,
            0x66, 0x00, 0x00, 0x00, 0x3D, 0x00, 0x04, 0x00, 0x12, 0x00, 0x00, 0x00, 0x1E, 0x07, 0x00, 0x00,
            0xD6, 0x07, 0x00, 0x00, 0x4F, 0x00, 0x08, 0x00, 0x60, 0x00, 0x00, 0x00, 0x1F, 0x07, 0x00, 0x00,
            0x1E, 0x07, 0x00, 0x00, 0x1E, 0x07, 0x00, 0x00, 0x00, 0x00, 0x00, 0x00, 0x01, 0x00, 0x00, 0x00,
            0x02, 0x00, 0x00, 0x00, 0x3E, 0x00, 0x03, 0x00, 0x1B, 0x07, 0x00, 0x00, 0x1F, 0x07, 0x00, 0x00,
            0x3D, 0x00, 0x04, 0x00, 0x60, 0x00, 0x00, 0x00, 0x00, 0x07, 0x00, 0x00, 0x1B, 0x07, 0x00, 0x00,
            0x3D, 0x00, 0x04, 0x00, 0x12, 0x00, 0x00, 0x00, 0x23, 0x07, 0x00, 0x00, 0xD7, 0x07, 0x00, 0x00,
            0x51, 0x00, 0x05, 0x00, 0x11, 0x00, 0x00, 0x00, 0x24, 0x07, 0x00, 0x00, 0x23, 0x07, 0x00, 0x00,
            0x00, 0x00, 0x00, 0x00, 0x3E, 0x00, 0x03, 0x00, 0x20, 0x07, 0x00, 0x00, 0x24, 0x07, 0x00, 0x00,
            0x3D, 0x00, 0x04, 0x00, 0x11, 0x00, 0x00, 0x00, 0x01, 0x07, 0x00, 0x00, 0x20, 0x07, 0x00, 0x00,
            0x50, 0x00, 0x06, 0x00, 0x60, 0x00, 0x00, 0x00, 0x02, 0x07, 0x00, 0x00, 0x01, 0x07, 0x00, 0x00,
            0x01, 0x07, 0x00, 0x00, 0x01, 0x07, 0x00, 0x00, 0x0C, 0x00, 0x08, 0x00, 0x60, 0x00, 0x00, 0x00,
            0x03, 0x07, 0x00, 0x00, 0x6D, 0x00, 0x00, 0x00, 0x2E, 0x00, 0x00, 0x00, 0x1B, 0x03, 0x00, 0x00,
            0x00, 0x07, 0x00, 0x00, 0x02, 0x07, 0x00, 0x00, 0x85, 0x00, 0x05, 0x00, 0x11, 0x00, 0x00, 0x00,
            0x27, 0x07, 0x00, 0x00, 0xF5, 0x06, 0x00, 0x00, 0xF5, 0x06, 0x00, 0x00, 0x85, 0x00, 0x05, 0x00,
            0x11, 0x00, 0x00, 0x00, 0x28, 0x07, 0x00, 0x00, 0x27, 0x07, 0x00, 0x00, 0x27, 0x07, 0x00, 0x00,
            0x85, 0x00, 0x05, 0x00, 0x11, 0x00, 0x00, 0x00, 0x29, 0x07, 0x00, 0x00, 0xFD, 0x06, 0x00, 0x00,
            0xFD, 0x06, 0x00, 0x00, 0x83, 0x00, 0x05, 0x00, 0x11, 0x00, 0x00, 0x00, 0x2A, 0x07, 0x00, 0x00,
            0x28, 0x07, 0x00, 0x00, 0x55, 0x00, 0x00, 0x00, 0x85, 0x00, 0x05, 0x00, 0x11, 0x00, 0x00, 0x00,
            0x2B, 0x07, 0x00, 0x00, 0x29, 0x07, 0x00, 0x00, 0x2A, 0x07, 0x00, 0x00, 0x81, 0x00, 0x05, 0x00,
            0x11, 0x00, 0x00, 0x00, 0x2C, 0x07, 0x00, 0x00, 0x2B, 0x07, 0x00, 0x00, 0x55, 0x00, 0x00, 0x00,
            0x85, 0x00, 0x05, 0x00, 0x11, 0x00, 0x00, 0x00, 0x2D, 0x07, 0x00, 0x00, 0xD2, 0x02, 0x00, 0x00,
            0x2C, 0x07, 0x00, 0x00, 0x85, 0x00, 0x05, 0x00, 0x11, 0x00, 0x00, 0x00, 0x2E, 0x07, 0x00, 0x00,
            0x2D, 0x07, 0x00, 0x00, 0x2C, 0x07, 0x00, 0x00, 0x88, 0x00, 0x05, 0x00, 0x11, 0x00, 0x00, 0x00,
            0x2F, 0x07, 0x00, 0x00, 0x28, 0x07, 0x00, 0x00, 0x2E, 0x07, 0x00, 0x00, 0x3E, 0x00, 0x03, 0x00,
            0x25, 0x07, 0x00, 0x00, 0x2F, 0x07, 0x00, 0x00, 0x3D, 0x00, 0x04, 0x00, 0x11, 0x00, 0x00, 0x00,
            0x04, 0x07, 0x00, 0x00, 0x25, 0x07, 0x00, 0x00, 0x81, 0x00, 0x05, 0x00, 0x11, 0x00, 0x00, 0x00,
            0x37, 0x07, 0x00, 0x00, 0xF5, 0x06, 0x00, 0x00, 0x55, 0x00, 0x00, 0x00, 0x85, 0x00, 0x05, 0x00,
            0x11, 0x00, 0x00, 0x00, 0x38, 0x07, 0x00, 0x00, 0x37, 0x07, 0x00, 0x00, 0x37, 0x07, 0x00, 0x00,
            0x85, 0x00, 0x05, 0x00, 0x11, 0x00, 0x00, 0x00, 0x39, 0x07, 0x00, 0x00, 0x38, 0x07, 0x00, 0x00,
            0xE8, 0x07, 0x00, 0x00, 0x83, 0x00, 0x05, 0x00, 0x11, 0x00, 0x00, 0x00, 0x3A, 0x07, 0x00, 0x00,
            0x55, 0x00, 0x00, 0x00, 0x39, 0x07, 0x00, 0x00, 0x85, 0x00, 0x05, 0x00, 0x11, 0x00, 0x00, 0x00,
            0x3B, 0x07, 0x00, 0x00, 0xF9, 0x06, 0x00, 0x00, 0x3A, 0x07, 0x00, 0x00, 0x81, 0x00, 0x05, 0x00,
            0x11, 0x00, 0x00, 0x00, 0x3C, 0x07, 0x00, 0x00, 0x3B, 0x07, 0x00, 0x00, 0x39, 0x07, 0x00, 0x00,
            0x88, 0x00, 0x05, 0x00, 0x11, 0x00, 0x00, 0x00, 0x3D, 0x07, 0x00, 0x00, 0xF9, 0x06, 0x00, 0x00,
            0x3C, 0x07, 0x00, 0x00, 0x3E, 0x00, 0x03, 0x00, 0x35, 0x07, 0x00, 0x00, 0x3D, 0x07, 0x00, 0x00,
            0x3D, 0x00, 0x04, 0x00, 0x11, 0x00, 0x00, 0x00, 0x32, 0x07, 0x00, 0x00, 0x35, 0x07, 0x00, 0x00,
            0x81, 0x00, 0x05, 0x00, 0x11, 0x00, 0x00, 0x00, 0x40, 0x07, 0x00, 0x00, 0xF5, 0x06, 0x00, 0x00,
            0x55, 0x00, 0x00, 0x00, 0x85, 0x00, 0x05, 0x00, 0x11, 0x00, 0x00, 0x00, 0x41, 0x07, 0x00, 0x00,
            0x40, 0x07, 0x00, 0x00, 0x40, 0x07, 0x00, 0x00, 0x85, 0x00, 0x05, 0x00, 0x11, 0x00, 0x00, 0x00,
            0x42, 0x07, 0x00, 0x00, 0x41, 0x07, 0x00, 0x00, 0xE8, 0x07, 0x00, 0x00, 0x83, 0x00, 0x05, 0x00,
            0x11, 0x00, 0x00, 0x00, 0x43, 0x07, 0x00, 0x00, 0x55, 0x00, 0x00, 0x00, 0x42, 0x07, 0x00, 0x00,
            0x85, 0x00, 0x05, 0x00, 0x11, 0x00, 0x00, 0x00, 0x44, 0x07, 0x00, 0x00, 0xF7, 0x06, 0x00, 0x00,
            0x43, 0x07, 0x00, 0x00, 0x81, 0x00, 0x05, 0x00, 0x11, 0x00, 0x00, 0x00, 0x45, 0x07, 0x00, 0x00,
            0x44, 0x07, 0x00, 0x00, 0x42, 0x07, 0x00, 0x00, 0x88, 0x00, 0x05, 0x00, 0x11, 0x00, 0x00, 0x00,
            0x46, 0x07, 0x00, 0x00, 0xF7, 0x06, 0x00, 0x00, 0x45, 0x07, 0x00, 0x00, 0x3E, 0x00, 0x03, 0x00,
            0x3E, 0x07, 0x00, 0x00, 0x46, 0x07, 0x00, 0x00, 0x3D, 0x00, 0x04, 0x00, 0x11, 0x00, 0x00, 0x00,
            0x33, 0x07, 0x00, 0x00, 0x3E, 0x07, 0x00, 0x00, 0x85, 0x00, 0x05, 0x00, 0x11, 0x00, 0x00, 0x00,
            0x34, 0x07, 0x00, 0x00, 0x32, 0x07, 0x00, 0x00, 0x33, 0x07, 0x00, 0x00, 0x3E, 0x00, 0x03, 0x00,
            0x30, 0x07, 0x00, 0x00, 0x34, 0x07, 0x00, 0x00, 0x3D, 0x00, 0x04, 0x00, 0x11, 0x00, 0x00, 0x00,
            0x05, 0x07, 0x00, 0x00, 0x30, 0x07, 0x00, 0x00, 0x83, 0x00, 0x05, 0x00, 0x60, 0x00, 0x00, 0x00,
            0x4A, 0x07, 0x00, 0x00, 0xCD, 0x00, 0x00, 0x00, 0x03, 0x07, 0x00, 0x00, 0x83, 0x00, 0x05, 0x00,
            0x11, 0x00, 0x00, 0x00, 0x4B, 0x07, 0x00, 0x00, 0x55, 0x00, 0x00, 0x00, 0xFF, 0x06, 0x00, 0x00,
            0x0C, 0x00, 0x08, 0x00, 0x11, 0x00, 0x00, 0x00, 0x4C, 0x07, 0x00, 0x00, 0x6D, 0x00, 0x00, 0x00,
            0x2B, 0x00, 0x00, 0x00, 0x4B, 0x07, 0x00, 0x00, 0x66, 0x00, 0x00, 0x00, 0x55, 0x00, 0x00, 0x00,
            0x0C, 0x00, 0x07, 0x00, 0x11, 0x00, 0x00, 0x00, 0x4D, 0x07, 0x00, 0x00, 0x6D, 0x00, 0x00, 0x00,
            0x1A, 0x00, 0x00, 0x00, 0x4C, 0x07, 0x00, 0x00, 0x4E, 0x03, 0x00, 0x00, 0x8E, 0x00, 0x05, 0x00,
            0x60, 0x00, 0x00, 0x00, 0x4E, 0x07, 0x00, 0x00, 0x4A, 0x07, 0x00, 0x00, 0x4D, 0x07, 0x00, 0x00,
            0x81, 0x00, 0x05, 0x00, 0x60, 0x00, 0x00, 0x00, 0x4F, 0x07, 0x00, 0x00, 0x03, 0x07, 0x00, 0x00,
            0x4E, 0x07, 0x00, 0x00, 0x3E, 0x00, 0x03, 0x00, 0x47, 0x07, 0x00, 0x00, 0x4F, 0x07, 0x00, 0x00,
            0x3D, 0x00, 0x04, 0x00, 0x60, 0x00, 0x00, 0x00, 0x06, 0x07, 0x00, 0x00, 0x47, 0x07, 0x00, 0x00,
            0x85, 0x00, 0x05, 0x00, 0x11, 0x00, 0x00, 0x00, 0x07, 0x07, 0x00, 0x00, 0x04, 0x07, 0x00, 0x00,
            0x05, 0x07, 0x00, 0x00, 0x8E, 0x00, 0x05, 0x00, 0x60, 0x00, 0x00, 0x00, 0x08, 0x07, 0x00, 0x00,
            0x06, 0x07, 0x00, 0x00, 0x07, 0x07, 0x00, 0x00, 0x85, 0x00, 0x05, 0x00, 0x11, 0x00, 0x00, 0x00,
            0x09, 0x07, 0x00, 0x00, 0xD7, 0x02, 0x00, 0x00, 0xF9, 0x06, 0x00, 0x00, 0x85, 0x00, 0x05, 0x00,
            0x11, 0x00, 0x00, 0x00, 0x0A, 0x07, 0x00, 0x00, 0x09, 0x07, 0x00, 0x00, 0xF7, 0x06, 0x00, 0x00,
            0x81, 0x00, 0x05, 0x00, 0x11, 0x00, 0x00, 0x00, 0x0B, 0x07, 0x00, 0x00, 0x0A, 0x07, 0x00, 0x00,
            0xD9, 0x02, 0x00, 0x00, 0x50, 0x00, 0x06, 0x00, 0x60, 0x00, 0x00, 0x00, 0x0C, 0x07, 0x00, 0x00,
            0x0B, 0x07, 0x00, 0x00, 0x0B, 0x07, 0x00, 0x00, 0x0B, 0x07, 0x00, 0x00, 0x88, 0x00, 0x05, 0x00,
            0x60, 0x00, 0x00, 0x00, 0x0D, 0x07, 0x00, 0x00, 0x08, 0x07, 0x00, 0x00, 0x0C, 0x07, 0x00, 0x00,
            0x83, 0x00, 0x05, 0x00, 0x60, 0x00, 0x00, 0x00, 0x0F, 0x07, 0x00, 0x00, 0xCD, 0x00, 0x00, 0x00,
            0x06, 0x07, 0x00, 0x00, 0x83, 0x00, 0x05, 0x00, 0x11, 0x00, 0x00, 0x00, 0x10, 0x07, 0x00, 0x00,
            0x55, 0x00, 0x00, 0x00, 0x01, 0x07, 0x00, 0x00, 0x8E, 0x00, 0x05, 0x00, 0x60, 0x00, 0x00, 0x00,
            0x11, 0x07, 0x00, 0x00, 0x0F, 0x07, 0x00, 0x00, 0x10, 0x07, 0x00, 0x00, 0x85, 0x00, 0x05, 0x00,
            0x60, 0x00, 0x00, 0x00, 0x12, 0x07, 0x00, 0x00, 0x11, 0x07, 0x00, 0x00, 0x00, 0x07, 0x00, 0x00,
            0x85, 0x00, 0x05, 0x00, 0x60, 0x00, 0x00, 0x00, 0x14, 0x07, 0x00, 0x00, 0x12, 0x07, 0x00, 0x00,
            0xE9, 0x07, 0x00, 0x00, 0x81, 0x00, 0x05, 0x00, 0x60, 0x00, 0x00, 0x00, 0x15, 0x07, 0x00, 0x00,
            0x14, 0x07, 0x00, 0x00, 0x0D, 0x07, 0x00, 0x00, 0x3E, 0x00, 0x03, 0x00, 0xF2, 0x06, 0x00, 0x00,
            0x15, 0x07, 0x00, 0x00, 0x3D, 0x00, 0x04, 0x00, 0x60, 0x00, 0x00, 0x00, 0x87, 0x05, 0x00, 0x00,
            0xF2, 0x06, 0x00, 0x00, 0x85, 0x00, 0x05, 0x00, 0x60, 0x00, 0x00, 0x00, 0x88, 0x05, 0x00, 0x00,
            0x7F, 0x05, 0x00, 0x00, 0x87, 0x05, 0x00, 0x00, 0x8E, 0x00, 0x05, 0x00, 0x60, 0x00, 0x00, 0x00,
            0x89, 0x05, 0x00, 0x00, 0x88, 0x05, 0x00, 0x00, 0x5F, 0x05, 0x00, 0x00, 0x8E, 0x00, 0x05, 0x00,
            0x60, 0x00, 0x00, 0x00, 0x8A, 0x05, 0x00, 0x00, 0x89, 0x05, 0x00, 0x00, 0x85, 0x05, 0x00, 0x00,
            0x50, 0x00, 0x06, 0x00, 0x60, 0x00, 0x00, 0x00, 0x8B, 0x05, 0x00, 0x00, 0x82, 0x05, 0x00, 0x00,
            0x82, 0x05, 0x00, 0x00, 0x82, 0x05, 0x00, 0x00, 0x88, 0x00, 0x05, 0x00, 0x60, 0x00, 0x00, 0x00,
            0x8C, 0x05, 0x00, 0x00, 0x8A, 0x05, 0x00, 0x00, 0x8B, 0x05, 0x00, 0x00, 0x3E, 0x00, 0x03, 0x00,
            0x62, 0x04, 0x00, 0x00, 0x8C, 0x05, 0x00, 0x00, 0xF9, 0x00, 0x02, 0x00, 0x8D, 0x05, 0x00, 0x00,
            0xF8, 0x00, 0x02, 0x00, 0x8D, 0x05, 0x00, 0x00, 0x3D, 0x00, 0x04, 0x00, 0x60, 0x00, 0x00, 0x00,
            0x8E, 0x05, 0x00, 0x00, 0x58, 0x04, 0x00, 0x00, 0x3D, 0x00, 0x04, 0x00, 0x60, 0x00, 0x00, 0x00,
            0x8F, 0x05, 0x00, 0x00, 0x62, 0x04, 0x00, 0x00, 0x85, 0x00, 0x05, 0x00, 0x60, 0x00, 0x00, 0x00,
            0x90, 0x05, 0x00, 0x00, 0x8E, 0x05, 0x00, 0x00, 0x8F, 0x05, 0x00, 0x00, 0x3D, 0x00, 0x04, 0x00,
            0x60, 0x00, 0x00, 0x00, 0x91, 0x05, 0x00, 0x00, 0x59, 0x04, 0x00, 0x00, 0x81, 0x00, 0x05, 0x00,
            0x60, 0x00, 0x00, 0x00, 0x92, 0x05, 0x00, 0x00, 0x91, 0x05, 0x00, 0x00, 0x90, 0x05, 0x00, 0x00,
            0x3D, 0x00, 0x04, 0x00, 0x60, 0x00, 0x00, 0x00, 0x93, 0x05, 0x00, 0x00, 0x60, 0x04, 0x00, 0x00,
            0x94, 0x00, 0x05, 0x00, 0x11, 0x00, 0x00, 0x00, 0x94, 0x05, 0x00, 0x00, 0x93, 0x05, 0x00, 0x00,
            0x3D, 0x05, 0x00, 0x00, 0x0C, 0x00, 0x07, 0x00, 0x11, 0x00, 0x00, 0x00, 0x95, 0x05, 0x00, 0x00,
            0x6D, 0x00, 0x00, 0x00, 0x28, 0x00, 0x00, 0x00, 0x94, 0x05, 0x00, 0x00, 0xDE, 0x00, 0x00, 0x00,
            0x3D, 0x00, 0x04, 0x00, 0x05, 0x00, 0x00, 0x00, 0x96, 0x05, 0x00, 0x00, 0x07, 0x00, 0x00, 0x00,
            0x84, 0x00, 0x05, 0x00, 0x05, 0x00, 0x00, 0x00, 0x52, 0x07, 0x00, 0x00, 0x96, 0x05, 0x00, 0x00,
            0x38, 0x00, 0x00, 0x00, 0x80, 0x00, 0x05, 0x00, 0x05, 0x00, 0x00, 0x00, 0x53, 0x07, 0x00, 0x00,
            0x52, 0x07, 0x00, 0x00, 0x3A, 0x00, 0x00, 0x00, 0xC2, 0x00, 0x05, 0x00, 0x05, 0x00, 0x00, 0x00,
            0x54, 0x07, 0x00, 0x00, 0x53, 0x07, 0x00, 0x00, 0x3C, 0x00, 0x00, 0x00, 0x80, 0x00, 0x05, 0x00,
            0x05, 0x00, 0x00, 0x00, 0x55, 0x07, 0x00, 0x00, 0x54, 0x07, 0x00, 0x00, 0x3E, 0x00, 0x00, 0x00,
            0xC2, 0x00, 0x05, 0x00, 0x05, 0x00, 0x00, 0x00, 0x56, 0x07, 0x00, 0x00, 0x53, 0x07, 0x00, 0x00,
            0x55, 0x07, 0x00, 0x00, 0xC6, 0x00, 0x05, 0x00, 0x05, 0x00, 0x00, 0x00, 0x57, 0x07, 0x00, 0x00,
            0x56, 0x07, 0x00, 0x00, 0x53, 0x07, 0x00, 0x00, 0x84, 0x00, 0x05, 0x00, 0x05, 0x00, 0x00, 0x00,
            0x58, 0x07, 0x00, 0x00, 0x57, 0x07, 0x00, 0x00, 0x42, 0x00, 0x00, 0x00, 0xC2, 0x00, 0x05, 0x00,
            0x05, 0x00, 0x00, 0x00, 0x59, 0x07, 0x00, 0x00, 0x58, 0x07, 0x00, 0x00, 0x44, 0x00, 0x00, 0x00,
            0xC6, 0x00, 0x05, 0x00, 0x05, 0x00, 0x00, 0x00, 0x5A, 0x07, 0x00, 0x00, 0x59, 0x07, 0x00, 0x00,
            0x58, 0x07, 0x00, 0x00, 0x3E, 0x00, 0x03, 0x00, 0x50, 0x07, 0x00, 0x00, 0x5A, 0x07, 0x00, 0x00,
            0x3D, 0x00, 0x04, 0x00, 0x05, 0x00, 0x00, 0x00, 0x97, 0x05, 0x00, 0x00, 0x50, 0x07, 0x00, 0x00,
            0x3E, 0x00, 0x03, 0x00, 0x07, 0x00, 0x00, 0x00, 0x97, 0x05, 0x00, 0x00, 0x70, 0x00, 0x04, 0x00,
            0x11, 0x00, 0x00, 0x00, 0x98, 0x05, 0x00, 0x00, 0x97, 0x05, 0x00, 0x00, 0x85, 0x00, 0x05, 0x00,
            0x11, 0x00, 0x00, 0x00, 0x99, 0x05, 0x00, 0x00, 0x98, 0x05, 0x00, 0x00, 0xE5, 0x07, 0x00, 0x00,
            0xB8, 0x00, 0x05, 0x00, 0x1E, 0x00, 0x00, 0x00, 0x9A, 0x05, 0x00, 0x00, 0x99, 0x05, 0x00, 0x00,
            0x4D, 0x05, 0x00, 0x00, 0xF7, 0x00, 0x03, 0x00, 0x14, 0x06, 0x00, 0x00, 0x00, 0x00, 0x00, 0x00,
            0xFA, 0x00, 0x04, 0x00, 0x9A, 0x05, 0x00, 0x00, 0xCF, 0x05, 0x00, 0x00, 0x9B, 0x05, 0x00, 0x00,
            0xF8, 0x00, 0x02, 0x00, 0x9B, 0x05, 0x00, 0x00, 0x3D, 0x00, 0x04, 0x00, 0x05, 0x00, 0x00, 0x00,
            0x9C, 0x05, 0x00, 0x00, 0x07, 0x00, 0x00, 0x00, 0x84, 0x00, 0x05, 0x00, 0x05, 0x00, 0x00, 0x00,
            0x5D, 0x07, 0x00, 0x00, 0x9C, 0x05, 0x00, 0x00, 0x38, 0x00, 0x00, 0x00, 0x80, 0x00, 0x05, 0x00,
            0x05, 0x00, 0x00, 0x00, 0x5E, 0x07, 0x00, 0x00, 0x5D, 0x07, 0x00, 0x00, 0x3A, 0x00, 0x00, 0x00,
            0xC2, 0x00, 0x05, 0x00, 0x05, 0x00, 0x00, 0x00, 0x5F, 0x07, 0x00, 0x00, 0x5E, 0x07, 0x00, 0x00,
            0x3C, 0x00, 0x00, 0x00, 0x80, 0x00, 0x05, 0x00, 0x05, 0x00, 0x00, 0x00, 0x60, 0x07, 0x00, 0x00,
            0x5F, 0x07, 0x00, 0x00, 0x3E, 0x00, 0x00, 0x00, 0xC2, 0x00, 0x05, 0x00, 0x05, 0x00, 0x00, 0x00,
            0x61, 0x07, 0x00, 0x00, 0x5E, 0x07, 0x00, 0x00, 0x60, 0x07, 0x00, 0x00, 0xC6, 0x00, 0x05, 0x00,
            0x05, 0x00, 0x00, 0x00, 0x62, 0x07, 0x00, 0x00, 0x61, 0x07, 0x00, 0x00, 0x5E, 0x07, 0x00, 0x00,
            0x84, 0x00, 0x05, 0x00, 0x05, 0x00, 0x00, 0x00, 0x63, 0x07, 0x00, 0x00, 0x62, 0x07, 0x00, 0x00,
            0x42, 0x00, 0x00, 0x00, 0xC2, 0x00, 0x05, 0x00, 0x05, 0x00, 0x00, 0x00, 0x64, 0x07, 0x00, 0x00,
            0x63, 0x07, 0x00, 0x00, 0x44, 0x00, 0x00, 0x00, 0xC6, 0x00, 0x05, 0x00, 0x05, 0x00, 0x00, 0x00,
            0x65, 0x07, 0x00, 0x00, 0x64, 0x07, 0x00, 0x00, 0x63, 0x07, 0x00, 0x00, 0x3E, 0x00, 0x03, 0x00,
            0x5B, 0x07, 0x00, 0x00, 0x65, 0x07, 0x00, 0x00, 0x3D, 0x00, 0x04, 0x00, 0x05, 0x00, 0x00, 0x00,
            0x9D, 0x05, 0x00, 0x00, 0x5B, 0x07, 0x00, 0x00, 0x70, 0x00, 0x04, 0x00, 0x11, 0x00, 0x00, 0x00,
            0x9E, 0x05, 0x00, 0x00, 0x9D, 0x05, 0x00, 0x00, 0x84, 0x00, 0x05, 0x00, 0x05, 0x00, 0x00, 0x00,
            0x68, 0x07, 0x00, 0x00, 0x9D, 0x05, 0x00, 0x00, 0x38, 0x00, 0x00, 0x00, 0x80, 0x00, 0x05, 0x00,
            0x05, 0x00, 0x00, 0x00, 0x69, 0x07, 0x00, 0x00, 0x68, 0x07, 0x00, 0x00, 0x3A, 0x00, 0x00, 0x00,
            0xC2, 0x00, 0x05, 0x00, 0x05, 0x00, 0x00, 0x00, 0x6A, 0x07, 0x00, 0x00, 0x69, 0x07, 0x00, 0x00,
            0x3C, 0x00, 0x00, 0x00, 0x80, 0x00, 0x05, 0x00, 0x05, 0x00, 0x00, 0x00, 0x6B, 0x07, 0x00, 0x00,
            0x6A, 0x07, 0x00, 0x00, 0x3E, 0x00, 0x00, 0x00, 0xC2, 0x00, 0x05, 0x00, 0x05, 0x00, 0x00, 0x00,
            0x6C, 0x07, 0x00, 0x00, 0x69, 0x07, 0x00, 0x00, 0x6B, 0x07, 0x00, 0x00, 0xC6, 0x00, 0x05, 0x00,
            0x05, 0x00, 0x00, 0x00, 0x6D, 0x07, 0x00, 0x00, 0x6C, 0x07, 0x00, 0x00, 0x69, 0x07, 0x00, 0x00,
            0x84, 0x00, 0x05, 0x00, 0x05, 0x00, 0x00, 0x00, 0x6E, 0x07, 0x00, 0x00, 0x6D, 0x07, 0x00, 0x00,
            0x42, 0x00, 0x00, 0x00, 0xC2, 0x00, 0x05, 0x00, 0x05, 0x00, 0x00, 0x00, 0x6F, 0x07, 0x00, 0x00,
            0x6E, 0x07, 0x00, 0x00, 0x44, 0x00, 0x00, 0x00, 0xC6, 0x00, 0x05, 0x00, 0x05, 0x00, 0x00, 0x00,
            0x70, 0x07, 0x00, 0x00, 0x6F, 0x07, 0x00, 0x00, 0x6E, 0x07, 0x00, 0x00, 0x3E, 0x00, 0x03, 0x00,
            0x66, 0x07, 0x00, 0x00, 0x70, 0x07, 0x00, 0x00, 0x3D, 0x00, 0x04, 0x00, 0x05, 0x00, 0x00, 0x00,
            0xA0, 0x05, 0x00, 0x00, 0x66, 0x07, 0x00, 0x00, 0x3E, 0x00, 0x03, 0x00, 0x07, 0x00, 0x00, 0x00,
            0xA0, 0x05, 0x00, 0x00, 0x70, 0x00, 0x04, 0x00, 0x11, 0x00, 0x00, 0x00, 0xA1, 0x05, 0x00, 0x00,
            0xA0, 0x05, 0x00, 0x00, 0x85, 0x00, 0x05, 0x00, 0x11, 0x00, 0x00, 0x00, 0xA2, 0x05, 0x00, 0x00,
            0xA1, 0x05, 0x00, 0x00, 0xE5, 0x07, 0x00, 0x00, 0x85, 0x00, 0x05, 0x00, 0x11, 0x00, 0x00, 0x00,
            0xA3, 0x05, 0x00, 0x00, 0x9E, 0x05, 0x00, 0x00, 0xEA, 0x07, 0x00, 0x00, 0x0C, 0x00, 0x06, 0x00,
            0x11, 0x00, 0x00, 0x00, 0xA4, 0x05, 0x00, 0x00, 0x6D, 0x00, 0x00, 0x00, 0x1F, 0x00, 0x00, 0x00,
            0xA2, 0x05, 0x00, 0x00, 0x83, 0x00, 0x05, 0x00, 0x11, 0x00, 0x00, 0x00, 0xA5, 0x05, 0x00, 0x00,
            0x55, 0x00, 0x00, 0x00, 0xA2, 0x05, 0x00, 0x00, 0x0C, 0x00, 0x06, 0x00, 0x11, 0x00, 0x00, 0x00,
            0xA6, 0x05, 0x00, 0x00, 0x6D, 0x00, 0x00, 0x00, 0x1F, 0x00, 0x00, 0x00, 0xA5, 0x05, 0x00, 0x00,
            0x3D, 0x00, 0x04, 0x00, 0x60, 0x00, 0x00, 0x00, 0xA7, 0x05, 0x00, 0x00, 0x60, 0x04, 0x00, 0x00,
            0x51, 0x00, 0x05, 0x00, 0x11, 0x00, 0x00, 0x00, 0xA8, 0x05, 0x00, 0x00, 0xA7, 0x05, 0x00, 0x00,
            0x00, 0x00, 0x00, 0x00, 0x0C, 0x00, 0x06, 0x00, 0x11, 0x00, 0x00, 0x00, 0xA9, 0x05, 0x00, 0x00,
            0x6D, 0x00, 0x00, 0x00, 0x04, 0x00, 0x00, 0x00, 0xA8, 0x05, 0x00, 0x00, 0xBA, 0x00, 0x05, 0x00,
            0x1E, 0x00, 0x00, 0x00, 0xAA, 0x05, 0x00, 0x00, 0xA9, 0x05, 0x00, 0x00, 0x91, 0x03, 0x00, 0x00,
            0xF7, 0x00, 0x03, 0x00, 0xAD, 0x05, 0x00, 0x00, 0x00, 0x00, 0x00, 0x00, 0xFA, 0x00, 0x04, 0x00,
            0xAA, 0x05, 0x00, 0x00, 0xAC, 0x05, 0x00, 0x00, 0xAB, 0x05, 0x00, 0x00, 0xF8, 0x00, 0x02, 0x00,
            0xAB, 0x05, 0x00, 0x00, 0x3E, 0x00, 0x03, 0x00, 0x64, 0x04, 0x00, 0x00, 0xDD, 0x03, 0x00, 0x00,
            0xF9, 0x00, 0x02, 0x00, 0xAD, 0x05, 0x00, 0x00, 0xF8, 0x00, 0x02, 0x00, 0xAC, 0x05, 0x00, 0x00,
            0x3E, 0x00, 0x03, 0x00, 0x64, 0x04, 0x00, 0x00, 0xDA, 0x03, 0x00, 0x00, 0xF9, 0x00, 0x02, 0x00,
            0xAD, 0x05, 0x00, 0x00, 0xF8, 0x00, 0x02, 0x00, 0xAD, 0x05, 0x00, 0x00, 0x3D, 0x00, 0x04, 0x00,
            0x60, 0x00, 0x00, 0x00, 0xAE, 0x05, 0x00, 0x00, 0x64, 0x04, 0x00, 0x00, 0x3D, 0x00, 0x04, 0x00,
            0x60, 0x00, 0x00, 0x00, 0xAF, 0x05, 0x00, 0x00, 0x60, 0x04, 0x00, 0x00, 0x0C, 0x00, 0x07, 0x00,
            0x60, 0x00, 0x00, 0x00, 0xB0, 0x05, 0x00, 0x00, 0x6D, 0x00, 0x00, 0x00, 0x44, 0x00, 0x00, 0x00,
            0xAE, 0x05, 0x00, 0x00, 0xAF, 0x05, 0x00, 0x00, 0x0C, 0x00, 0x06, 0x00, 0x60, 0x00, 0x00, 0x00,
            0xB1, 0x05, 0x00, 0x00, 0x6D, 0x00, 0x00, 0x00, 0x45, 0x00, 0x00, 0x00, 0xB0, 0x05, 0x00, 0x00,
            0x3D, 0x00, 0x04, 0x00, 0x60, 0x00, 0x00, 0x00, 0xB2, 0x05, 0x00, 0x00, 0x60, 0x04, 0x00, 0x00,
            0x0C, 0x00, 0x07, 0x00, 0x60, 0x00, 0x00, 0x00, 0xB3, 0x05, 0x00, 0x00, 0x6D, 0x00, 0x00, 0x00,
            0x44, 0x00, 0x00, 0x00, 0xB2, 0x05, 0x00, 0x00, 0xB1, 0x05, 0x00, 0x00, 0x0C, 0x00, 0x06, 0x00,
            0x11, 0x00, 0x00, 0x00, 0xB4, 0x05, 0x00, 0x00, 0x6D, 0x00, 0x00, 0x00, 0x0E, 0x00, 0x00, 0x00,
            0xA3, 0x05, 0x00, 0x00, 0x8E, 0x00, 0x05, 0x00, 0x60, 0x00, 0x00, 0x00, 0xB5, 0x05, 0x00, 0x00,
            0xB1, 0x05, 0x00, 0x00, 0xB4, 0x05, 0x00, 0x00, 0x8E, 0x00, 0x05, 0x00, 0x60, 0x00, 0x00, 0x00,
            0xB6, 0x05, 0x00, 0x00, 0xB5, 0x05, 0x00, 0x00, 0xA4, 0x05, 0x00, 0x00, 0x0C, 0x00, 0x06, 0x00,
            0x11, 0x00, 0x00, 0x00, 0xB7, 0x05, 0x00, 0x00, 0x6D, 0x00, 0x00, 0x00, 0x0D, 0x00, 0x00, 0x00,
            0xA3, 0x05, 0x00, 0x00, 0x8E, 0x00, 0x05, 0x00, 0x60, 0x00, 0x00, 0x00, 0xB8, 0x05, 0x00, 0x00,
            0xB3, 0x05, 0x00, 0x00, 0xB7, 0x05, 0x00, 0x00, 0x8E, 0x00, 0x05, 0x00, 0x60, 0x00, 0x00, 0x00,
            0xB9, 0x05, 0x00, 0x00, 0xB8, 0x05, 0x00, 0x00, 0xA4, 0x05, 0x00, 0x00, 0x81, 0x00, 0x05, 0x00,
            0x60, 0x00, 0x00, 0x00, 0xBA, 0x05, 0x00, 0x00, 0xB6, 0x05, 0x00, 0x00, 0xB9, 0x05, 0x00, 0x00,
            0x3D, 0x00, 0x04, 0x00, 0x60, 0x00, 0x00, 0x00, 0xBB, 0x05, 0x00, 0x00, 0x60, 0x04, 0x00, 0x00,
            0x8E, 0x00, 0x05, 0x00, 0x60, 0x00, 0x00, 0x00, 0xBC, 0x05, 0x00, 0x00, 0xBB, 0x05, 0x00, 0x00,
            0xA6, 0x05, 0x00, 0x00, 0x81, 0x00, 0x05, 0x00, 0x60, 0x00, 0x00, 0x00, 0xBD, 0x05, 0x00, 0x00,
            0xBA, 0x05, 0x00, 0x00, 0xBC, 0x05, 0x00, 0x00, 0x0C, 0x00, 0x06, 0x00, 0x60, 0x00, 0x00, 0x00,
            0xBE, 0x05, 0x00, 0x00, 0x6D, 0x00, 0x00, 0x00, 0x45, 0x00, 0x00, 0x00, 0xBD, 0x05, 0x00, 0x00,
            0xF9, 0x00, 0x02, 0x00, 0xBF, 0x05, 0x00, 0x00, 0xF8, 0x00, 0x02, 0x00, 0xBF, 0x05, 0x00, 0x00,
            0x83, 0x00, 0x05, 0x00, 0x60, 0x00, 0x00, 0x00, 0xC0, 0x05, 0x00, 0x00, 0xBE, 0x05, 0x00, 0x00,
            0x3C, 0x05, 0x00, 0x00, 0x0C, 0x00, 0x06, 0x00, 0x60, 0x00, 0x00, 0x00, 0xC1, 0x05, 0x00, 0x00,
            0x6D, 0x00, 0x00, 0x00, 0x45, 0x00, 0x00, 0x00, 0xC0, 0x05, 0x00, 0x00, 0x94, 0x00, 0x05, 0x00,
            0x11, 0x00, 0x00, 0x00, 0xC2, 0x05, 0x00, 0x00, 0xC1, 0x05, 0x00, 0x00, 0x3D, 0x05, 0x00, 0x00,
            0x0C, 0x00, 0x07, 0x00, 0x11, 0x00, 0x00, 0x00, 0xC3, 0x05, 0x00, 0x00, 0x6D, 0x00, 0x00, 0x00,
            0x28, 0x00, 0x00, 0x00, 0xC2, 0x05, 0x00, 0x00, 0x66, 0x00, 0x00, 0x00, 0x83, 0x00, 0x05, 0x00,
            0x60, 0x00, 0x00, 0x00, 0x74, 0x07, 0x00, 0x00, 0xCD, 0x00, 0x00, 0x00, 0x41, 0x05, 0x00, 0x00,
            0x83, 0x00, 0x05, 0x00, 0x11, 0x00, 0x00, 0x00, 0x75, 0x07, 0x00, 0x00, 0x55, 0x00, 0x00, 0x00,
            0xC3, 0x05, 0x00, 0x00, 0x0C, 0x00, 0x08, 0x00, 0x11, 0x00, 0x00, 0x00, 0x76, 0x07, 0x00, 0x00,
            0x6D, 0x00, 0x00, 0x00, 0x2B, 0x00, 0x00, 0x00, 0x75, 0x07, 0x00, 0x00, 0x66, 0x00, 0x00, 0x00,
            0x55, 0x00, 0x00, 0x00, 0x0C, 0x00, 0x07, 0x00, 0x11, 0x00, 0x00, 0x00, 0x77, 0x07, 0x00, 0x00,
            0x6D, 0x00, 0x00, 0x00, 0x1A, 0x00, 0x00, 0x00, 0x76, 0x07, 0x00, 0x00, 0x4E, 0x03, 0x00, 0x00,
            0x8E, 0x00, 0x05, 0x00, 0x60, 0x00, 0x00, 0x00, 0x78, 0x07, 0x00, 0x00, 0x74, 0x07, 0x00, 0x00,
            0x77, 0x07, 0x00, 0x00, 0x81, 0x00, 0x05, 0x00, 0x60, 0x00, 0x00, 0x00, 0x79, 0x07, 0x00, 0x00,
            0x41, 0x05, 0x00, 0x00, 0x78, 0x07, 0x00, 0x00, 0x3E, 0x00, 0x03, 0x00, 0x71, 0x07, 0x00, 0x00,
            0x79, 0x07, 0x00, 0x00, 0x3D, 0x00, 0x04, 0x00, 0x60, 0x00, 0x00, 0x00, 0xC4, 0x05, 0x00, 0x00,
            0x71, 0x07, 0x00, 0x00, 0x83, 0x00, 0x05, 0x00, 0x60, 0x00, 0x00, 0x00, 0xC6, 0x05, 0x00, 0x00,
            0xCD, 0x00, 0x00, 0x00, 0xC4, 0x05, 0x00, 0x00, 0x8E, 0x00, 0x05, 0x00, 0x60, 0x00, 0x00, 0x00,
            0xC7, 0x05, 0x00, 0x00, 0xC6, 0x05, 0x00, 0x00, 0x4A, 0x05, 0x00, 0x00, 0x85, 0x00, 0x05, 0x00,
            0x60, 0x00, 0x00, 0x00, 0xC8, 0x05, 0x00, 0x00, 0xC7, 0x05, 0x00, 0x00, 0x3E, 0x05, 0x00, 0x00,
            0x83, 0x00, 0x05, 0x00, 0x11, 0x00, 0x00, 0x00, 0xCA, 0x05, 0x00, 0x00, 0xEB, 0x07, 0x00, 0x00,
            0x4D, 0x05, 0x00, 0x00, 0x50, 0x00, 0x06, 0x00, 0x60, 0x00, 0x00, 0x00, 0xCB, 0x05, 0x00, 0x00,
            0xCA, 0x05, 0x00, 0x00, 0xCA, 0x05, 0x00, 0x00, 0xCA, 0x05, 0x00, 0x00, 0x88, 0x00, 0x05, 0x00,
            0x60, 0x00, 0x00, 0x00, 0xCC, 0x05, 0x00, 0x00, 0xC8, 0x05, 0x00, 0x00, 0xCB, 0x05, 0x00, 0x00,
            0x3D, 0x00, 0x04, 0x00, 0x60, 0x00, 0x00, 0x00, 0xCD, 0x05, 0x00, 0x00, 0x58, 0x04, 0x00, 0x00,
            0x85, 0x00, 0x05, 0x00, 0x60, 0x00, 0x00, 0x00, 0xCE, 0x05, 0x00, 0x00, 0xCD, 0x05, 0x00, 0x00,
            0xCC, 0x05, 0x00, 0x00, 0x3E, 0x00, 0x03, 0x00, 0x64, 0x04, 0x00, 0x00, 0xBE, 0x05, 0x00, 0x00,
            0x3E, 0x00, 0x03, 0x00, 0x65, 0x04, 0x00, 0x00, 0xCE, 0x05, 0x00, 0x00, 0xF9, 0x00, 0x02, 0x00,
            0x14, 0x06, 0x00, 0x00, 0xF8, 0x00, 0x02, 0x00, 0xCF, 0x05, 0x00, 0x00, 0x85, 0x00, 0x05, 0x00,
            0x11, 0x00, 0x00, 0x00, 0xD0, 0x05, 0x00, 0x00, 0x43, 0x05, 0x00, 0x00, 0x43, 0x05, 0x00, 0x00,
            0x3D, 0x00, 0x04, 0x00, 0x05, 0x00, 0x00, 0x00, 0xD1, 0x05, 0x00, 0x00, 0x07, 0x00, 0x00, 0x00,
            0x84, 0x00, 0x05, 0x00, 0x05, 0x00, 0x00, 0x00, 0x7C, 0x07, 0x00, 0x00, 0xD1, 0x05, 0x00, 0x00,
            0x38, 0x00, 0x00, 0x00, 0x80, 0x00, 0x05, 0x00, 0x05, 0x00, 0x00, 0x00, 0x7D, 0x07, 0x00, 0x00,
            0x7C, 0x07, 0x00, 0x00, 0x3A, 0x00, 0x00, 0x00, 0xC2, 0x00, 0x05, 0x00, 0x05, 0x00, 0x00, 0x00,
            0x7E, 0x07, 0x00, 0x00, 0x7D, 0x07, 0x00, 0x00, 0x3C, 0x00, 0x00, 0x00, 0x80, 0x00, 0x05, 0x00,
            0x05, 0x00, 0x00, 0x00, 0x7F, 0x07, 0x00, 0x00, 0x7E, 0x07, 0x00, 0x00, 0x3E, 0x00, 0x00, 0x00,
            0xC2, 0x00, 0x05, 0x00, 0x05, 0x00, 0x00, 0x00, 0x80, 0x07, 0x00, 0x00, 0x7D, 0x07, 0x00, 0x00,
            0x7F, 0x07, 0x00, 0x00, 0xC6, 0x00, 0x05, 0x00, 0x05, 0x00, 0x00, 0x00, 0x81, 0x07, 0x00, 0x00,
            0x80, 0x07, 0x00, 0x00, 0x7D, 0x07, 0x00, 0x00, 0x84, 0x00, 0x05, 0x00, 0x05, 0x00, 0x00, 0x00,
            0x82, 0x07, 0x00, 0x00, 0x81, 0x07, 0x00, 0x00, 0x42, 0x00, 0x00, 0x00, 0xC2, 0x00, 0x05, 0x00,
            0x05, 0x00, 0x00, 0x00, 0x83, 0x07, 0x00, 0x00, 0x82, 0x07, 0x00, 0x00, 0x44, 0x00, 0x00, 0x00,
            0xC6, 0x00, 0x05, 0x00, 0x05, 0x00, 0x00, 0x00, 0x84, 0x07, 0x00, 0x00, 0x83, 0x07, 0x00, 0x00,
            0x82, 0x07, 0x00, 0x00, 0x3E, 0x00, 0x03, 0x00, 0x7A, 0x07, 0x00, 0x00, 0x84, 0x07, 0x00, 0x00,
            0x3D, 0x00, 0x04, 0x00, 0x05, 0x00, 0x00, 0x00, 0xD2, 0x05, 0x00, 0x00, 0x7A, 0x07, 0x00, 0x00,
            0x70, 0x00, 0x04, 0x00, 0x11, 0x00, 0x00, 0x00, 0xD3, 0x05, 0x00, 0x00, 0xD2, 0x05, 0x00, 0x00,
            0x84, 0x00, 0x05, 0x00, 0x05, 0x00, 0x00, 0x00, 0x87, 0x07, 0x00, 0x00, 0xD2, 0x05, 0x00, 0x00,
            0x38, 0x00, 0x00, 0x00, 0x80, 0x00, 0x05, 0x00, 0x05, 0x00, 0x00, 0x00, 0x88, 0x07, 0x00, 0x00,
            0x87, 0x07, 0x00, 0x00, 0x3A, 0x00, 0x00, 0x00, 0xC2, 0x00, 0x05, 0x00, 0x05, 0x00, 0x00, 0x00,
            0x89, 0x07, 0x00, 0x00, 0x88, 0x07, 0x00, 0x00, 0x3C, 0x00, 0x00, 0x00, 0x80, 0x00, 0x05, 0x00,
            0x05, 0x00, 0x00, 0x00, 0x8A, 0x07, 0x00, 0x00, 0x89, 0x07, 0x00, 0x00, 0x3E, 0x00, 0x00, 0x00,
            0xC2, 0x00, 0x05, 0x00, 0x05, 0x00, 0x00, 0x00, 0x8B, 0x07, 0x00, 0x00, 0x88, 0x07, 0x00, 0x00,
            0x8A, 0x07, 0x00, 0x00, 0xC6, 0x00, 0x05, 0x00, 0x05, 0x00, 0x00, 0x00, 0x8C, 0x07, 0x00, 0x00,
            0x8B, 0x07, 0x00, 0x00, 0x88, 0x07, 0x00, 0x00, 0x84, 0x00, 0x05, 0x00, 0x05, 0x00, 0x00, 0x00,
            0x8D, 0x07, 0x00, 0x00, 0x8C, 0x07, 0x00, 0x00, 0x42, 0x00, 0x00, 0x00, 0xC2, 0x00, 0x05, 0x00,
            0x05, 0x00, 0x00, 0x00, 0x8E, 0x07, 0x00, 0x00, 0x8D, 0x07, 0x00, 0x00, 0x44, 0x00, 0x00, 0x00,
            0xC6, 0x00, 0x05, 0x00, 0x05, 0x00, 0x00, 0x00, 0x8F, 0x07, 0x00, 0x00, 0x8E, 0x07, 0x00, 0x00,
            0x8D, 0x07, 0x00, 0x00, 0x3E, 0x00, 0x03, 0x00, 0x85, 0x07, 0x00, 0x00, 0x8F, 0x07, 0x00, 0x00,
            0x3D, 0x00, 0x04, 0x00, 0x05, 0x00, 0x00, 0x00, 0xD5, 0x05, 0x00, 0x00, 0x85, 0x07, 0x00, 0x00,
            0x3E, 0x00, 0x03, 0x00, 0x07, 0x00, 0x00, 0x00, 0xD5, 0x05, 0x00, 0x00, 0x70, 0x00, 0x04, 0x00,
            0x11, 0x00, 0x00, 0x00, 0xD6, 0x05, 0x00, 0x00, 0xD5, 0x05, 0x00, 0x00, 0x85, 0x00, 0x05, 0x00,
            0x11, 0x00, 0x00, 0x00, 0xD7, 0x05, 0x00, 0x00, 0xD6, 0x05, 0x00, 0x00, 0xE5, 0x07, 0x00, 0x00,
            0x85, 0x00, 0x05, 0x00, 0x11, 0x00, 0x00, 0x00, 0xD8, 0x05, 0x00, 0x00, 0xD3, 0x05, 0x00, 0x00,
            0xEA, 0x07, 0x00, 0x00, 0x83, 0x00, 0x05, 0x00, 0x11, 0x00, 0x00, 0x00, 0xD9, 0x05, 0x00, 0x00,
            0x55, 0x00, 0x00, 0x00, 0xD7, 0x05, 0x00, 0x00, 0x85, 0x00, 0x05, 0x00, 0x11, 0x00, 0x00, 0x00,
            0xDA, 0x05, 0x00, 0x00, 0xD0, 0x05, 0x00, 0x00, 0xD0, 0x05, 0x00, 0x00, 0x83, 0x00, 0x05, 0x00,
            0x11, 0x00, 0x00, 0x00, 0xDB, 0x05, 0x00, 0x00, 0xDA, 0x05, 0x00, 0x00, 0x55, 0x00, 0x00, 0x00,
            0x85, 0x00, 0x05, 0x00, 0x11, 0x00, 0x00, 0x00, 0xDC, 0x05, 0x00, 0x00, 0xDB, 0x05, 0x00, 0x00,
            0xD7, 0x05, 0x00, 0x00, 0x81, 0x00, 0x05, 0x00, 0x11, 0x00, 0x00, 0x00, 0xDD, 0x05, 0x00, 0x00,
            0x55, 0x00, 0x00, 0x00, 0xDC, 0x05, 0x00, 0x00, 0x88, 0x00, 0x05, 0x00, 0x11, 0x00, 0x00, 0x00,
            0xDE, 0x05, 0x00, 0x00, 0xD9, 0x05, 0x00, 0x00, 0xDD, 0x05, 0x00, 0x00, 0x0C, 0x00, 0x06, 0x00,
            0x11, 0x00, 0x00, 0x00, 0xDF, 0x05, 0x00, 0x00, 0x6D, 0x00, 0x00, 0x00, 0x1F, 0x00, 0x00, 0x00,
            0xDE, 0x05, 0x00, 0x00, 0x85, 0x00, 0x05, 0x00, 0x11, 0x00, 0x00, 0x00, 0xE0, 0x05, 0x00, 0x00,
            0xDF, 0x05, 0x00, 0x00, 0xDF, 0x05, 0x00, 0x00, 0x83, 0x00, 0x05, 0x00, 0x11, 0x00, 0x00, 0x00,
            0xE1, 0x05, 0x00, 0x00, 0x55, 0x00, 0x00, 0x00, 0xE0, 0x05, 0x00, 0x00, 0x0C, 0x00, 0x06, 0x00,
            0x11, 0x00, 0x00, 0x00, 0xE2, 0x05, 0x00, 0x00, 0x6D, 0x00, 0x00, 0x00, 0x1F, 0x00, 0x00, 0x00,
            0xE1, 0x05, 0x00, 0x00, 0x3D, 0x00, 0x04, 0x00, 0x60, 0x00, 0x00, 0x00, 0xE3, 0x05, 0x00, 0x00,
            0x60, 0x04, 0x00, 0x00, 0x51, 0x00, 0x05, 0x00, 0x11, 0x00, 0x00, 0x00, 0xE4, 0x05, 0x00, 0x00,
            0xE3, 0x05, 0x00, 0x00, 0x00, 0x00, 0x00, 0x00, 0x0C, 0x00, 0x06, 0x00, 0x11, 0x00, 0x00, 0x00,
            0xE5, 0x05, 0x00, 0x00, 0x6D, 0x00, 0x00, 0x00, 0x04, 0x00, 0x00, 0x00, 0xE4, 0x05, 0x00, 0x00,
            0xBA, 0x00, 0x05, 0x00, 0x1E, 0x00, 0x00, 0x00, 0xE6, 0x05, 0x00, 0x00, 0xE5, 0x05, 0x00, 0x00,
            0x91, 0x03, 0x00, 0x00, 0xF7, 0x00, 0x03, 0x00, 0xE9, 0x05, 0x00, 0x00, 0x00, 0x00, 0x00, 0x00,
            0xFA, 0x00, 0x04, 0x00, 0xE6, 0x05, 0x00, 0x00, 0xE8, 0x05, 0x00, 0x00, 0xE7, 0x05, 0x00, 0x00,
            0xF8, 0x00, 0x02, 0x00, 0xE7, 0x05, 0x00, 0x00, 0x3E, 0x00, 0x03, 0x00, 0x64, 0x04, 0x00, 0x00,
            0x96, 0x03, 0x00, 0x00, 0xF9, 0x00, 0x02, 0x00, 0xE9, 0x05, 0x00, 0x00, 0xF8, 0x00, 0x02, 0x00,
            0xE8, 0x05, 0x00, 0x00, 0x3E, 0x00, 0x03, 0x00, 0x64, 0x04, 0x00, 0x00, 0x93, 0x03, 0x00, 0x00,
            0xF9, 0x00, 0x02, 0x00, 0xE9, 0x05, 0x00, 0x00, 0xF8, 0x00, 0x02, 0x00, 0xE9, 0x05, 0x00, 0x00,
            0x3D, 0x00, 0x04, 0x00, 0x60, 0x00, 0x00, 0x00, 0xEA, 0x05, 0x00, 0x00, 0x64, 0x04, 0x00, 0x00,
            0x3D, 0x00, 0x04, 0x00, 0x60, 0x00, 0x00, 0x00, 0xEB, 0x05, 0x00, 0x00, 0x60, 0x04, 0x00, 0x00,
            0x0C, 0x00, 0x07, 0x00, 0x60, 0x00, 0x00, 0x00, 0xEC, 0x05, 0x00, 0x00, 0x6D, 0x00, 0x00, 0x00,
            0x44, 0x00, 0x00, 0x00, 0xEA, 0x05, 0x00, 0x00, 0xEB, 0x05, 0x00, 0x00, 0x0C, 0x00, 0x06, 0x00,
            0x60, 0x00, 0x00, 0x00, 0xED, 0x05, 0x00, 0x00, 0x6D, 0x00, 0x00, 0x00, 0x45, 0x00, 0x00, 0x00,
            0xEC, 0x05, 0x00, 0x00, 0x3D, 0x00, 0x04, 0x00, 0x60, 0x00, 0x00, 0x00, 0xEE, 0x05, 0x00, 0x00,
            0x60, 0x04, 0x00, 0x00, 0x0C, 0x00, 0x07, 0x00, 0x60, 0x00, 0x00, 0x00, 0xEF, 0x05, 0x00, 0x00,
            0x6D, 0x00, 0x00, 0x00, 0x44, 0x00, 0x00, 0x00, 0xEE, 0x05, 0x00, 0x00, 0xED, 0x05, 0x00, 0x00,
            0x0C, 0x00, 0x06, 0x00, 0x11, 0x00, 0x00, 0x00, 0xF0, 0x05, 0x00, 0x00, 0x6D, 0x00, 0x00, 0x00,
            0x0E, 0x00, 0x00, 0x00, 0xD8, 0x05, 0x00, 0x00, 0x8E, 0x00, 0x05, 0x00, 0x60, 0x00, 0x00, 0x00,
            0xF1, 0x05, 0x00, 0x00, 0xED, 0x05, 0x00, 0x00, 0xF0, 0x05, 0x00, 0x00, 0x8E, 0x00, 0x05, 0x00,
            0x60, 0x00, 0x00, 0x00, 0xF2, 0x05, 0x00, 0x00, 0xF1, 0x05, 0x00, 0x00, 0xE2, 0x05, 0x00, 0x00,
            0x0C, 0x00, 0x06, 0x00, 0x11, 0x00, 0x00, 0x00, 0xF3, 0x05, 0x00, 0x00, 0x6D, 0x00, 0x00, 0x00,
            0x0D, 0x00, 0x00, 0x00, 0xD8, 0x05, 0x00, 0x00, 0x8E, 0x00, 0x05, 0x00, 0x60, 0x00, 0x00, 0x00,
            0xF4, 0x05, 0x00, 0x00, 0xEF, 0x05, 0x00, 0x00, 0xF3, 0x05, 0x00, 0x00, 0x8E, 0x00, 0x05, 0x00,
            0x60, 0x00, 0x00, 0x00, 0xF5, 0x05, 0x00, 0x00, 0xF4, 0x05, 0x00, 0x00, 0xE2, 0x05, 0x00, 0x00,
            0x81, 0x00, 0x05, 0x00, 0x60, 0x00, 0x00, 0x00, 0xF6, 0x05, 0x00, 0x00, 0xF2, 0x05, 0x00, 0x00,
            0xF5, 0x05, 0x00, 0x00, 0x3D, 0x00, 0x04, 0x00, 0x60, 0x00, 0x00, 0x00, 0xF7, 0x05, 0x00, 0x00,
            0x60, 0x04, 0x00, 0x00, 0x8E, 0x00, 0x05, 0x00, 0x60, 0x00, 0x00, 0x00, 0xF8, 0x05, 0x00, 0x00,
            0xF7, 0x05, 0x00, 0x00, 0xDF, 0x05, 0x00, 0x00, 0x81, 0x00, 0x05, 0x00, 0x60, 0x00, 0x00, 0x00,
            0xF9, 0x05, 0x00, 0x00, 0xF6, 0x05, 0x00, 0x00, 0xF8, 0x05, 0x00, 0x00, 0x0C, 0x00, 0x06, 0x00,
            0x60, 0x00, 0x00, 0x00, 0xFA, 0x05, 0x00, 0x00, 0x6D, 0x00, 0x00, 0x00, 0x45, 0x00, 0x00, 0x00,
            0xF9, 0x05, 0x00, 0x00, 0xF9, 0x00, 0x02, 0x00, 0xFB, 0x05, 0x00, 0x00, 0xF8, 0x00, 0x02, 0x00,
            0xFB, 0x05, 0x00, 0x00, 0x0C, 0x00, 0x07, 0x00, 0x60, 0x00, 0x00, 0x00, 0xFD, 0x05, 0x00, 0x00,
            0x6D, 0x00, 0x00, 0x00, 0x47, 0x00, 0x00, 0x00, 0x3C, 0x05, 0x00, 0x00, 0xFA, 0x05, 0x00, 0x00,
            0x3D, 0x00, 0x04, 0x00, 0x60, 0x00, 0x00, 0x00, 0xFE, 0x05, 0x00, 0x00, 0x60, 0x04, 0x00, 0x00,
            0x94, 0x00, 0x05, 0x00, 0x11, 0x00, 0x00, 0x00, 0xFF, 0x05, 0x00, 0x00, 0xFE, 0x05, 0x00, 0x00,
            0xFD, 0x05, 0x00, 0x00, 0xBC, 0x00, 0x05, 0x00, 0x1E, 0x00, 0x00, 0x00, 0x00, 0x06, 0x00, 0x00,
            0xFF, 0x05, 0x00, 0x00, 0x66, 0x00, 0x00, 0x00, 0xF7, 0x00, 0x03, 0x00, 0x02, 0x06, 0x00, 0x00,
            0x00, 0x00, 0x00, 0x00, 0xFA, 0x00, 0x04, 0x00, 0x00, 0x06, 0x00, 0x00, 0x01, 0x06, 0x00, 0x00,
            0x02, 0x06, 0x00, 0x00, 0xF8, 0x00, 0x02, 0x00, 0x01, 0x06, 0x00, 0x00, 0x3E, 0x00, 0x03, 0x00,
            0x59, 0x04, 0x00, 0x00, 0x92, 0x05, 0x00, 0x00, 0xF9, 0x00, 0x02, 0x00, 0x36, 0x06, 0x00, 0x00,
            0xF8, 0x00, 0x02, 0x00, 0x02, 0x06, 0x00, 0x00, 0x3D, 0x00, 0x04, 0x00, 0x60, 0x00, 0x00, 0x00,
            0x03, 0x06, 0x00, 0x00, 0x60, 0x04, 0x00, 0x00, 0x94, 0x00, 0x05, 0x00, 0x11, 0x00, 0x00, 0x00,
            0x04, 0x06, 0x00, 0x00, 0x03, 0x06, 0x00, 0x00, 0xFA, 0x05, 0x00, 0x00, 0x0C, 0x00, 0x07, 0x00,
            0x11, 0x00, 0x00, 0x00, 0x05, 0x06, 0x00, 0x00, 0x6D, 0x00, 0x00, 0x00, 0x28, 0x00, 0x00, 0x00,
            0x04, 0x06, 0x00, 0x00, 0x66, 0x00, 0x00, 0x00, 0x94, 0x00, 0x05, 0x00, 0x11, 0x00, 0x00, 0x00,
            0x06, 0x06, 0x00, 0x00, 0xFA, 0x05, 0x00, 0x00, 0x3D, 0x05, 0x00, 0x00, 0x0C, 0x00, 0x07, 0x00,
            0x11, 0x00, 0x00, 0x00, 0x07, 0x06, 0x00, 0x00, 0x6D, 0x00, 0x00, 0x00, 0x28, 0x00, 0x00, 0x00,
            0x06, 0x06, 0x00, 0x00, 0x66, 0x00, 0x00, 0x00, 0x83, 0x00, 0x05, 0x00, 0x60, 0x00, 0x00, 0x00,
            0x93, 0x07, 0x00, 0x00, 0xCD, 0x00, 0x00, 0x00, 0x41, 0x05, 0x00, 0x00, 0x83, 0x00, 0x05, 0x00,
            0x11, 0x00, 0x00, 0x00, 0x94, 0x07, 0x00, 0x00, 0x55, 0x00, 0x00, 0x00, 0x07, 0x06, 0x00, 0x00,
            0x0C, 0x00, 0x08, 0x00, 0x11, 0x00, 0x00, 0x00, 0x95, 0x07, 0x00, 0x00, 0x6D, 0x00, 0x00, 0x00,
            0x2B, 0x00, 0x00, 0x00, 0x94, 0x07, 0x00, 0x00, 0x66, 0x00, 0x00, 0x00, 0x55, 0x00, 0x00, 0x00,
            0x0C, 0x00, 0x07, 0x00, 0x11, 0x00, 0x00, 0x00, 0x96, 0x07, 0x00, 0x00, 0x6D, 0x00, 0x00, 0x00,
            0x1A, 0x00, 0x00, 0x00, 0x95, 0x07, 0x00, 0x00, 0x4E, 0x03, 0x00, 0x00, 0x8E, 0x00, 0x05, 0x00,
            0x60, 0x00, 0x00, 0x00, 0x97, 0x07, 0x00, 0x00, 0x93, 0x07, 0x00, 0x00, 0x96, 0x07, 0x00, 0x00,
            0x81, 0x00, 0x05, 0x00, 0x60, 0x00, 0x00, 0x00, 0x98, 0x07, 0x00, 0x00, 0x41, 0x05, 0x00, 0x00,
            0x97, 0x07, 0x00, 0x00, 0x3E, 0x00, 0x03, 0x00, 0x90, 0x07, 0x00, 0x00, 0x98, 0x07, 0x00, 0x00,
            0x3D, 0x00, 0x04, 0x00, 0x60, 0x00, 0x00, 0x00, 0x08, 0x06, 0x00, 0x00, 0x90, 0x07, 0x00, 0x00,
            0x81, 0x00, 0x05, 0x00, 0x11, 0x00, 0x00, 0x00, 0xA0, 0x07, 0x00, 0x00, 0x43, 0x05, 0x00, 0x00,
            0x55, 0x00, 0x00, 0x00, 0x85, 0x00, 0x05, 0x00, 0x11, 0x00, 0x00, 0x00, 0xA1, 0x07, 0x00, 0x00,
            0xA0, 0x07, 0x00, 0x00, 0xA0, 0x07, 0x00, 0x00, 0x85, 0x00, 0x05, 0x00, 0x11, 0x00, 0x00, 0x00,
            0xA2, 0x07, 0x00, 0x00, 0xA1, 0x07, 0x00, 0x00, 0xE8, 0x07, 0x00, 0x00, 0x83, 0x00, 0x05, 0x00,
            0x11, 0x00, 0x00, 0x00, 0xA3, 0x07, 0x00, 0x00, 0x55, 0x00, 0x00, 0x00, 0xA2, 0x07, 0x00, 0x00,
            0x85, 0x00, 0x05, 0x00, 0x11, 0x00, 0x00, 0x00, 0xA4, 0x07, 0x00, 0x00, 0x95, 0x05, 0x00, 0x00,
            0xA3, 0x07, 0x00, 0x00, 0x81, 0x00, 0x05, 0x00, 0x11, 0x00, 0x00, 0x00, 0xA5, 0x07, 0x00, 0x00,
            0xA4, 0x07, 0x00, 0x00, 0xA2, 0x07, 0x00, 0x00, 0x88, 0x00, 0x05, 0x00, 0x11, 0x00, 0x00, 0x00,
            0xA6, 0x07, 0x00, 0x00, 0x95, 0x05, 0x00, 0x00, 0xA5, 0x07, 0x00, 0x00, 0x3E, 0x00, 0x03, 0x00,
            0x9E, 0x07, 0x00, 0x00, 0xA6, 0x07, 0x00, 0x00, 0x3D, 0x00, 0x04, 0x00, 0x11, 0x00, 0x00, 0x00,
            0x9B, 0x07, 0x00, 0x00, 0x9E, 0x07, 0x00, 0x00, 0x81, 0x00, 0x05, 0x00, 0x11, 0x00, 0x00, 0x00,
            0xA9, 0x07, 0x00, 0x00, 0x43, 0x05, 0x00, 0x00, 0x55, 0x00, 0x00, 0x00, 0x85, 0x00, 0x05, 0x00,
            0x11, 0x00, 0x00, 0x00, 0xAA, 0x07, 0x00, 0x00, 0xA9, 0x07, 0x00, 0x00, 0xA9, 0x07, 0x00, 0x00,
            0x85, 0x00, 0x05, 0x00, 0x11, 0x00, 0x00, 0x00, 0xAB, 0x07, 0x00, 0x00, 0xAA, 0x07, 0x00, 0x00,
            0xE8, 0x07, 0x00, 0x00, 0x83, 0x00, 0x05, 0x00, 0x11, 0x00, 0x00, 0x00, 0xAC, 0x07, 0x00, 0x00,
            0x55, 0x00, 0x00, 0x00, 0xAB, 0x07, 0x00, 0x00, 0x85, 0x00, 0x05, 0x00, 0x11, 0x00, 0x00, 0x00,
            0xAD, 0x07, 0x00, 0x00, 0xFF, 0x05, 0x00, 0x00, 0xAC, 0x07, 0x00, 0x00, 0x81, 0x00, 0x05, 0x00,
            0x11, 0x00, 0x00, 0x00, 0xAE, 0x07, 0x00, 0x00, 0xAD, 0x07, 0x00, 0x00, 0xAB, 0x07, 0x00, 0x00,
            0x88, 0x00, 0x05, 0x00, 0x11, 0x00, 0x00, 0x00, 0xAF, 0x07, 0x00, 0x00, 0xFF, 0x05, 0x00, 0x00,
            0xAE, 0x07, 0x00, 0x00, 0x3E, 0x00, 0x03, 0x00, 0xA7, 0x07, 0x00, 0x00, 0xAF, 0x07, 0x00, 0x00,
            0x3D, 0x00, 0x04, 0x00, 0x11, 0x00, 0x00, 0x00, 0x9C, 0x07, 0x00, 0x00, 0xA7, 0x07, 0x00, 0x00,
            0x85, 0x00, 0x05, 0x00, 0x11, 0x00, 0x00, 0x00, 0x9D, 0x07, 0x00, 0x00, 0x9B, 0x07, 0x00, 0x00,
            0x9C, 0x07, 0x00, 0x00, 0x3E, 0x00, 0x03, 0x00, 0x99, 0x07, 0x00, 0x00, 0x9D, 0x07, 0x00, 0x00,
            0x3D, 0x00, 0x04, 0x00, 0x11, 0x00, 0x00, 0x00, 0x09, 0x06, 0x00, 0x00, 0x99, 0x07, 0x00, 0x00,
            0x8E, 0x00, 0x05, 0x00, 0x60, 0x00, 0x00, 0x00, 0x0A, 0x06, 0x00, 0x00, 0x08, 0x06, 0x00, 0x00,
            0x09, 0x06, 0x00, 0x00, 0x8E, 0x00, 0x05, 0x00, 0x60, 0x00, 0x00, 0x00, 0x0B, 0x06, 0x00, 0x00,
            0x0A, 0x06, 0x00, 0x00, 0x07, 0x06, 0x00, 0x00, 0x85, 0x00, 0x05, 0x00, 0x11, 0x00, 0x00, 0x00,
            0x0C, 0x06, 0x00, 0x00, 0x95, 0x05, 0x00, 0x00, 0x05, 0x06, 0x00, 0x00, 0x85, 0x00, 0x05, 0x00,
            0x11, 0x00, 0x00, 0x00, 0x0D, 0x06, 0x00, 0x00, 0x0C, 0x06, 0x00, 0x00, 0x4D, 0x05, 0x00, 0x00,
            0x81, 0x00, 0x05, 0x00, 0x11, 0x00, 0x00, 0x00, 0x0E, 0x06, 0x00, 0x00, 0x0D, 0x06, 0x00, 0x00,
            0xD9, 0x02, 0x00, 0x00, 0x50, 0x00, 0x06, 0x00, 0x60, 0x00, 0x00, 0x00, 0x0F, 0x06, 0x00, 0x00,
            0x0E, 0x06, 0x00, 0x00, 0x0E, 0x06, 0x00, 0x00, 0x0E, 0x06, 0x00, 0x00, 0x88, 0x00, 0x05, 0x00,
            0x60, 0x00, 0x00, 0x00, 0x10, 0x06, 0x00, 0x00, 0x0B, 0x06, 0x00, 0x00, 0x0F, 0x06, 0x00, 0x00,
            0x0C, 0x00, 0x07, 0x00, 0x60, 0x00, 0x00, 0x00, 0x11, 0x06, 0x00, 0x00, 0x6D, 0x00, 0x00, 0x00,
            0x25, 0x00, 0x00, 0x00, 0x10, 0x06, 0x00, 0x00, 0xC2, 0x03, 0x00, 0x00, 0x3D, 0x00, 0x04, 0x00,
            0x60, 0x00, 0x00, 0x00, 0x12, 0x06, 0x00, 0x00, 0x58, 0x04, 0x00, 0x00, 0x85, 0x00, 0x05, 0x00,
            0x60, 0x00, 0x00, 0x00, 0x13, 0x06, 0x00, 0x00, 0x12, 0x06, 0x00, 0x00, 0x11, 0x06, 0x00, 0x00,
            0x3E, 0x00, 0x03, 0x00, 0x64, 0x04, 0x00, 0x00, 0xFD, 0x05, 0x00, 0x00, 0x3E, 0x00, 0x03, 0x00,
            0x65, 0x04, 0x00, 0x00, 0x13, 0x06, 0x00, 0x00, 0xF9, 0x00, 0x02, 0x00, 0x14, 0x06, 0x00, 0x00,
            0xF8, 0x00, 0x02, 0x00, 0x14, 0x06, 0x00, 0x00, 0x3D, 0x00, 0x04, 0x00, 0x60, 0x00, 0x00, 0x00,
            0x15, 0x06, 0x00, 0x00, 0x60, 0x04, 0x00, 0x00, 0x8E, 0x00, 0x05, 0x00, 0x60, 0x00, 0x00, 0x00,
            0x16, 0x06, 0x00, 0x00, 0x15, 0x06, 0x00, 0x00, 0xDE, 0x00, 0x00, 0x00, 0x81, 0x00, 0x05, 0x00,
            0x60, 0x00, 0x00, 0x00, 0x17, 0x06, 0x00, 0x00, 0xB7, 0x04, 0x00, 0x00, 0x16, 0x06, 0x00, 0x00,
            0x3D, 0x00, 0x04, 0x00, 0x16, 0x00, 0x00, 0x00, 0x18, 0x06, 0x00, 0x00, 0x5A, 0x04, 0x00, 0x00,
            0xAF, 0x00, 0x05, 0x00, 0x1E, 0x00, 0x00, 0x00, 0x19, 0x06, 0x00, 0x00, 0x18, 0x06, 0x00, 0x00,
            0xD8, 0x00, 0x00, 0x00, 0xF7, 0x00, 0x03, 0x00, 0x2F, 0x06, 0x00, 0x00, 0x00, 0x00, 0x00, 0x00,
            0xFA, 0x00, 0x04, 0x00, 0x19, 0x06, 0x00, 0x00, 0x1C, 0x06, 0x00, 0x00, 0x1A, 0x06, 0x00, 0x00,
            0xF8, 0x00, 0x02, 0x00, 0x1A, 0x06, 0x00, 0x00, 0x3D, 0x00, 0x04, 0x00, 0x60, 0x00, 0x00, 0x00,
            0x1B, 0x06, 0x00, 0x00, 0x65, 0x04, 0x00, 0x00, 0x3E, 0x00, 0x03, 0x00, 0x58, 0x04, 0x00, 0x00,
            0x1B, 0x06, 0x00, 0x00, 0xF9, 0x00, 0x02, 0x00, 0x2F, 0x06, 0x00, 0x00, 0xF8, 0x00, 0x02, 0x00,
            0x1C, 0x06, 0x00, 0x00, 0x3D, 0x00, 0x04, 0x00, 0x60, 0x00, 0x00, 0x00, 0x1D, 0x06, 0x00, 0x00,
            0x65, 0x04, 0x00, 0x00, 0x51, 0x00, 0x05, 0x00, 0x11, 0x00, 0x00, 0x00, 0x1E, 0x06, 0x00, 0x00,
            0x1D, 0x06, 0x00, 0x00, 0x00, 0x00, 0x00, 0x00, 0x3D, 0x00, 0x04, 0x00, 0x60, 0x00, 0x00, 0x00,
            0x1F, 0x06, 0x00, 0x00, 0x65, 0x04, 0x00, 0x00, 0x51, 0x00, 0x05, 0x00, 0x11, 0x00, 0x00, 0x00,
            0x20, 0x06, 0x00, 0x00, 0x1F, 0x06, 0x00, 0x00, 0x01, 0x00, 0x00, 0x00, 0x3D, 0x00, 0x04, 0x00,
            0x60, 0x00, 0x00, 0x00, 0x21, 0x06, 0x00, 0x00, 0x65, 0x04, 0x00, 0x00, 0x51, 0x00, 0x05, 0x00,
            0x11, 0x00, 0x00, 0x00, 0x22, 0x06, 0x00, 0x00, 0x21, 0x06, 0x00, 0x00, 0x02, 0x00, 0x00, 0x00,
            0x0C, 0x00, 0x07, 0x00, 0x11, 0x00, 0x00, 0x00, 0x23, 0x06, 0x00, 0x00, 0x6D, 0x00, 0x00, 0x00,
            0x28, 0x00, 0x00, 0x00, 0x20, 0x06, 0x00, 0x00, 0x22, 0x06, 0x00, 0x00, 0x0C, 0x00, 0x07, 0x00,
            0x11, 0x00, 0x00, 0x00, 0x24, 0x06, 0x00, 0x00, 0x6D, 0x00, 0x00, 0x00, 0x28, 0x00, 0x00, 0x00,
            0x1E, 0x06, 0x00, 0x00, 0x23, 0x06, 0x00, 0x00, 0x3D, 0x00, 0x04, 0x00, 0x05, 0x00, 0x00, 0x00,
            0x25, 0x06, 0x00, 0x00, 0x07, 0x00, 0x00, 0x00, 0x84, 0x00, 0x05, 0x00, 0x05, 0x00, 0x00, 0x00,
            0xB2, 0x07, 0x00, 0x00, 0x25, 0x06, 0x00, 0x00, 0x38, 0x00, 0x00, 0x00, 0x80, 0x00, 0x05, 0x00,
            0x05, 0x00, 0x00, 0x00, 0xB3, 0x07, 0x00, 0x00, 0xB2, 0x07, 0x00, 0x00, 0x3A, 0x00, 0x00, 0x00,
            0xC2, 0x00, 0x05, 0x00, 0x05, 0x00, 0x00, 0x00, 0xB4, 0x07, 0x00, 0x00, 0xB3, 0x07, 0x00, 0x00,
            0x3C, 0x00, 0x00, 0x00, 0x80, 0x00, 0x05, 0x00, 0x05, 0x00, 0x00, 0x00, 0xB5, 0x07, 0x00, 0x00,
            0xB4, 0x07, 0x00, 0x00, 0x3E, 0x00, 0x00, 0x00, 0xC2, 0x00, 0x05, 0x00, 0x05, 0x00, 0x00, 0x00,
            0xB6, 0x07, 0x00, 0x00, 0xB3, 0x07, 0x00, 0x00, 0xB5, 0x07, 0x00, 0x00, 0xC6, 0x00, 0x05, 0x00,
            0x05, 0x00, 0x00, 0x00, 0xB7, 0x07, 0x00, 0x00, 0xB6, 0x07, 0x00, 0x00, 0xB3, 0x07, 0x00, 0x00,
            0x84, 0x00, 0x05, 0x00, 0x05, 0x00, 0x00, 0x00, 0xB8, 0x07, 0x00, 0x00, 0xB7, 0x07, 0x00, 0x00,
            0x42, 0x00, 0x00, 0x00, 0xC2, 0x00, 0x05, 0x00, 0x05, 0x00, 0x00, 0x00, 0xB9, 0x07, 0x00, 0x00,
            0xB8, 0x07, 0x00, 0x00, 0x44, 0x00, 0x00, 0x00, 0xC6, 0x00, 0x05, 0x00, 0x05, 0x00, 0x00, 0x00,
            0xBA, 0x07, 0x00, 0x00, 0xB9, 0x07, 0x00, 0x00, 0xB8, 0x07, 0x00, 0x00, 0x3E, 0x00, 0x03, 0x00,
            0xB0, 0x07, 0x00, 0x00, 0xBA, 0x07, 0x00, 0x00, 0x3D, 0x00, 0x04, 0x00, 0x05, 0x00, 0x00, 0x00,
            0x26, 0x06, 0x00, 0x00, 0xB0, 0x07, 0x00, 0x00, 0x3E, 0x00, 0x03, 0x00, 0x07, 0x00, 0x00, 0x00,
            0x26, 0x06, 0x00, 0x00, 0x70, 0x00, 0x04, 0x00, 0x11, 0x00, 0x00, 0x00, 0x27, 0x06, 0x00, 0x00,
            0x26, 0x06, 0x00, 0x00, 0x85, 0x00, 0x05, 0x00, 0x11, 0x00, 0x00, 0x00, 0x28, 0x06, 0x00, 0x00,
            0x27, 0x06, 0x00, 0x00, 0xE5, 0x07, 0x00, 0x00, 0xBA, 0x00, 0x05, 0x00, 0x1E, 0x00, 0x00, 0x00,
            0x29, 0x06, 0x00, 0x00, 0x28, 0x06, 0x00, 0x00, 0x24, 0x06, 0x00, 0x00, 0xF7, 0x00, 0x03, 0x00,
            0x2B, 0x06, 0x00, 0x00, 0x00, 0x00, 0x00, 0x00, 0xFA, 0x00, 0x04, 0x00, 0x29, 0x06, 0x00, 0x00,
            0x2A, 0x06, 0x00, 0x00, 0x2B, 0x06, 0x00, 0x00, 0xF8, 0x00, 0x02, 0x00, 0x2A, 0x06, 0x00, 0x00,
            0x3E, 0x00, 0x03, 0x00, 0x59, 0x04, 0x00, 0x00, 0x92, 0x05, 0x00, 0x00, 0xF9, 0x00, 0x02, 0x00,
            0x36, 0x06, 0x00, 0x00, 0xF8, 0x00, 0x02, 0x00, 0x2B, 0x06, 0x00, 0x00, 0x3D, 0x00, 0x04, 0x00,
            0x60, 0x00, 0x00, 0x00, 0x2C, 0x06, 0x00, 0x00, 0x65, 0x04, 0x00, 0x00, 0x50, 0x00, 0x06, 0x00,
            0x60, 0x00, 0x00, 0x00, 0x2D, 0x06, 0x00, 0x00, 0x24, 0x06, 0x00, 0x00, 0x24, 0x06, 0x00, 0x00,
            0x24, 0x06, 0x00, 0x00, 0x88, 0x00, 0x05, 0x00, 0x60, 0x00, 0x00, 0x00, 0x2E, 0x06, 0x00, 0x00,
            0x2C, 0x06, 0x00, 0x00, 0x2D, 0x06, 0x00, 0x00, 0x3E, 0x00, 0x03, 0x00, 0x58, 0x04, 0x00, 0x00,
            0x2E, 0x06, 0x00, 0x00, 0xF9, 0x00, 0x02, 0x00, 0x2F, 0x06, 0x00, 0x00, 0xF8, 0x00, 0x02, 0x00,
            0x2F, 0x06, 0x00, 0x00, 0xF9, 0x00, 0x02, 0x00, 0x30, 0x06, 0x00, 0x00, 0xF8, 0x00, 0x02, 0x00,
            0x30, 0x06, 0x00, 0x00, 0xF9, 0x00, 0x02, 0x00, 0x31, 0x06, 0x00, 0x00, 0xF8, 0x00, 0x02, 0x00,
            0x31, 0x06, 0x00, 0x00, 0x3D, 0x00, 0x04, 0x00, 0x16, 0x00, 0x00, 0x00, 0x32, 0x06, 0x00, 0x00,
            0x5A, 0x04, 0x00, 0x00, 0x80, 0x00, 0x05, 0x00, 0x16, 0x00, 0x00, 0x00, 0x33, 0x06, 0x00, 0x00,
            0x32, 0x06, 0x00, 0x00, 0x5B, 0x00, 0x00, 0x00, 0x3E, 0x00, 0x03, 0x00, 0x56, 0x04, 0x00, 0x00,
            0x17, 0x06, 0x00, 0x00, 0x3D, 0x00, 0x04, 0x00, 0x60, 0x00, 0x00, 0x00, 0x34, 0x06, 0x00, 0x00,
            0x64, 0x04, 0x00, 0x00, 0x3E, 0x00, 0x03, 0x00, 0x57, 0x04, 0x00, 0x00, 0x34, 0x06, 0x00, 0x00,
            0x3E, 0x00, 0x03, 0x00, 0x5A, 0x04, 0x00, 0x00, 0x33, 0x06, 0x00, 0x00, 0x3E, 0x00, 0x03, 0x00,
            0x59, 0x04, 0x00, 0x00, 0x92, 0x05, 0x00, 0x00, 0xF9, 0x00, 0x02, 0x00, 0x35, 0x06, 0x00, 0x00,
            0xF8, 0x00, 0x02, 0x00, 0x35, 0x06, 0x00, 0x00, 0xF9, 0x00, 0x02, 0x00, 0x68, 0x04, 0x00, 0x00,
            0xF8, 0x00, 0x02, 0x00, 0x36, 0x06, 0x00, 0x00, 0x3D, 0x00, 0x04, 0x00, 0x60, 0x00, 0x00, 0x00,
            0x37, 0x06, 0x00, 0x00, 0x59, 0x04, 0x00, 0x00, 0x3E, 0x00, 0x03, 0x00, 0x66, 0x04, 0x00, 0x00,
            0x37, 0x06, 0x00, 0x00, 0x3D, 0x00, 0x04, 0x00, 0x60, 0x00, 0x00, 0x00, 0x70, 0x00, 0x00, 0x00,
            0x66, 0x04, 0x00, 0x00, 0x41, 0x00, 0x05, 0x00, 0xE5, 0x00, 0x00, 0x00, 0x31, 0x04, 0x00, 0x00,
            0x15, 0x00, 0x00, 0x00, 0x30, 0x04, 0x00, 0x00, 0x3D, 0x00, 0x04, 0x00, 0x0E, 0x00, 0x00, 0x00,
            0x32, 0x04, 0x00, 0x00, 0x31, 0x04, 0x00, 0x00, 0x51, 0x00, 0x05, 0x00, 0x05, 0x00, 0x00, 0x00,
            0x33, 0x04, 0x00, 0x00, 0x32, 0x04, 0x00, 0x00, 0x00, 0x00, 0x00, 0x00, 0x43, 0x11, 0x06, 0x00,
            0xE9, 0x00, 0x00, 0x00, 0x34, 0x04, 0x00, 0x00, 0x08, 0x01, 0x00, 0x00, 0xED, 0x00, 0x00, 0x00,
            0x33, 0x04, 0x00, 0x00, 0x3D, 0x00, 0x04, 0x00, 0x06, 0x01, 0x00, 0x00, 0x35, 0x04, 0x00, 0x00,
            0x34, 0x04, 0x00, 0x00, 0x0C, 0x00, 0x07, 0x00, 0x60, 0x00, 0x00, 0x00, 0x36, 0x04, 0x00, 0x00,
            0x6D, 0x00, 0x00, 0x00, 0x25, 0x00, 0x00, 0x00, 0x70, 0x00, 0x00, 0x00, 0x37, 0x04, 0x00, 0x00,
            0x50, 0x00, 0x05, 0x00, 0x12, 0x00, 0x00, 0x00, 0x39, 0x04, 0x00, 0x00, 0x36, 0x04, 0x00, 0x00,
            0x55, 0x00, 0x00, 0x00, 0x63, 0x00, 0x04, 0x00, 0x35, 0x04, 0x00, 0x00, 0x0F, 0x00, 0x00, 0x00,
            0x39, 0x04, 0x00, 0x00, 0xF9, 0x00, 0x02, 0x00, 0x3C, 0x04, 0x00, 0x00, 0xF8, 0x00, 0x02, 0x00,
            0x3C, 0x04, 0x00, 0x00, 0xFD, 0x00, 0x01, 0x00, 0x38, 0x00, 0x01, 0x00
        ],
        ThreadGroupSize = new()
        {
            X = 8,
            Y = 8,
            Z = 1
        }
    };
    #endregion
}
