using Zenith.NET;

namespace CornellBox.Passes;

internal partial class TonemapPass
{
    #region DirectX12
    private static readonly ShaderDesc DirectX12CSMain = new()
    {
        Name = "CSMain",
        CodeBytes =
        [
            0x44, 0x58, 0x42, 0x43, 0x26, 0xDE, 0xE8, 0x42, 0xAC, 0x8A, 0x1A, 0xC7, 0x8D, 0x82, 0x11, 0xF8,
            0x08, 0x75, 0x9A, 0xBA, 0x01, 0x00, 0x00, 0x00, 0x0C, 0x12, 0x00, 0x00, 0x07, 0x00, 0x00, 0x00,
            0x3C, 0x00, 0x00, 0x00, 0x4C, 0x00, 0x00, 0x00, 0x5C, 0x00, 0x00, 0x00, 0x6C, 0x00, 0x00, 0x00,
            0xDC, 0x00, 0x00, 0x00, 0x6C, 0x08, 0x00, 0x00, 0x88, 0x08, 0x00, 0x00, 0x53, 0x46, 0x49, 0x30,
            0x08, 0x00, 0x00, 0x00, 0x00, 0x00, 0x00, 0x06, 0x00, 0x00, 0x00, 0x00, 0x49, 0x53, 0x47, 0x31,
            0x08, 0x00, 0x00, 0x00, 0x00, 0x00, 0x00, 0x00, 0x08, 0x00, 0x00, 0x00, 0x4F, 0x53, 0x47, 0x31,
            0x08, 0x00, 0x00, 0x00, 0x00, 0x00, 0x00, 0x00, 0x08, 0x00, 0x00, 0x00, 0x50, 0x53, 0x56, 0x30,
            0x68, 0x00, 0x00, 0x00, 0x34, 0x00, 0x00, 0x00, 0x00, 0x00, 0x00, 0x00, 0x00, 0x00, 0x00, 0x00,
            0x00, 0x00, 0x00, 0x00, 0x00, 0x00, 0x00, 0x00, 0x00, 0x00, 0x00, 0x00, 0xFF, 0xFF, 0xFF, 0xFF,
            0x05, 0x00, 0x00, 0x00, 0x00, 0x00, 0x00, 0x00, 0x00, 0x00, 0x00, 0x00, 0x08, 0x00, 0x00, 0x00,
            0x08, 0x00, 0x00, 0x00, 0x01, 0x00, 0x00, 0x00, 0x01, 0x00, 0x00, 0x00, 0x01, 0x00, 0x00, 0x00,
            0x18, 0x00, 0x00, 0x00, 0x02, 0x00, 0x00, 0x00, 0x00, 0x00, 0x00, 0x00, 0x00, 0x00, 0x00, 0x00,
            0x00, 0x00, 0x00, 0x00, 0x0D, 0x00, 0x00, 0x00, 0x00, 0x00, 0x00, 0x00, 0x08, 0x00, 0x00, 0x00,
            0x00, 0x43, 0x53, 0x4D, 0x61, 0x69, 0x6E, 0x00, 0x00, 0x00, 0x00, 0x00, 0x53, 0x54, 0x41, 0x54,
            0x88, 0x07, 0x00, 0x00, 0x66, 0x00, 0x05, 0x00, 0xE2, 0x01, 0x00, 0x00, 0x44, 0x58, 0x49, 0x4C,
            0x06, 0x01, 0x00, 0x00, 0x10, 0x00, 0x00, 0x00, 0x70, 0x07, 0x00, 0x00, 0x42, 0x43, 0xC0, 0xDE,
            0x21, 0x0C, 0x00, 0x00, 0xD9, 0x01, 0x00, 0x00, 0x0B, 0x82, 0x20, 0x00, 0x02, 0x00, 0x00, 0x00,
            0x13, 0x00, 0x00, 0x00, 0x07, 0x81, 0x23, 0x91, 0x41, 0xC8, 0x04, 0x49, 0x06, 0x10, 0x32, 0x39,
            0x92, 0x01, 0x84, 0x0C, 0x25, 0x05, 0x08, 0x19, 0x1E, 0x04, 0x8B, 0x62, 0x80, 0x18, 0x45, 0x02,
            0x42, 0x92, 0x0B, 0x42, 0xC4, 0x10, 0x32, 0x14, 0x38, 0x08, 0x18, 0x4B, 0x0A, 0x32, 0x62, 0x88,
            0x48, 0x90, 0x14, 0x20, 0x43, 0x46, 0x88, 0xA5, 0x00, 0x19, 0x32, 0x42, 0xE4, 0x48, 0x0E, 0x90,
            0x11, 0x23, 0xC4, 0x50, 0x41, 0x51, 0x81, 0x8C, 0xE1, 0x83, 0xE5, 0x8A, 0x04, 0x31, 0x46, 0x06,
            0x51, 0x18, 0x00, 0x00, 0x08, 0x00, 0x00, 0x00, 0x1B, 0x8C, 0xE0, 0xFF, 0xFF, 0xFF, 0xFF, 0x07,
            0x40, 0x02, 0xA8, 0x0D, 0x86, 0xF0, 0xFF, 0xFF, 0xFF, 0xFF, 0x03, 0x20, 0x01, 0xD5, 0x06, 0x62,
            0xF8, 0xFF, 0xFF, 0xFF, 0xFF, 0x01, 0x90, 0x00, 0x49, 0x18, 0x00, 0x00, 0x03, 0x00, 0x00, 0x00,
            0x13, 0x82, 0x60, 0x42, 0x20, 0x4C, 0x08, 0x06, 0x00, 0x00, 0x00, 0x00, 0x89, 0x20, 0x00, 0x00,
            0x47, 0x00, 0x00, 0x00, 0x32, 0x22, 0x88, 0x09, 0x20, 0x64, 0x85, 0x04, 0x13, 0x23, 0xA4, 0x84,
            0x04, 0x13, 0x23, 0xE3, 0x84, 0xA1, 0x90, 0x14, 0x12, 0x4C, 0x8C, 0x8C, 0x0B, 0x84, 0xC4, 0x4C,
            0x10, 0xA4, 0xC1, 0x08, 0x40, 0x09, 0x00, 0x0A, 0xE6, 0x08, 0xC0, 0xA0, 0x0C, 0xC3, 0x30, 0x10,
            0x31, 0x47, 0x80, 0x90, 0x71, 0xCF, 0x70, 0xF9, 0x13, 0xF6, 0x10, 0x92, 0x1F, 0x02, 0xCD, 0xB0,
            0x10, 0x28, 0x38, 0xE6, 0x08, 0x82, 0x52, 0x20, 0xC3, 0x90, 0x24, 0xA4, 0xCC, 0x00, 0x94, 0x81,
            0x19, 0x18, 0x6A, 0x0A, 0xC1, 0x0C, 0x0C, 0x43, 0xCF, 0x4D, 0xC3, 0xE5, 0x4F, 0xD8, 0x43, 0x48,
            0xFE, 0x4A, 0x48, 0x2B, 0x31, 0xF9, 0xC5, 0x6D, 0xA3, 0x82, 0x61, 0x18, 0x66, 0x28, 0x4C, 0x34,
            0x20, 0x08, 0xC3, 0x30, 0xCC, 0x30, 0x0C, 0x0C, 0x49, 0x65, 0x01, 0x06, 0x64, 0x18, 0x06, 0x86,
            0x61, 0x18, 0x83, 0xA8, 0xA3, 0x86, 0xCB, 0x9F, 0xB0, 0x87, 0x90, 0x7C, 0x6E, 0xA3, 0x8A, 0x95,
            0x98, 0x7C, 0xE4, 0xB6, 0x11, 0x31, 0x0C, 0xC3, 0x50, 0x08, 0x6B, 0x40, 0x06, 0xBA, 0x8E, 0x1A,
            0x2E, 0x7F, 0xC2, 0x1E, 0x42, 0xF2, 0xB9, 0x8D, 0x2A, 0x56, 0x62, 0xF2, 0x8B, 0xDB, 0x46, 0x04,
            0xC3, 0x30, 0x4C, 0x21, 0xB2, 0x01, 0x19, 0x48, 0xBB, 0x6D, 0xB8, 0xFC, 0x09, 0x7B, 0x08, 0xC9,
            0x5F, 0x09, 0xC9, 0xA1, 0x22, 0x81, 0x48, 0x23, 0xE7, 0x21, 0xA2, 0x09, 0x21, 0x24, 0x24, 0x0C,
            0x43, 0x21, 0x90, 0x01, 0xE1, 0xA8, 0x3B, 0x68, 0xB8, 0xFC, 0x09, 0x7B, 0x08, 0xC9, 0x5F, 0x09,
            0x69, 0x43, 0x9A, 0x01, 0x11, 0xC3, 0x30, 0x18, 0xA5, 0x40, 0x86, 0x6F, 0x48, 0x08, 0x1C, 0x08,
            0x18, 0x46, 0x20, 0x98, 0x61, 0x04, 0x61, 0x38, 0x49, 0x9A, 0x22, 0x4A, 0x98, 0x7C, 0xCE, 0x69,
            0xA4, 0x09, 0x68, 0x26, 0xE9, 0xA7, 0x51, 0x31, 0x92, 0x24, 0x49, 0xDE, 0x22, 0x38, 0x8D, 0x34,
            0x01, 0xCD, 0x24, 0xFD, 0x34, 0x0A, 0x4A, 0x32, 0xE7, 0x08, 0x40, 0x01, 0x00, 0x00, 0x00, 0x00,
            0x13, 0x14, 0x72, 0xC0, 0x87, 0x74, 0x60, 0x87, 0x36, 0x68, 0x87, 0x79, 0x68, 0x03, 0x72, 0xC0,
            0x87, 0x0D, 0xAE, 0x50, 0x0E, 0x6D, 0xD0, 0x0E, 0x7A, 0x50, 0x0E, 0x6D, 0x00, 0x0F, 0x7A, 0x30,
            0x07, 0x72, 0xA0, 0x07, 0x73, 0x20, 0x07, 0x6D, 0x90, 0x0E, 0x71, 0xA0, 0x07, 0x73, 0x20, 0x07,
            0x6D, 0x90, 0x0E, 0x78, 0xA0, 0x07, 0x78, 0xD0, 0x06, 0xE9, 0x10, 0x07, 0x76, 0xA0, 0x07, 0x71,
            0x60, 0x07, 0x6D, 0x90, 0x0E, 0x73, 0x20, 0x07, 0x7A, 0x30, 0x07, 0x72, 0xD0, 0x06, 0xE9, 0x60,
            0x07, 0x74, 0xA0, 0x07, 0x76, 0x40, 0x07, 0x6D, 0x60, 0x0E, 0x71, 0x60, 0x07, 0x7A, 0x10, 0x07,
            0x76, 0xD0, 0x06, 0xE6, 0x30, 0x07, 0x72, 0xA0, 0x07, 0x73, 0x20, 0x07, 0x6D, 0x60, 0x0E, 0x76,
            0x40, 0x07, 0x7A, 0x60, 0x07, 0x74, 0xD0, 0x06, 0xEE, 0x80, 0x07, 0x7A, 0x10, 0x07, 0x76, 0xA0,
            0x07, 0x73, 0x20, 0x07, 0x7A, 0x60, 0x07, 0x74, 0x30, 0xE4, 0x09, 0x80, 0x00, 0x00, 0x00, 0x00,
            0x00, 0x00, 0x00, 0x00, 0x00, 0x60, 0xC8, 0x43, 0x00, 0x01, 0x10, 0x00, 0x00, 0x00, 0x00, 0x00,
            0x00, 0x00, 0xC0, 0x90, 0x47, 0x01, 0x02, 0x20, 0x00, 0x00, 0x00, 0x00, 0x00, 0x00, 0x00, 0x80,
            0x21, 0x4F, 0x03, 0x04, 0x40, 0x00, 0x00, 0x00, 0x00, 0x00, 0x00, 0x00, 0x00, 0x43, 0x9E, 0x07,
            0x08, 0x80, 0x00, 0x00, 0x00, 0x00, 0x00, 0x00, 0x00, 0x00, 0x86, 0x3C, 0x12, 0x10, 0x00, 0x02,
            0x00, 0x00, 0x00, 0x00, 0x00, 0x00, 0x00, 0x0C, 0x79, 0x28, 0x20, 0x00, 0x06, 0x00, 0x00, 0x00,
            0x00, 0x00, 0x00, 0x00, 0x18, 0xF2, 0x5C, 0x40, 0x00, 0x08, 0x00, 0x00, 0x00, 0x00, 0x00, 0x00,
            0x00, 0x30, 0xE4, 0xD1, 0x80, 0x00, 0x10, 0x00, 0x00, 0x00, 0x00, 0x00, 0x00, 0x00, 0x60, 0xC8,
            0xD3, 0x01, 0x01, 0x10, 0x00, 0x00, 0x00, 0x00, 0x00, 0x00, 0x00, 0xC0, 0x90, 0x07, 0x0C, 0x80,
            0x00, 0x08, 0x00, 0x00, 0x00, 0x00, 0x00, 0x00, 0x00, 0x20, 0x0B, 0x04, 0x10, 0x00, 0x00, 0x00,
            0x32, 0x1E, 0x98, 0x18, 0x19, 0x11, 0x4C, 0x90, 0x8C, 0x09, 0x26, 0x47, 0xC6, 0x04, 0x43, 0x1A,
            0x4A, 0xA0, 0x18, 0x46, 0x00, 0x0A, 0xAC, 0x0C, 0xCA, 0xA1, 0x24, 0x4A, 0xA3, 0x10, 0x0A, 0xA4,
            0x14, 0x8A, 0xA0, 0x60, 0x0A, 0xA8, 0xA0, 0x0A, 0xA2, 0xE4, 0x0A, 0x3C, 0xA0, 0x38, 0x08, 0x2D,
            0x40, 0x40, 0x40, 0x44, 0x0C, 0x32, 0x67, 0x00, 0xE8, 0x9C, 0x01, 0xA0, 0x72, 0x06, 0x00, 0x00,
            0x79, 0x18, 0x00, 0x00, 0x8A, 0x00, 0x00, 0x00, 0x1A, 0x03, 0x4C, 0x90, 0x46, 0x02, 0x13, 0x44,
            0x34, 0x20, 0xC3, 0x1B, 0x43, 0x81, 0x93, 0x4B, 0xB3, 0x0B, 0xA3, 0x2B, 0x4B, 0x01, 0x89, 0x71,
            0xC9, 0x71, 0x81, 0x71, 0x81, 0x01, 0x41, 0x81, 0x93, 0x4B, 0xB3, 0x0B, 0xA3, 0x2B, 0x63, 0x01,
            0x81, 0x81, 0x81, 0x81, 0x81, 0x81, 0x81, 0x81, 0x49, 0xD9, 0x10, 0x04, 0x13, 0x84, 0x61, 0x99,
            0x20, 0x0C, 0xCC, 0x06, 0x61, 0x20, 0x26, 0x08, 0x43, 0xB3, 0x41, 0x30, 0x0C, 0x0A, 0x63, 0x73,
            0x1B, 0x06, 0x84, 0x20, 0x26, 0x08, 0x67, 0x00, 0x06, 0x5C, 0xC6, 0xDE, 0xDC, 0xE6, 0xE8, 0xC2,
            0xDC, 0xE8, 0xE6, 0xBE, 0x60, 0x26, 0x08, 0x83, 0xB3, 0x01, 0x31, 0x94, 0xC5, 0x30, 0x06, 0x06,
            0xD8, 0x10, 0x34, 0x1B, 0x08, 0x00, 0x70, 0x80, 0x09, 0x42, 0x19, 0x84, 0x01, 0xA3, 0xA7, 0x3A,
            0x3A, 0xB8, 0x3A, 0xBA, 0xA9, 0x34, 0xBD, 0x32, 0x23, 0xB9, 0xB0, 0xB6, 0xB2, 0x2F, 0x98, 0x09,
            0xC2, 0xF0, 0x4C, 0x10, 0x06, 0x68, 0x82, 0x30, 0x44, 0x13, 0x84, 0x41, 0x9A, 0x20, 0x0C, 0xD3,
            0x06, 0x84, 0x88, 0x24, 0x63, 0xA2, 0x2A, 0x8B, 0x47, 0x92, 0x1B, 0x5C, 0x1D, 0xDD, 0x17, 0xCC,
            0x04, 0x61, 0xA0, 0x26, 0x08, 0x43, 0x35, 0x41, 0x18, 0xAC, 0x0D, 0x08, 0x81, 0x49, 0xD9, 0xA4,
            0x55, 0x1B, 0x91, 0xA7, 0x3A, 0x3A, 0xB8, 0x3A, 0xBA, 0x2F, 0x98, 0x09, 0xC2, 0x70, 0x6D, 0x40,
            0x88, 0x4E, 0xF2, 0x26, 0xAD, 0xDA, 0x98, 0x4C, 0x85, 0xB5, 0xC1, 0xB1, 0x95, 0xC9, 0x7D, 0xC1,
            0x4C, 0x10, 0x06, 0x6C, 0x03, 0x42, 0x80, 0x81, 0x14, 0x06, 0x93, 0x56, 0x6D, 0x4C, 0xA0, 0xC2,
            0xC8, 0xC8, 0xD2, 0xDC, 0xCE, 0xBE, 0x60, 0x26, 0x08, 0x43, 0xB6, 0x01, 0x21, 0xC6, 0x40, 0x22,
            0x83, 0x49, 0xAB, 0xB6, 0x0D, 0x06, 0x73, 0x71, 0x9F, 0x18, 0x94, 0xC1, 0x04, 0xC1, 0x0C, 0xBE,
            0x0D, 0x04, 0xB1, 0x48, 0xC6, 0x06, 0x81, 0x41, 0x83, 0x0D, 0x85, 0x01, 0x99, 0xC1, 0x19, 0xA4,
            0xC1, 0x04, 0x41, 0x00, 0x36, 0x00, 0x1B, 0x06, 0x83, 0x0D, 0xD8, 0x60, 0x43, 0xD0, 0x06, 0x1B,
            0x86, 0x61, 0x0D, 0xDC, 0x80, 0xC6, 0xD0, 0x54, 0x53, 0x58, 0x9A, 0xDB, 0x04, 0x01, 0x0D, 0xBC,
            0x09, 0xC2, 0xA0, 0x6D, 0x18, 0xE4, 0x40, 0x0E, 0x86, 0x0D, 0x84, 0x11, 0x07, 0xD6, 0x1C, 0x6C,
            0x28, 0xD6, 0x00, 0x0E, 0x80, 0x87, 0x0E, 0x88, 0x88, 0xC9, 0x85, 0xB9, 0x8D, 0xA1, 0x95, 0xCD,
            0xD1, 0x30, 0x63, 0x7B, 0x0B, 0xA3, 0x9B, 0x9B, 0x20, 0x0C, 0x1B, 0x8B, 0x34, 0xB7, 0x39, 0xBA,
            0xB9, 0x09, 0xC2, 0xC0, 0x91, 0x48, 0x73, 0xA3, 0x9B, 0x9B, 0x20, 0x0C, 0x1D, 0x11, 0xBA, 0x32,
            0xBC, 0x2F, 0xB7, 0x37, 0xB9, 0x36, 0x26, 0x74, 0x65, 0x78, 0x5F, 0x73, 0x74, 0x6F, 0x72, 0x65,
            0x2C, 0xEA, 0xD2, 0xDC, 0xE8, 0xE6, 0x36, 0x38, 0x76, 0x30, 0xDC, 0x01, 0x1E, 0xE4, 0x81, 0x1E,
            0xEC, 0x01, 0x1F, 0xF4, 0xC1, 0xE0, 0x07, 0xC3, 0x1F, 0x54, 0x55, 0xD8, 0xD8, 0xEC, 0xDA, 0x5C,
            0xD2, 0xC8, 0xCA, 0xDC, 0xE8, 0xA6, 0x04, 0x41, 0x15, 0x32, 0x3C, 0x17, 0xBB, 0x32, 0xB9, 0xB9,
            0xB4, 0x37, 0xB7, 0x29, 0x01, 0xD1, 0x84, 0x0C, 0xCF, 0xC5, 0x2E, 0x8C, 0xCD, 0xAE, 0x4C, 0x6E,
            0x4A, 0x60, 0xD4, 0x21, 0xC3, 0x73, 0x99, 0x43, 0x0B, 0x23, 0x2B, 0x93, 0x6B, 0x7A, 0x23, 0x2B,
            0x63, 0x9B, 0x12, 0x20, 0x65, 0xC8, 0xF0, 0x5C, 0xE4, 0xCA, 0xE6, 0xDE, 0xEA, 0xE4, 0xC6, 0xCA,
            0xE6, 0xA6, 0x04, 0x4E, 0x25, 0x32, 0x3C, 0x17, 0xBA, 0x3C, 0xB8, 0xB2, 0x20, 0x37, 0xB7, 0x37,
            0xBA, 0x30, 0xBA, 0xB4, 0x37, 0xB7, 0xB9, 0x29, 0x42, 0x1A, 0xB8, 0x41, 0x1D, 0x32, 0x3C, 0x97,
            0x32, 0x37, 0x3A, 0xB9, 0x3C, 0xA8, 0xB7, 0x34, 0x37, 0xBA, 0xB9, 0x29, 0x01, 0x1D, 0x74, 0x21,
            0xC3, 0x73, 0x19, 0x7B, 0xAB, 0x73, 0xA3, 0x2B, 0x93, 0x9B, 0x9B, 0x12, 0xFC, 0x01, 0x00, 0x00,
            0x79, 0x18, 0x00, 0x00, 0x51, 0x00, 0x00, 0x00, 0x33, 0x08, 0x80, 0x1C, 0xC4, 0xE1, 0x1C, 0x66,
            0x14, 0x01, 0x3D, 0x88, 0x43, 0x38, 0x84, 0xC3, 0x8C, 0x42, 0x80, 0x07, 0x79, 0x78, 0x07, 0x73,
            0x98, 0x71, 0x0C, 0xE6, 0x00, 0x0F, 0xED, 0x10, 0x0E, 0xF4, 0x80, 0x0E, 0x33, 0x0C, 0x42, 0x1E,
            0xC2, 0xC1, 0x1D, 0xCE, 0xA1, 0x1C, 0x66, 0x30, 0x05, 0x3D, 0x88, 0x43, 0x38, 0x84, 0x83, 0x1B,
            0xCC, 0x03, 0x3D, 0xC8, 0x43, 0x3D, 0x8C, 0x03, 0x3D, 0xCC, 0x78, 0x8C, 0x74, 0x70, 0x07, 0x7B,
            0x08, 0x07, 0x79, 0x48, 0x87, 0x70, 0x70, 0x07, 0x7A, 0x70, 0x03, 0x76, 0x78, 0x87, 0x70, 0x20,
            0x87, 0x19, 0xCC, 0x11, 0x0E, 0xEC, 0x90, 0x0E, 0xE1, 0x30, 0x0F, 0x6E, 0x30, 0x0F, 0xE3, 0xF0,
            0x0E, 0xF0, 0x50, 0x0E, 0x33, 0x10, 0xC4, 0x1D, 0xDE, 0x21, 0x1C, 0xD8, 0x21, 0x1D, 0xC2, 0x61,
            0x1E, 0x66, 0x30, 0x89, 0x3B, 0xBC, 0x83, 0x3B, 0xD0, 0x43, 0x39, 0xB4, 0x03, 0x3C, 0xBC, 0x83,
            0x3C, 0x84, 0x03, 0x3B, 0xCC, 0xF0, 0x14, 0x76, 0x60, 0x07, 0x7B, 0x68, 0x07, 0x37, 0x68, 0x87,
            0x72, 0x68, 0x07, 0x37, 0x80, 0x87, 0x70, 0x90, 0x87, 0x70, 0x60, 0x07, 0x76, 0x28, 0x07, 0x76,
            0xF8, 0x05, 0x76, 0x78, 0x87, 0x77, 0x80, 0x87, 0x5F, 0x08, 0x87, 0x71, 0x18, 0x87, 0x72, 0x98,
            0x87, 0x79, 0x98, 0x81, 0x2C, 0xEE, 0xF0, 0x0E, 0xEE, 0xE0, 0x0E, 0xF5, 0xC0, 0x0E, 0xEC, 0x30,
            0x03, 0x62, 0xC8, 0xA1, 0x1C, 0xE4, 0xA1, 0x1C, 0xCC, 0xA1, 0x1C, 0xE4, 0xA1, 0x1C, 0xDC, 0x61,
            0x1C, 0xCA, 0x21, 0x1C, 0xC4, 0x81, 0x1D, 0xCA, 0x61, 0x06, 0xD6, 0x90, 0x43, 0x39, 0xC8, 0x43,
            0x39, 0x98, 0x43, 0x39, 0xC8, 0x43, 0x39, 0xB8, 0xC3, 0x38, 0x94, 0x43, 0x38, 0x88, 0x03, 0x3B,
            0x94, 0xC3, 0x2F, 0xBC, 0x83, 0x3C, 0xFC, 0x82, 0x3B, 0xD4, 0x03, 0x3B, 0xB0, 0xC3, 0x0C, 0xC4,
            0x21, 0x07, 0x7C, 0x70, 0x03, 0x7A, 0x28, 0x87, 0x76, 0x80, 0x87, 0x19, 0xD1, 0x43, 0x0E, 0xF8,
            0xE0, 0x06, 0xE4, 0x20, 0x0E, 0xE7, 0xE0, 0x06, 0xF6, 0x10, 0x0E, 0xF2, 0xC0, 0x0E, 0xE1, 0x90,
            0x0F, 0xEF, 0x50, 0x0F, 0xF4, 0x30, 0x83, 0x81, 0xC8, 0x01, 0x1F, 0xDC, 0x40, 0x1C, 0xE4, 0xA1,
            0x1C, 0xC2, 0x61, 0x1D, 0xDC, 0x40, 0x1C, 0xE4, 0x01, 0x00, 0x00, 0x00, 0x71, 0x20, 0x00, 0x00,
            0x31, 0x00, 0x00, 0x00, 0x06, 0x60, 0x70, 0xAC, 0x09, 0x20, 0x8D, 0x25, 0x50, 0xC3, 0xE5, 0x3B,
            0x8F, 0x0F, 0x34, 0x8D, 0x33, 0x01, 0x13, 0x11, 0x02, 0xCD, 0xB0, 0x10, 0x46, 0x00, 0x0D, 0x97,
            0xEF, 0x3C, 0x7E, 0x80, 0x34, 0x40, 0x84, 0xF9, 0xC5, 0x6D, 0x1B, 0xC2, 0x36, 0x5C, 0xBE, 0xF3,
            0xF8, 0x42, 0x40, 0x15, 0x05, 0x11, 0x95, 0x0E, 0x30, 0x94, 0x84, 0x01, 0x08, 0x98, 0x5F, 0xDC,
            0xB6, 0x1D, 0x6C, 0xC3, 0xE5, 0x3B, 0x8F, 0x2F, 0x04, 0x54, 0x51, 0x10, 0x51, 0xE9, 0x00, 0x43,
            0x49, 0x18, 0x80, 0x80, 0xF9, 0xC8, 0x6D, 0x9B, 0x42, 0x37, 0x5C, 0xBE, 0xF3, 0xF8, 0x42, 0x44,
            0x00, 0x13, 0x11, 0x02, 0xCD, 0xB0, 0x10, 0x5F, 0xE4, 0x30, 0x1B, 0xD2, 0x0C, 0x48, 0x63, 0x98,
            0x80, 0x36, 0x5C, 0xBE, 0xF3, 0xF8, 0x42, 0x44, 0x00, 0x13, 0x11, 0x02, 0xCD, 0xB0, 0x10, 0x5F,
            0xE4, 0x30, 0x21, 0x01, 0x3C, 0x56, 0x50, 0x0D, 0x97, 0xEF, 0x3C, 0xBE, 0x04, 0x30, 0xCF, 0x42,
            0x94, 0x44, 0x45, 0x2C, 0x7E, 0x71, 0xDB, 0x66, 0x60, 0x0D, 0x97, 0xEF, 0x3C, 0xFE, 0x44, 0x5C,
            0x13, 0x15, 0x11, 0xEC, 0xE4, 0x44, 0x84, 0x5F, 0xDC, 0xB6, 0x05, 0x48, 0xC3, 0xE5, 0x3B, 0x8F,
            0x3F, 0x1D, 0x11, 0x01, 0x0C, 0xE2, 0xE0, 0x23, 0xB7, 0x6D, 0x03, 0xCF, 0x70, 0xF9, 0xCE, 0xE3,
            0x53, 0x0D, 0x10, 0x61, 0x7E, 0x71, 0xDB, 0x00, 0x00, 0x00, 0x00, 0x00, 0x48, 0x41, 0x53, 0x48,
            0x14, 0x00, 0x00, 0x00, 0x00, 0x00, 0x00, 0x00, 0x3D, 0x70, 0x7A, 0x40, 0xA8, 0x00, 0x87, 0x4F,
            0xDA, 0x63, 0x75, 0xDC, 0xBA, 0x70, 0xB9, 0x79, 0x44, 0x58, 0x49, 0x4C, 0x7C, 0x09, 0x00, 0x00,
            0x66, 0x00, 0x05, 0x00, 0x5F, 0x02, 0x00, 0x00, 0x44, 0x58, 0x49, 0x4C, 0x06, 0x01, 0x00, 0x00,
            0x10, 0x00, 0x00, 0x00, 0x64, 0x09, 0x00, 0x00, 0x42, 0x43, 0xC0, 0xDE, 0x21, 0x0C, 0x00, 0x00,
            0x56, 0x02, 0x00, 0x00, 0x0B, 0x82, 0x20, 0x00, 0x02, 0x00, 0x00, 0x00, 0x13, 0x00, 0x00, 0x00,
            0x07, 0x81, 0x23, 0x91, 0x41, 0xC8, 0x04, 0x49, 0x06, 0x10, 0x32, 0x39, 0x92, 0x01, 0x84, 0x0C,
            0x25, 0x05, 0x08, 0x19, 0x1E, 0x04, 0x8B, 0x62, 0x80, 0x18, 0x45, 0x02, 0x42, 0x92, 0x0B, 0x42,
            0xC4, 0x10, 0x32, 0x14, 0x38, 0x08, 0x18, 0x4B, 0x0A, 0x32, 0x62, 0x88, 0x48, 0x90, 0x14, 0x20,
            0x43, 0x46, 0x88, 0xA5, 0x00, 0x19, 0x32, 0x42, 0xE4, 0x48, 0x0E, 0x90, 0x11, 0x23, 0xC4, 0x50,
            0x41, 0x51, 0x81, 0x8C, 0xE1, 0x83, 0xE5, 0x8A, 0x04, 0x31, 0x46, 0x06, 0x51, 0x18, 0x00, 0x00,
            0x08, 0x00, 0x00, 0x00, 0x1B, 0x8C, 0xE0, 0xFF, 0xFF, 0xFF, 0xFF, 0x07, 0x40, 0x02, 0xA8, 0x0D,
            0x86, 0xF0, 0xFF, 0xFF, 0xFF, 0xFF, 0x03, 0x20, 0x01, 0xD5, 0x06, 0x62, 0xF8, 0xFF, 0xFF, 0xFF,
            0xFF, 0x01, 0x90, 0x00, 0x49, 0x18, 0x00, 0x00, 0x03, 0x00, 0x00, 0x00, 0x13, 0x82, 0x60, 0x42,
            0x20, 0x4C, 0x08, 0x06, 0x00, 0x00, 0x00, 0x00, 0x89, 0x20, 0x00, 0x00, 0x47, 0x00, 0x00, 0x00,
            0x32, 0x22, 0x88, 0x09, 0x20, 0x64, 0x85, 0x04, 0x13, 0x23, 0xA4, 0x84, 0x04, 0x13, 0x23, 0xE3,
            0x84, 0xA1, 0x90, 0x14, 0x12, 0x4C, 0x8C, 0x8C, 0x0B, 0x84, 0xC4, 0x4C, 0x10, 0xA8, 0xC1, 0x08,
            0x40, 0x09, 0x00, 0x0A, 0xE6, 0x08, 0xC0, 0xA0, 0x0C, 0xC3, 0x30, 0x10, 0x31, 0x47, 0x80, 0x90,
            0x71, 0xCF, 0x70, 0xF9, 0x13, 0xF6, 0x10, 0x92, 0x1F, 0x02, 0xCD, 0xB0, 0x10, 0x28, 0x38, 0xE6,
            0x08, 0x82, 0x52, 0x20, 0xC3, 0x90, 0x24, 0xA4, 0xCC, 0x00, 0x94, 0x81, 0x19, 0x18, 0x6A, 0x0A,
            0xC1, 0x0C, 0x0C, 0x43, 0xCF, 0x4D, 0xC3, 0xE5, 0x4F, 0xD8, 0x43, 0x48, 0xFE, 0x4A, 0x48, 0x2B,
            0x31, 0xF9, 0xC5, 0x6D, 0xA3, 0x82, 0x61, 0x18, 0x66, 0x28, 0x4C, 0x34, 0x20, 0x08, 0xC3, 0x30,
            0xCC, 0x30, 0x0C, 0x0C, 0x49, 0x65, 0x01, 0x06, 0x64, 0x18, 0x06, 0x86, 0x61, 0x18, 0x83, 0xA8,
            0xA3, 0x86, 0xCB, 0x9F, 0xB0, 0x87, 0x90, 0x7C, 0x6E, 0xA3, 0x8A, 0x95, 0x98, 0x7C, 0xE4, 0xB6,
            0x11, 0x31, 0x0C, 0xC3, 0x50, 0x08, 0x6B, 0x40, 0x06, 0xBA, 0x8E, 0x1A, 0x2E, 0x7F, 0xC2, 0x1E,
            0x42, 0xF2, 0xB9, 0x8D, 0x2A, 0x56, 0x62, 0xF2, 0x8B, 0xDB, 0x46, 0x04, 0xC3, 0x30, 0x4C, 0x21,
            0xB2, 0x01, 0x19, 0x48, 0xBB, 0x6D, 0xB8, 0xFC, 0x09, 0x7B, 0x08, 0xC9, 0x5F, 0x09, 0xC9, 0xA1,
            0x22, 0x81, 0x48, 0x23, 0xE7, 0x21, 0xA2, 0x09, 0x21, 0x24, 0x24, 0x0C, 0x43, 0x21, 0x90, 0x01,
            0xE1, 0xA8, 0x3B, 0x68, 0xB8, 0xFC, 0x09, 0x7B, 0x08, 0xC9, 0x5F, 0x09, 0x69, 0x43, 0x9A, 0x01,
            0x11, 0xC3, 0x30, 0x18, 0xA5, 0x40, 0x86, 0x6F, 0x48, 0x08, 0x1C, 0x08, 0x18, 0x46, 0x20, 0x98,
            0x61, 0x04, 0x61, 0x38, 0x49, 0x9A, 0x22, 0x4A, 0x98, 0x7C, 0xCE, 0x69, 0xA4, 0x09, 0x68, 0x26,
            0xE9, 0xA7, 0x51, 0x31, 0x92, 0x24, 0x49, 0xDE, 0x22, 0x38, 0x8D, 0x34, 0x01, 0xCD, 0x24, 0xFD,
            0x34, 0x0A, 0x4A, 0x32, 0xE7, 0x08, 0x40, 0x61, 0x0A, 0x00, 0x00, 0x00, 0x13, 0x14, 0x72, 0xC0,
            0x87, 0x74, 0x60, 0x87, 0x36, 0x68, 0x87, 0x79, 0x68, 0x03, 0x72, 0xC0, 0x87, 0x0D, 0xAE, 0x50,
            0x0E, 0x6D, 0xD0, 0x0E, 0x7A, 0x50, 0x0E, 0x6D, 0x00, 0x0F, 0x7A, 0x30, 0x07, 0x72, 0xA0, 0x07,
            0x73, 0x20, 0x07, 0x6D, 0x90, 0x0E, 0x71, 0xA0, 0x07, 0x73, 0x20, 0x07, 0x6D, 0x90, 0x0E, 0x78,
            0xA0, 0x07, 0x78, 0xD0, 0x06, 0xE9, 0x10, 0x07, 0x76, 0xA0, 0x07, 0x71, 0x60, 0x07, 0x6D, 0x90,
            0x0E, 0x73, 0x20, 0x07, 0x7A, 0x30, 0x07, 0x72, 0xD0, 0x06, 0xE9, 0x60, 0x07, 0x74, 0xA0, 0x07,
            0x76, 0x40, 0x07, 0x6D, 0x60, 0x0E, 0x71, 0x60, 0x07, 0x7A, 0x10, 0x07, 0x76, 0xD0, 0x06, 0xE6,
            0x30, 0x07, 0x72, 0xA0, 0x07, 0x73, 0x20, 0x07, 0x6D, 0x60, 0x0E, 0x76, 0x40, 0x07, 0x7A, 0x60,
            0x07, 0x74, 0xD0, 0x06, 0xEE, 0x80, 0x07, 0x7A, 0x10, 0x07, 0x76, 0xA0, 0x07, 0x73, 0x20, 0x07,
            0x7A, 0x60, 0x07, 0x74, 0x30, 0xE4, 0x09, 0x00, 0x00, 0x00, 0x00, 0x00, 0x00, 0x00, 0x00, 0x00,
            0x00, 0x60, 0xC8, 0x43, 0x00, 0x01, 0x10, 0x00, 0x00, 0x00, 0x00, 0x00, 0x00, 0x00, 0xC0, 0x90,
            0x47, 0x01, 0x02, 0x20, 0x00, 0x00, 0x00, 0x00, 0x00, 0x00, 0x00, 0x80, 0x21, 0x4F, 0x03, 0x04,
            0x40, 0x00, 0x00, 0x00, 0x00, 0x00, 0x00, 0x00, 0x00, 0x43, 0x9E, 0x07, 0x08, 0x80, 0x00, 0x00,
            0x00, 0x00, 0x00, 0x00, 0x00, 0x00, 0x86, 0x3C, 0x12, 0x10, 0x00, 0x02, 0x00, 0x00, 0x00, 0x00,
            0x00, 0x00, 0x00, 0x0C, 0x79, 0x28, 0x20, 0x00, 0x06, 0x00, 0x00, 0x00, 0x00, 0x00, 0x00, 0x00,
            0x18, 0xF2, 0x5C, 0x40, 0x00, 0x08, 0x00, 0x00, 0x00, 0x00, 0x00, 0x00, 0x00, 0x30, 0xE4, 0xD1,
            0x80, 0x00, 0x10, 0x00, 0x00, 0x00, 0x00, 0x00, 0x00, 0x00, 0x60, 0xC8, 0xD3, 0x01, 0x01, 0x10,
            0x00, 0x00, 0x00, 0x00, 0x00, 0x00, 0x00, 0xC0, 0x90, 0x07, 0x0C, 0x80, 0x00, 0x08, 0x00, 0x00,
            0x00, 0x00, 0x00, 0x00, 0x00, 0x20, 0x0B, 0x04, 0x0A, 0x00, 0x00, 0x00, 0x32, 0x1E, 0x98, 0x14,
            0x19, 0x11, 0x4C, 0x90, 0x8C, 0x09, 0x26, 0x47, 0xC6, 0x04, 0x43, 0x1A, 0x4A, 0xA0, 0x18, 0x4A,
            0x62, 0x04, 0xA0, 0xC0, 0x0A, 0xA1, 0x20, 0x08, 0x2D, 0x40, 0x40, 0x40, 0x44, 0x0C, 0x3A, 0x67,
            0x00, 0x00, 0x00, 0x00, 0x79, 0x18, 0x00, 0x00, 0x3A, 0x00, 0x00, 0x00, 0x1A, 0x03, 0x4C, 0x90,
            0x46, 0x02, 0x13, 0x44, 0x34, 0x20, 0xC3, 0x1B, 0x43, 0x81, 0x93, 0x4B, 0xB3, 0x0B, 0xA3, 0x2B,
            0x4B, 0x01, 0x89, 0x71, 0xC9, 0x71, 0x81, 0x71, 0x81, 0x01, 0x41, 0x81, 0x93, 0x4B, 0xB3, 0x0B,
            0xA3, 0x2B, 0x63, 0x01, 0x81, 0x81, 0x81, 0x81, 0x81, 0x81, 0x81, 0x81, 0x49, 0xD9, 0x10, 0x04,
            0x13, 0x84, 0x61, 0x99, 0x20, 0x0C, 0xCC, 0x06, 0x61, 0x20, 0x26, 0x08, 0x43, 0xB3, 0x41, 0x18,
            0x0C, 0x0A, 0x63, 0x73, 0x1B, 0x06, 0x84, 0x20, 0x26, 0x08, 0x83, 0x33, 0x41, 0x38, 0x83, 0x89,
            0xC0, 0x04, 0x61, 0x78, 0x36, 0x20, 0xCA, 0xC2, 0x28, 0xCA, 0xD0, 0x00, 0x1B, 0x02, 0x67, 0x03,
            0x01, 0x00, 0x0F, 0x30, 0x41, 0x10, 0x00, 0x1A, 0x43, 0x53, 0x4D, 0x61, 0x69, 0x6E, 0x13, 0x04,
            0x34, 0x90, 0x26, 0x08, 0x03, 0x34, 0x41, 0x18, 0xA2, 0x0D, 0x43, 0x55, 0x0D, 0x1B, 0x08, 0x65,
            0xA2, 0xAC, 0x0D, 0x45, 0x24, 0x01, 0xD0, 0x55, 0x85, 0x8D, 0xCD, 0xAE, 0xCD, 0x25, 0x8D, 0xAC,
            0xCC, 0x8D, 0x6E, 0x4A, 0x10, 0x54, 0x21, 0xC3, 0x73, 0xB1, 0x2B, 0x93, 0x9B, 0x4B, 0x7B, 0x73,
            0x9B, 0x12, 0x10, 0x4D, 0xC8, 0xF0, 0x5C, 0xEC, 0xC2, 0xD8, 0xEC, 0xCA, 0xE4, 0xA6, 0x04, 0x46,
            0x1D, 0x32, 0x3C, 0x97, 0x39, 0xB4, 0x30, 0xB2, 0x32, 0xB9, 0xA6, 0x37, 0xB2, 0x32, 0xB6, 0x29,
            0x01, 0x52, 0x86, 0x0C, 0xCF, 0x45, 0xAE, 0x6C, 0xEE, 0xAD, 0x4E, 0x6E, 0xAC, 0x6C, 0x6E, 0x4A,
            0xF0, 0xD4, 0x21, 0xC3, 0x73, 0x29, 0x73, 0xA3, 0x93, 0xCB, 0x83, 0x7A, 0x4B, 0x73, 0xA3, 0x9B,
            0x9B, 0x12, 0x5C, 0x00, 0x79, 0x18, 0x00, 0x00, 0x51, 0x00, 0x00, 0x00, 0x33, 0x08, 0x80, 0x1C,
            0xC4, 0xE1, 0x1C, 0x66, 0x14, 0x01, 0x3D, 0x88, 0x43, 0x38, 0x84, 0xC3, 0x8C, 0x42, 0x80, 0x07,
            0x79, 0x78, 0x07, 0x73, 0x98, 0x71, 0x0C, 0xE6, 0x00, 0x0F, 0xED, 0x10, 0x0E, 0xF4, 0x80, 0x0E,
            0x33, 0x0C, 0x42, 0x1E, 0xC2, 0xC1, 0x1D, 0xCE, 0xA1, 0x1C, 0x66, 0x30, 0x05, 0x3D, 0x88, 0x43,
            0x38, 0x84, 0x83, 0x1B, 0xCC, 0x03, 0x3D, 0xC8, 0x43, 0x3D, 0x8C, 0x03, 0x3D, 0xCC, 0x78, 0x8C,
            0x74, 0x70, 0x07, 0x7B, 0x08, 0x07, 0x79, 0x48, 0x87, 0x70, 0x70, 0x07, 0x7A, 0x70, 0x03, 0x76,
            0x78, 0x87, 0x70, 0x20, 0x87, 0x19, 0xCC, 0x11, 0x0E, 0xEC, 0x90, 0x0E, 0xE1, 0x30, 0x0F, 0x6E,
            0x30, 0x0F, 0xE3, 0xF0, 0x0E, 0xF0, 0x50, 0x0E, 0x33, 0x10, 0xC4, 0x1D, 0xDE, 0x21, 0x1C, 0xD8,
            0x21, 0x1D, 0xC2, 0x61, 0x1E, 0x66, 0x30, 0x89, 0x3B, 0xBC, 0x83, 0x3B, 0xD0, 0x43, 0x39, 0xB4,
            0x03, 0x3C, 0xBC, 0x83, 0x3C, 0x84, 0x03, 0x3B, 0xCC, 0xF0, 0x14, 0x76, 0x60, 0x07, 0x7B, 0x68,
            0x07, 0x37, 0x68, 0x87, 0x72, 0x68, 0x07, 0x37, 0x80, 0x87, 0x70, 0x90, 0x87, 0x70, 0x60, 0x07,
            0x76, 0x28, 0x07, 0x76, 0xF8, 0x05, 0x76, 0x78, 0x87, 0x77, 0x80, 0x87, 0x5F, 0x08, 0x87, 0x71,
            0x18, 0x87, 0x72, 0x98, 0x87, 0x79, 0x98, 0x81, 0x2C, 0xEE, 0xF0, 0x0E, 0xEE, 0xE0, 0x0E, 0xF5,
            0xC0, 0x0E, 0xEC, 0x30, 0x03, 0x62, 0xC8, 0xA1, 0x1C, 0xE4, 0xA1, 0x1C, 0xCC, 0xA1, 0x1C, 0xE4,
            0xA1, 0x1C, 0xDC, 0x61, 0x1C, 0xCA, 0x21, 0x1C, 0xC4, 0x81, 0x1D, 0xCA, 0x61, 0x06, 0xD6, 0x90,
            0x43, 0x39, 0xC8, 0x43, 0x39, 0x98, 0x43, 0x39, 0xC8, 0x43, 0x39, 0xB8, 0xC3, 0x38, 0x94, 0x43,
            0x38, 0x88, 0x03, 0x3B, 0x94, 0xC3, 0x2F, 0xBC, 0x83, 0x3C, 0xFC, 0x82, 0x3B, 0xD4, 0x03, 0x3B,
            0xB0, 0xC3, 0x0C, 0xC4, 0x21, 0x07, 0x7C, 0x70, 0x03, 0x7A, 0x28, 0x87, 0x76, 0x80, 0x87, 0x19,
            0xD1, 0x43, 0x0E, 0xF8, 0xE0, 0x06, 0xE4, 0x20, 0x0E, 0xE7, 0xE0, 0x06, 0xF6, 0x10, 0x0E, 0xF2,
            0xC0, 0x0E, 0xE1, 0x90, 0x0F, 0xEF, 0x50, 0x0F, 0xF4, 0x30, 0x83, 0x81, 0xC8, 0x01, 0x1F, 0xDC,
            0x40, 0x1C, 0xE4, 0xA1, 0x1C, 0xC2, 0x61, 0x1D, 0xDC, 0x40, 0x1C, 0xE4, 0x01, 0x00, 0x00, 0x00,
            0x71, 0x20, 0x00, 0x00, 0x31, 0x00, 0x00, 0x00, 0x06, 0x60, 0x70, 0xAC, 0x09, 0x20, 0x8D, 0x25,
            0x50, 0xC3, 0xE5, 0x3B, 0x8F, 0x0F, 0x34, 0x8D, 0x33, 0x01, 0x13, 0x11, 0x02, 0xCD, 0xB0, 0x10,
            0x46, 0x00, 0x0D, 0x97, 0xEF, 0x3C, 0x7E, 0x80, 0x34, 0x40, 0x84, 0xF9, 0xC5, 0x6D, 0x1B, 0xC2,
            0x36, 0x5C, 0xBE, 0xF3, 0xF8, 0x42, 0x40, 0x15, 0x05, 0x11, 0x95, 0x0E, 0x30, 0x94, 0x84, 0x01,
            0x08, 0x98, 0x5F, 0xDC, 0xB6, 0x1D, 0x6C, 0xC3, 0xE5, 0x3B, 0x8F, 0x2F, 0x04, 0x54, 0x51, 0x10,
            0x51, 0xE9, 0x00, 0x43, 0x49, 0x18, 0x80, 0x80, 0xF9, 0xC8, 0x6D, 0x9B, 0x42, 0x37, 0x5C, 0xBE,
            0xF3, 0xF8, 0x42, 0x44, 0x00, 0x13, 0x11, 0x02, 0xCD, 0xB0, 0x10, 0x5F, 0xE4, 0x30, 0x1B, 0xD2,
            0x0C, 0x48, 0x63, 0x98, 0x80, 0x36, 0x5C, 0xBE, 0xF3, 0xF8, 0x42, 0x44, 0x00, 0x13, 0x11, 0x02,
            0xCD, 0xB0, 0x10, 0x5F, 0xE4, 0x30, 0x21, 0x01, 0x3C, 0x56, 0x50, 0x0D, 0x97, 0xEF, 0x3C, 0xBE,
            0x04, 0x30, 0xCF, 0x42, 0x94, 0x44, 0x45, 0x2C, 0x7E, 0x71, 0xDB, 0x66, 0x60, 0x0D, 0x97, 0xEF,
            0x3C, 0xFE, 0x44, 0x5C, 0x13, 0x15, 0x11, 0xEC, 0xE4, 0x44, 0x84, 0x5F, 0xDC, 0xB6, 0x05, 0x48,
            0xC3, 0xE5, 0x3B, 0x8F, 0x3F, 0x1D, 0x11, 0x01, 0x0C, 0xE2, 0xE0, 0x23, 0xB7, 0x6D, 0x03, 0xCF,
            0x70, 0xF9, 0xCE, 0xE3, 0x53, 0x0D, 0x10, 0x61, 0x7E, 0x71, 0xDB, 0x00, 0x61, 0x20, 0x00, 0x00,
            0xD1, 0x00, 0x00, 0x00, 0x13, 0x04, 0x43, 0x2C, 0x10, 0x00, 0x00, 0x00, 0x28, 0x00, 0x00, 0x00,
            0x34, 0x94, 0x43, 0xC1, 0x0E, 0x94, 0x5D, 0xD1, 0x0E, 0x94, 0x51, 0xB9, 0x94, 0x4A, 0xE9, 0x06,
            0x14, 0x41, 0x49, 0x42, 0xCC, 0x00, 0x94, 0xBA, 0xF7, 0x64, 0x72, 0x41, 0xDD, 0x4F, 0x37, 0xEB,
            0x2A, 0x14, 0x4E, 0xC9, 0x2E, 0xDF, 0x23, 0x0A, 0x14, 0x4B, 0xC9, 0x0E, 0x94, 0x46, 0x71, 0x14,
            0x5F, 0x69, 0x62, 0x2E, 0x07, 0x14, 0x21, 0x50, 0x19, 0x06, 0x90, 0x51, 0x04, 0xE5, 0x41, 0xC9,
            0x08, 0x40, 0x0D, 0x10, 0x33, 0x02, 0x30, 0x46, 0x70, 0xFB, 0x68, 0x28, 0x82, 0xC1, 0x18, 0xC1,
            0x4B, 0xC3, 0xEB, 0xEB, 0x8D, 0x11, 0xFC, 0x68, 0x78, 0x87, 0x60, 0x30, 0x46, 0xD0, 0xC7, 0xA2,
            0x1B, 0x7F, 0x63, 0x04, 0x69, 0x78, 0xFB, 0xE0, 0x37, 0x46, 0xE0, 0xC6, 0x6E, 0xEC, 0x7E, 0x63,
            0x04, 0x20, 0x08, 0x82, 0xF0, 0x37, 0x03, 0x30, 0x46, 0x10, 0x92, 0x60, 0x88, 0x5F, 0x63, 0x04,
            0x20, 0x08, 0x82, 0xF8, 0x47, 0xDC, 0x1C, 0x42, 0x19, 0x3C, 0x73, 0x08, 0x5C, 0x37, 0x87, 0x60,
            0x06, 0xCE, 0x1C, 0x42, 0x1A, 0x74, 0xF4, 0xCD, 0x41, 0x38, 0x8E, 0xB3, 0x06, 0x00, 0x00, 0x00,
            0x23, 0x06, 0x08, 0x00, 0x82, 0x60, 0x00, 0x06, 0x75, 0xB0, 0x05, 0x71, 0x20, 0x8D, 0x18, 0x1C,
            0x00, 0x08, 0x82, 0x41, 0x77, 0x07, 0x6B, 0x10, 0x18, 0x23, 0x06, 0x06, 0x00, 0x82, 0x60, 0x40,
            0x80, 0x82, 0x19, 0xCC, 0xC1, 0x88, 0x81, 0x01, 0x80, 0x20, 0x18, 0x10, 0xA1, 0x70, 0x06, 0x77,
            0x30, 0x62, 0x70, 0x00, 0x20, 0x08, 0x06, 0xDA, 0x1E, 0xB4, 0xC1, 0x50, 0x07, 0xA3, 0x09, 0x01,
            0x30, 0x9A, 0x20, 0x04, 0x27, 0x0C, 0x73, 0xC2, 0x30, 0xC3, 0x0D, 0x87, 0x30, 0x06, 0xC3, 0x0D,
            0x87, 0x30, 0x06, 0x25, 0x04, 0x3B, 0xCB, 0x20, 0x04, 0xC1, 0x88, 0xC1, 0x01, 0x80, 0x20, 0x18,
            0x5C, 0xA4, 0x50, 0x07, 0x0B, 0x28, 0x8C, 0x26, 0x04, 0xC0, 0x88, 0x01, 0x02, 0x80, 0x20, 0x18,
            0x28, 0xAB, 0x60, 0x07, 0x01, 0x18, 0x80, 0xC1, 0x88, 0xC1, 0x01, 0x80, 0x20, 0x18, 0x74, 0xA5,
            0x90, 0x07, 0xC1, 0x34, 0x62, 0x70, 0x00, 0x20, 0x08, 0x06, 0x17, 0x2A, 0xE4, 0xC1, 0x33, 0x07,
            0xA3, 0x09, 0x01, 0x30, 0x62, 0x80, 0x00, 0x20, 0x08, 0x06, 0xCA, 0x2B, 0xE8, 0x41, 0x30, 0x06,
            0x64, 0x30, 0x62, 0x70, 0x00, 0x20, 0x08, 0x06, 0x5D, 0x2A, 0xF4, 0x41, 0x60, 0x9D, 0xC4, 0xD4,
            0x49, 0x4C, 0x99, 0xF0, 0xC1, 0xC7, 0x04, 0x30, 0x80, 0x8F, 0x09, 0x13, 0x7D, 0x4C, 0x98, 0xE8,
            0x33, 0x62, 0xF0, 0x00, 0x20, 0x08, 0x06, 0x12, 0x2D, 0xC8, 0xC1, 0x72, 0x08, 0x81, 0x18, 0x88,
            0xC1, 0x2A, 0xAC, 0xC2, 0x1E, 0xA8, 0xC1, 0x68, 0x42, 0x00, 0x8C, 0x26, 0x08, 0xC1, 0x68, 0xC2,
            0x20, 0x8C, 0x18, 0x1C, 0x00, 0x08, 0x82, 0xC1, 0x93, 0x0B, 0xA5, 0x30, 0xB8, 0xC1, 0x88, 0xC1,
            0x01, 0x80, 0x20, 0x18, 0x3C, 0xBA, 0x60, 0x0A, 0xC3, 0x1B, 0x8C, 0x18, 0x1C, 0x00, 0x08, 0x82,
            0xC1, 0xB3, 0x0B, 0xA7, 0x30, 0xC0, 0x41, 0x69, 0x9E, 0x54, 0x00, 0x06, 0x30, 0x9A, 0xF0, 0x09,
            0x17, 0x0C, 0x5B, 0x01, 0x1F, 0x48, 0x11, 0x01, 0x54, 0x70, 0x0A, 0x52, 0xC1, 0x29, 0x40, 0x05,
            0xA7, 0x80, 0x16, 0xE4, 0x02, 0x0C, 0x6A, 0x08, 0xB0, 0x02, 0x82, 0x2B, 0x50, 0x05, 0xA9, 0x40,
            0x15, 0xB0, 0x02, 0x81, 0x47, 0x13, 0xC8, 0x40, 0x18, 0x31, 0x40, 0x00, 0x10, 0x04, 0x03, 0xC5,
            0x1D, 0x72, 0x21, 0x18, 0x85, 0x51, 0x18, 0x31, 0x38, 0x00, 0x10, 0x04, 0x83, 0x0E, 0x1D, 0x78,
            0x21, 0xA0, 0x03, 0xAB, 0x44, 0x41, 0x3E, 0x56, 0x8D, 0x82, 0x7C, 0xAC, 0x22, 0x05, 0xF9, 0xD8,
            0x40, 0x0A, 0xF0, 0xB1, 0xA1, 0x14, 0xE0, 0x63, 0x83, 0x29, 0xC0, 0xC7, 0x86, 0x4D, 0x3E, 0x36,
            0x6C, 0xF2, 0xB1, 0x61, 0x93, 0x8F, 0x79, 0xA9, 0x20, 0x1F, 0xF3, 0x54, 0x41, 0x3E, 0xE6, 0xAD,
            0x82, 0x7C, 0x6C, 0x58, 0x05, 0xF8, 0xD8, 0xC0, 0x0A, 0xF0, 0xB1, 0xA1, 0x15, 0xE0, 0x63, 0x03,
            0x19, 0xC8, 0xC7, 0x06, 0x32, 0x90, 0x8F, 0x0D, 0x64, 0x20, 0x1F, 0x1B, 0x60, 0x01, 0x3E, 0x36,
            0xC4, 0x02, 0x7C, 0x6C, 0x90, 0x05, 0xF8, 0xD8, 0x33, 0xD0, 0xC7, 0x9E, 0x81, 0x3E, 0xF6, 0x0C,
            0xF4, 0x19, 0x31, 0x30, 0x00, 0x10, 0x04, 0x83, 0xE6, 0x24, 0xEC, 0x61, 0x18, 0x31, 0x30, 0x00,
            0x10, 0x04, 0x83, 0x06, 0x25, 0xEE, 0x61, 0x18, 0x31, 0x30, 0x00, 0x10, 0x04, 0x83, 0x26, 0x25,
            0xF0, 0x61, 0x18, 0x31, 0x30, 0x00, 0x10, 0x04, 0x83, 0x46, 0x25, 0xE8, 0x61, 0x18, 0x31, 0x30,
            0x00, 0x10, 0x04, 0x83, 0x66, 0x25, 0xEA, 0x61, 0x18, 0x31, 0x30, 0x00, 0x10, 0x04, 0x83, 0x86,
            0x25, 0xEC, 0x61, 0xB0, 0x61, 0x17, 0xE4, 0x63, 0x03, 0x2F, 0xC8, 0xC7, 0x86, 0x5E, 0x90, 0xCF,
            0x88, 0x81, 0x01, 0x80, 0x20, 0x18, 0x34, 0x30, 0x91, 0x0F, 0xC3, 0x88, 0x81, 0x01, 0x80, 0x20,
            0x18, 0x34, 0x31, 0xA1, 0x0F, 0xC3, 0x88, 0x81, 0x01, 0x80, 0x20, 0x18, 0x34, 0x32, 0xB1, 0x0F,
            0x43, 0xA1, 0x41, 0x49, 0xE0, 0x05, 0x4C, 0x95, 0x1A, 0xE4, 0x83, 0x54, 0x90, 0x0F, 0x50, 0x41,
            0x3E, 0xA0, 0x05, 0x2B, 0x01, 0x83, 0x1A, 0x02, 0xAC, 0x80, 0xE0, 0x0A, 0xF8, 0x41, 0x2A, 0xE0,
            0x07, 0xAC, 0x40, 0xE0, 0x0A, 0x60, 0x02, 0x2F, 0x60, 0xCA, 0x98, 0x20, 0x3E, 0x16, 0xB0, 0x83,
            0x7C, 0x2C, 0x90, 0xE0, 0x63, 0x82, 0x04, 0x1F, 0x1B, 0x24, 0xF8, 0x8C, 0x18, 0x18, 0x00, 0x08,
            0x82, 0x41, 0x53, 0x16, 0x34, 0x31, 0x8C, 0x18, 0x18, 0x00, 0x08, 0x82, 0x41, 0x63, 0x16, 0x35,
            0x31, 0x8C, 0x18, 0x18, 0x00, 0x08, 0x82, 0x41, 0x73, 0x16, 0x36, 0x31, 0x8C, 0x18, 0x38, 0x00,
            0x08, 0x82, 0x01, 0x55, 0x16, 0x21, 0xA1, 0x07, 0xEA, 0x90, 0x0E, 0x2D, 0x31, 0x08, 0x81, 0x3C,
            0xFC, 0xC3, 0x2C, 0x81, 0x80, 0x00, 0x00, 0x00, 0x00, 0x00, 0x00, 0x00
        ],
        ThreadGroupSize = new()
        {
            X = 8,
            Y = 8,
            Z = 1
        }
    };
    #endregion

    #region Metal
    private static readonly ShaderDesc MetalCSMain = new()
    {
        Name = "CSMain",
        CodeBytes =
        [
            0x4D, 0x54, 0x4C, 0x42, 0x01, 0x80, 0x02, 0x00, 0x09, 0x00, 0x00, 0x81, 0x1A, 0x00, 0x00, 0x00,
            0xFC, 0x19, 0x00, 0x00, 0x00, 0x00, 0x00, 0x00, 0x58, 0x00, 0x00, 0x00, 0x00, 0x00, 0x00, 0x00,
            0x8A, 0x00, 0x00, 0x00, 0x00, 0x00, 0x00, 0x00, 0x2C, 0x01, 0x00, 0x00, 0x00, 0x00, 0x00, 0x00,
            0x08, 0x00, 0x00, 0x00, 0x00, 0x00, 0x00, 0x00, 0x34, 0x01, 0x00, 0x00, 0x00, 0x00, 0x00, 0x00,
            0x08, 0x00, 0x00, 0x00, 0x00, 0x00, 0x00, 0x00, 0x3C, 0x01, 0x00, 0x00, 0x00, 0x00, 0x00, 0x00,
            0x70, 0x14, 0x00, 0x00, 0x00, 0x00, 0x00, 0x00, 0x01, 0x00, 0x00, 0x00, 0x8A, 0x00, 0x00, 0x00,
            0x4E, 0x41, 0x4D, 0x45, 0x07, 0x00, 0x43, 0x53, 0x4D, 0x61, 0x69, 0x6E, 0x00, 0x54, 0x59, 0x50,
            0x45, 0x01, 0x00, 0x02, 0x48, 0x41, 0x53, 0x48, 0x20, 0x00, 0x89, 0xBE, 0x8A, 0x0B, 0x5C, 0x7E,
            0x6B, 0x83, 0xC4, 0x63, 0x37, 0xA7, 0x65, 0xB6, 0x7C, 0xFB, 0xBE, 0x78, 0x08, 0xD4, 0x1E, 0x5B,
            0xF4, 0x3F, 0xF0, 0x70, 0x35, 0x26, 0xBD, 0xAF, 0x63, 0x3E, 0x4F, 0x46, 0x46, 0x54, 0x18, 0x00,
            0x00, 0x00, 0x00, 0x00, 0x00, 0x00, 0x00, 0x00, 0x00, 0x00, 0x00, 0x00, 0x00, 0x00, 0x00, 0x00,
            0x00, 0x00, 0x00, 0x00, 0x00, 0x00, 0x00, 0x00, 0x56, 0x45, 0x52, 0x53, 0x08, 0x00, 0x02, 0x00,
            0x08, 0x00, 0x04, 0x00, 0x00, 0x00, 0x4D, 0x44, 0x53, 0x5A, 0x08, 0x00, 0x70, 0x14, 0x00, 0x00,
            0x00, 0x00, 0x00, 0x00, 0x52, 0x46, 0x4C, 0x54, 0x08, 0x00, 0x04, 0x00, 0x00, 0x00, 0x00, 0x00,
            0x00, 0x00, 0x45, 0x4E, 0x44, 0x54, 0x48, 0x44, 0x59, 0x4E, 0x10, 0x00, 0xAC, 0x15, 0x00, 0x00,
            0x00, 0x00, 0x00, 0x00, 0x2A, 0x00, 0x00, 0x00, 0x00, 0x00, 0x00, 0x00, 0x52, 0x4C, 0x53, 0x54,
            0x10, 0x00, 0xD6, 0x15, 0x00, 0x00, 0x00, 0x00, 0x00, 0x00, 0x26, 0x04, 0x00, 0x00, 0x00, 0x00,
            0x00, 0x00, 0x55, 0x55, 0x49, 0x44, 0x10, 0x00, 0xF4, 0xFB, 0x42, 0x7D, 0x04, 0xED, 0x3A, 0x0B,
            0xB0, 0x8A, 0x90, 0xD3, 0x29, 0x07, 0xCA, 0xC9, 0x45, 0x4E, 0x44, 0x54, 0x08, 0x00, 0x00, 0x00,
            0x45, 0x4E, 0x44, 0x54, 0x08, 0x00, 0x00, 0x00, 0x45, 0x4E, 0x44, 0x54, 0xDE, 0xC0, 0x17, 0x0B,
            0x00, 0x00, 0x00, 0x00, 0x14, 0x00, 0x00, 0x00, 0x50, 0x14, 0x00, 0x00, 0xFF, 0xFF, 0xFF, 0xFF,
            0x42, 0x43, 0xC0, 0xDE, 0x35, 0x14, 0x00, 0x00, 0x03, 0x00, 0x00, 0x00, 0x62, 0x0C, 0x30, 0x24,
            0x80, 0x10, 0x05, 0xC8, 0x14, 0x00, 0x00, 0x00, 0x21, 0x0C, 0x00, 0x00, 0x72, 0x04, 0x00, 0x00,
            0x0B, 0x02, 0x21, 0x00, 0x02, 0x00, 0x00, 0x00, 0x16, 0x00, 0x00, 0x00, 0x07, 0x81, 0x23, 0x91,
            0x41, 0xC8, 0x04, 0x49, 0x06, 0x10, 0x32, 0x39, 0x92, 0x01, 0x84, 0x0C, 0x25, 0x05, 0x08, 0x19,
            0x1E, 0x04, 0x8B, 0x62, 0x80, 0x18, 0x45, 0x02, 0x42, 0x92, 0x0B, 0x42, 0xC4, 0x10, 0x32, 0x14,
            0x38, 0x08, 0x18, 0x4B, 0x0A, 0x32, 0x62, 0x88, 0x48, 0x70, 0xC4, 0x21, 0x23, 0x44, 0x12, 0x87,
            0x8C, 0x10, 0x41, 0x92, 0x02, 0x64, 0xC8, 0x08, 0xB1, 0x14, 0x20, 0x43, 0x46, 0x88, 0x20, 0xC9,
            0x01, 0x32, 0x62, 0x84, 0x18, 0x2A, 0x28, 0x2A, 0x90, 0x31, 0x7C, 0xB0, 0x5C, 0x91, 0x20, 0xC6,
            0xC8, 0x00, 0x00, 0x00, 0x89, 0x20, 0x00, 0x00, 0x47, 0x00, 0x00, 0x00, 0x32, 0x22, 0x88, 0x09,
            0x20, 0x62, 0x46, 0x00, 0x21, 0x2B, 0x24, 0x98, 0x18, 0x21, 0x25, 0x24, 0x98, 0x18, 0x19, 0x27,
            0x0C, 0x85, 0xA4, 0x90, 0x60, 0x62, 0x64, 0x5C, 0x20, 0x24, 0x66, 0x82, 0xA0, 0x0D, 0x46, 0x00,
            0xE6, 0x08, 0xC0, 0x60, 0x18, 0x61, 0x08, 0x66, 0x00, 0x86, 0x11, 0x88, 0x01, 0x29, 0x69, 0x8A,
            0x28, 0x61, 0xF2, 0xFF, 0x89, 0xB8, 0x26, 0x2A, 0x22, 0x7E, 0x7B, 0xF8, 0xA7, 0x31, 0x02, 0x60,
            0x10, 0xA1, 0x08, 0x66, 0xBA, 0xE6, 0x81, 0x1E, 0xE4, 0xA1, 0x1E, 0xC6, 0x81, 0x1E, 0xDC, 0xA0,
            0x1D, 0xCA, 0x81, 0x1E, 0xC2, 0x81, 0x1D, 0xF4, 0x40, 0x0F, 0xE8, 0xA1, 0x1C, 0xF0, 0x81, 0x1E,
            0xEA, 0x41, 0x1E, 0xCA, 0x41, 0x0E, 0xC8, 0x21, 0x05, 0x06, 0x46, 0xD2, 0x14, 0x51, 0xC2, 0xE4,
            0xFF, 0x12, 0xC0, 0x3C, 0x0B, 0x11, 0xFD, 0xD3, 0x18, 0x01, 0x30, 0x88, 0x80, 0x08, 0x33, 0x55,
            0xF3, 0x40, 0x0F, 0xF2, 0x50, 0x0F, 0xE3, 0x40, 0x0F, 0x6E, 0xD0, 0x0E, 0xE5, 0x40, 0x0F, 0xE1,
            0xC0, 0x0E, 0x7A, 0xA0, 0x07, 0xF3, 0x10, 0x0E, 0xED, 0x00, 0x0F, 0xEC, 0x50, 0x0E, 0xF2, 0x90,
            0x82, 0x64, 0x18, 0x41, 0x08, 0x50, 0x92, 0xA6, 0x88, 0x12, 0x26, 0x9F, 0x73, 0x1A, 0x69, 0x02,
            0x9A, 0x49, 0xFA, 0xE9, 0x54, 0x10, 0xC7, 0xA1, 0x2C, 0x83, 0x08, 0x8C, 0x60, 0x06, 0x40, 0x68,
            0xC8, 0x31, 0x06, 0x60, 0x2C, 0x44, 0x10, 0x10, 0x34, 0x8C, 0x30, 0x0C, 0x46, 0x90, 0x24, 0x9A,
            0x8C, 0x30, 0x04, 0x54, 0x99, 0x41, 0x92, 0x24, 0xBA, 0xE6, 0x08, 0x90, 0x23, 0x10, 0xD9, 0x30,
            0x82, 0x30, 0xCC, 0x11, 0x04, 0x46, 0xD1, 0x8C, 0x64, 0xE3, 0x16, 0x6E, 0x18, 0x02, 0xEA, 0x8C,
            0xB0, 0x2D, 0xF4, 0x0D, 0x23, 0x08, 0x9C, 0x11, 0xB8, 0x90, 0x44, 0x23, 0x2C, 0x1B, 0x91, 0x03,
            0x01, 0x73, 0x04, 0xA0, 0x30, 0x88, 0x40, 0x08, 0x53, 0x00, 0xC3, 0x08, 0x44, 0x30, 0x88, 0x90,
            0x08, 0x83, 0x08, 0x86, 0x00, 0x00, 0x00, 0x00, 0x51, 0x18, 0x00, 0x00, 0x92, 0x00, 0x00, 0x00,
            0x1B, 0xCC, 0x24, 0xF8, 0xFF, 0xFF, 0xFF, 0xFF, 0x01, 0x58, 0x03, 0xC0, 0x14, 0x00, 0x09, 0x98,
            0x80, 0x3E, 0x20, 0xC2, 0x01, 0x1E, 0xE0, 0x41, 0x1E, 0xDE, 0x01, 0x1F, 0xDA, 0xC0, 0x1C, 0xEA,
            0xC1, 0x1D, 0xC6, 0xA1, 0x0D, 0xCC, 0x01, 0x1E, 0xDA, 0xA0, 0x1D, 0xC2, 0x81, 0x1E, 0xD0, 0x01,
            0xA0, 0x07, 0x79, 0xA8, 0x87, 0x72, 0x00, 0x08, 0x73, 0x90, 0x87, 0x70, 0x68, 0x87, 0x72, 0x68,
            0x03, 0x78, 0x78, 0x87, 0x74, 0x70, 0x07, 0x7A, 0x28, 0x07, 0x79, 0x00, 0xC2, 0x81, 0x1D, 0xD8,
            0x01, 0x20, 0xDA, 0x21, 0x1C, 0xF0, 0xA1, 0x0D, 0xEE, 0xE1, 0x1D, 0xE4, 0x61, 0x1D, 0xDA, 0xE0,
            0x1C, 0xE4, 0xE1, 0x1D, 0xEA, 0x01, 0x1E, 0xDA, 0x60, 0x1E, 0xD2, 0x41, 0x1F, 0xCA, 0x01, 0xB0,
            0x03, 0x3A, 0x00, 0x88, 0x76, 0x48, 0x07, 0x77, 0x68, 0x03, 0x76, 0x28, 0x87, 0x73, 0x08, 0x07,
            0x76, 0x68, 0x03, 0x7B, 0x28, 0x87, 0x71, 0xA0, 0x87, 0x77, 0x90, 0x87, 0x36, 0xB8, 0x87, 0x74,
            0x20, 0x07, 0x7A, 0x40, 0x07, 0x20, 0x0E, 0xE4, 0x00, 0x0F, 0x80, 0xC1, 0x1D, 0xDE, 0xA1, 0x0D,
            0xC4, 0xA1, 0x1E, 0xD2, 0x81, 0x1D, 0xE8, 0x21, 0x1D, 0xDC, 0x61, 0x1E, 0x00, 0xC2, 0x1D, 0xDE,
            0xA1, 0x0D, 0xD2, 0xC1, 0x1D, 0xCC, 0x61, 0x1E, 0xDA, 0xC0, 0x1C, 0xE0, 0xA1, 0x0D, 0xDA, 0x21,
            0x1C, 0xE8, 0x01, 0x1D, 0x00, 0x7A, 0x90, 0x87, 0x7A, 0x28, 0x07, 0x80, 0x70, 0x87, 0x77, 0x68,
            0x03, 0x77, 0x08, 0x07, 0x77, 0x98, 0x87, 0x36, 0x30, 0x07, 0x78, 0x68, 0x83, 0x76, 0x08, 0x07,
            0x7A, 0x40, 0x07, 0x80, 0x1E, 0xE4, 0xA1, 0x1E, 0xCA, 0x01, 0x20, 0xDC, 0xE1, 0x1D, 0xDA, 0x60,
            0x1E, 0xD2, 0xE1, 0x1C, 0xDC, 0xA1, 0x1C, 0xC8, 0xA1, 0x0D, 0xF4, 0xA1, 0x1C, 0xE4, 0xE1, 0x1D,
            0xE6, 0xA1, 0x0D, 0xCC, 0x01, 0x1E, 0xDA, 0xA0, 0x1D, 0xC2, 0x81, 0x1E, 0xD0, 0x01, 0xA0, 0x07,
            0x79, 0xA8, 0x87, 0x72, 0x00, 0x08, 0x77, 0x78, 0x87, 0x36, 0xA0, 0x07, 0x79, 0x08, 0x07, 0x78,
            0x80, 0x87, 0x74, 0x70, 0x87, 0x73, 0x68, 0x83, 0x76, 0x08, 0x07, 0x7A, 0x40, 0x07, 0x80, 0x1E,
            0xE4, 0xA1, 0x1E, 0xCA, 0x01, 0x20, 0xE6, 0x81, 0x1E, 0xC2, 0x61, 0x1C, 0xD6, 0xA1, 0x0D, 0xE0,
            0x41, 0x1E, 0xDE, 0x81, 0x1E, 0xCA, 0x61, 0x1C, 0xE8, 0xE1, 0x1D, 0xE4, 0xA1, 0x0D, 0xC4, 0xA1,
            0x1E, 0xCC, 0xC1, 0x1C, 0xCA, 0x41, 0x1E, 0xDA, 0x60, 0x1E, 0xD2, 0x41, 0x1F, 0xCA, 0x01, 0xC0,
            0x03, 0x80, 0xA8, 0x07, 0x77, 0x98, 0x87, 0x70, 0x30, 0x87, 0x72, 0x68, 0x03, 0x73, 0x80, 0x87,
            0x36, 0x68, 0x87, 0x70, 0xA0, 0x07, 0x74, 0x00, 0xE8, 0x41, 0x1E, 0xEA, 0xA1, 0x1C, 0x00, 0xE2,
            0x1E, 0xDE, 0x41, 0x1E, 0xD6, 0xA1, 0x0D, 0xCE, 0x41, 0x1E, 0xDE, 0xA1, 0x1E, 0xE0, 0xA1, 0x0D,
            0xE6, 0x21, 0x1D, 0xF4, 0xA1, 0x1C, 0x00, 0x3C, 0x60, 0x03, 0x3C, 0x60, 0x83, 0x38, 0x00, 0x36,
            0x10, 0x42, 0x00, 0x90, 0xC2, 0x86, 0x6E, 0x10, 0x80, 0x05, 0x20, 0x05, 0xA0, 0x1A, 0xC2, 0x21,
            0x1D, 0xE4, 0xA1, 0x0D, 0xC4, 0xA1, 0x1E, 0xCC, 0xC1, 0x1C, 0xCA, 0x41, 0x1E, 0xDA, 0xC0, 0x1D,
            0xDE, 0xA1, 0x0D, 0xC2, 0x81, 0x1D, 0xD2, 0x21, 0x1C, 0xE6, 0x01, 0xD8, 0xA0, 0x10, 0xFF, 0xFF,
            0xFF, 0xFF, 0x3F, 0x00, 0x6D, 0x00, 0x98, 0x02, 0x20, 0x01, 0x7D, 0xB0, 0x81, 0x28, 0x02, 0x60,
            0xD9, 0xE0, 0x18, 0xFF, 0xFF, 0xFF, 0xFF, 0x3F, 0x00, 0xA6, 0x00, 0xF8, 0x01, 0xF0, 0x07, 0x80,
            0x04, 0x50, 0x40, 0x1F, 0x6C, 0x80, 0x8E, 0xFF, 0xFF, 0xFF, 0xFF, 0x1F, 0x80, 0x36, 0x00, 0xD6,
            0x00, 0x30, 0x05, 0xC0, 0x0F, 0x00, 0x09, 0xA8, 0x80, 0x3E, 0xD8, 0x60, 0x20, 0x01, 0xB0, 0x00,
            0xD5, 0x06, 0x23, 0x11, 0x80, 0x05, 0xA8, 0x36, 0x20, 0xCA, 0xFF, 0xFF, 0xFF, 0xFF, 0x0F, 0x80,
            0x04, 0x50, 0x40, 0x1F, 0x6C, 0x60, 0x96, 0xFF, 0xFF, 0xFF, 0xFF, 0x1F, 0x80, 0x36, 0x00, 0xD6,
            0x00, 0x90, 0x80, 0x0A, 0xE8, 0x83, 0x0D, 0x08, 0xF3, 0xFF, 0xFF, 0xFF, 0xFF, 0x03, 0xD0, 0x06,
            0x80, 0x04, 0xF4, 0x01, 0x00, 0x00, 0x00, 0x00, 0x49, 0x18, 0x00, 0x00, 0x07, 0x00, 0x00, 0x00,
            0x13, 0x86, 0x40, 0x18, 0x26, 0x08, 0x44, 0x31, 0x21, 0x30, 0x26, 0x0C, 0x07, 0x92, 0x4C, 0x08,
            0x94, 0x09, 0xC3, 0x82, 0x24, 0x13, 0x04, 0xA6, 0x00, 0x00, 0x00, 0x00, 0x13, 0xB8, 0x70, 0x48,
            0x07, 0x79, 0xB0, 0x03, 0x3A, 0xF8, 0x05, 0x7B, 0x90, 0x03, 0x3C, 0x68, 0x83, 0x70, 0x80, 0x07,
            0x78, 0x60, 0x87, 0x72, 0x68, 0x83, 0x76, 0x08, 0x87, 0x71, 0x78, 0x87, 0x79, 0xC0, 0x07, 0x39,
            0xB0, 0x03, 0x37, 0x80, 0x03, 0x37, 0x80, 0x83, 0x0D, 0xB7, 0x51, 0x0E, 0x6D, 0x00, 0x0F, 0x7A,
            0x60, 0x07, 0x74, 0xA0, 0x07, 0x76, 0x40, 0x07, 0x7A, 0x60, 0x07, 0x74, 0xD0, 0x06, 0xE9, 0x10,
            0x07, 0x7A, 0x80, 0x07, 0x7A, 0x80, 0x07, 0x6D, 0x90, 0x0E, 0x78, 0xA0, 0x07, 0x78, 0xA0, 0x07,
            0x78, 0xD0, 0x06, 0xE9, 0x10, 0x07, 0x76, 0xA0, 0x07, 0x71, 0x60, 0x07, 0x7A, 0x10, 0x07, 0x76,
            0xD0, 0x06, 0xE9, 0x30, 0x07, 0x72, 0xA0, 0x07, 0x73, 0x20, 0x07, 0x7A, 0x30, 0x07, 0x72, 0xD0,
            0x06, 0xE9, 0x60, 0x07, 0x74, 0xA0, 0x07, 0x76, 0x40, 0x07, 0x7A, 0x60, 0x07, 0x74, 0xD0, 0x06,
            0xE6, 0x30, 0x07, 0x72, 0xA0, 0x07, 0x73, 0x20, 0x07, 0x7A, 0x30, 0x07, 0x72, 0xD0, 0x06, 0xE6,
            0x60, 0x07, 0x74, 0xA0, 0x07, 0x76, 0x40, 0x07, 0x7A, 0x60, 0x07, 0x74, 0xD0, 0x06, 0xF6, 0x10,
            0x07, 0x76, 0xA0, 0x07, 0x71, 0x60, 0x07, 0x7A, 0x10, 0x07, 0x76, 0xD0, 0x06, 0xF6, 0x20, 0x07,
            0x74, 0xA0, 0x07, 0x73, 0x20, 0x07, 0x7A, 0x30, 0x07, 0x72, 0xD0, 0x06, 0xF6, 0x30, 0x07, 0x72,
            0xA0, 0x07, 0x73, 0x20, 0x07, 0x7A, 0x30, 0x07, 0x72, 0xD0, 0x06, 0xF6, 0x40, 0x07, 0x78, 0xA0,
            0x07, 0x76, 0x40, 0x07, 0x7A, 0x60, 0x07, 0x74, 0xD0, 0x06, 0xF6, 0x60, 0x07, 0x74, 0xA0, 0x07,
            0x76, 0x40, 0x07, 0x7A, 0x60, 0x07, 0x74, 0xD0, 0x06, 0xF6, 0x90, 0x07, 0x76, 0xA0, 0x07, 0x71,
            0x20, 0x07, 0x78, 0xA0, 0x07, 0x71, 0x20, 0x07, 0x78, 0xD0, 0x06, 0xF6, 0x10, 0x07, 0x72, 0x80,
            0x07, 0x7A, 0x10, 0x07, 0x72, 0x80, 0x07, 0x7A, 0x10, 0x07, 0x72, 0x80, 0x07, 0x6D, 0x60, 0x0F,
            0x71, 0x90, 0x07, 0x72, 0xA0, 0x07, 0x72, 0x50, 0x07, 0x76, 0xA0, 0x07, 0x72, 0x50, 0x07, 0x76,
            0xD0, 0x06, 0xF6, 0x20, 0x07, 0x75, 0x60, 0x07, 0x7A, 0x20, 0x07, 0x75, 0x60, 0x07, 0x7A, 0x20,
            0x07, 0x75, 0x60, 0x07, 0x6D, 0x60, 0x0F, 0x75, 0x10, 0x07, 0x72, 0xA0, 0x07, 0x75, 0x10, 0x07,
            0x72, 0xA0, 0x07, 0x75, 0x10, 0x07, 0x72, 0xD0, 0x06, 0xF6, 0x10, 0x07, 0x70, 0x20, 0x07, 0x74,
            0xA0, 0x07, 0x71, 0x00, 0x07, 0x72, 0x40, 0x07, 0x7A, 0x10, 0x07, 0x70, 0x20, 0x07, 0x74, 0xD0,
            0x06, 0xEE, 0x80, 0x07, 0x7A, 0x10, 0x07, 0x76, 0xA0, 0x07, 0x73, 0x20, 0x07, 0x1A, 0x21, 0x0C,
            0x69, 0x70, 0xAC, 0x09, 0x20, 0xCD, 0x90, 0x0A, 0x30, 0x1C, 0x00, 0x00, 0x02, 0x00, 0x00, 0x00,
            0x01, 0x00, 0x00, 0x00, 0x00, 0x00, 0x03, 0x18, 0x52, 0x19, 0x1A, 0x04, 0x04, 0x80, 0x00, 0x00,
            0x00, 0x20, 0x00, 0x00, 0x00, 0x00, 0x00, 0x60, 0x00, 0x43, 0x2A, 0x30, 0xB8, 0x26, 0x20, 0x00,
            0x06, 0x00, 0x00, 0x00, 0x01, 0x00, 0x00, 0x00, 0x00, 0x00, 0x03, 0x18, 0x52, 0xDD, 0xC1, 0x55,
            0x01, 0x01, 0x30, 0x00, 0x00, 0x00, 0x08, 0x00, 0x00, 0x00, 0x00, 0x00, 0x18, 0xC0, 0x90, 0xCA,
            0x15, 0xA4, 0x0B, 0x08, 0x80, 0x01, 0x00, 0x00, 0x40, 0x00, 0x00, 0x00, 0x00, 0x00, 0xC0, 0x00,
            0x86, 0x54, 0xE0, 0x30, 0x5D, 0x40, 0x00, 0x0C, 0x00, 0x00, 0x00, 0x02, 0x00, 0x00, 0x00, 0x00,
            0x00, 0x06, 0x30, 0xA4, 0x9A, 0x87, 0xAD, 0x03, 0x02, 0x80, 0x00, 0x00, 0x00, 0x10, 0x00, 0x00,
            0x00, 0x00, 0x00, 0x30, 0x80, 0x21, 0x95, 0x4B, 0x6C, 0x1F, 0x10, 0x00, 0x03, 0x00, 0x00, 0x80,
            0x00, 0x00, 0x00, 0x00, 0x00, 0x80, 0x01, 0x0C, 0xA9, 0xD2, 0x82, 0x11, 0x03, 0x20, 0x00, 0x06,
            0x00, 0x00, 0x00, 0x01, 0x00, 0x00, 0x00, 0x00, 0x00, 0x03, 0x18, 0x52, 0xD5, 0xC5, 0x46, 0x06,
            0x40, 0x00, 0x0C, 0x00, 0x00, 0x00, 0x02, 0x00, 0x00, 0x00, 0x00, 0x00, 0x06, 0x20, 0xB1, 0x41,
            0xA0, 0x28, 0x1D, 0x01, 0x00, 0x40, 0x16, 0x08, 0x0B, 0x00, 0x00, 0x00, 0x32, 0x1E, 0x98, 0x14,
            0x19, 0x11, 0x4C, 0x90, 0x8C, 0x09, 0x26, 0x47, 0xC6, 0x04, 0x43, 0x0A, 0x4A, 0xA0, 0x10, 0xCA,
            0xA1, 0x08, 0xCA, 0xA7, 0x00, 0x05, 0x0A, 0xA2, 0x40, 0x46, 0x00, 0x0A, 0xA6, 0x80, 0xCA, 0xA0,
            0xA0, 0x0A, 0xAC, 0x00, 0x03, 0x00, 0x00, 0x00, 0xB1, 0x18, 0x00, 0x00, 0xA5, 0x00, 0x00, 0x00,
            0x33, 0x08, 0x80, 0x1C, 0xC4, 0xE1, 0x1C, 0x66, 0x14, 0x01, 0x3D, 0x88, 0x43, 0x38, 0x84, 0xC3,
            0x8C, 0x42, 0x80, 0x07, 0x79, 0x78, 0x07, 0x73, 0x98, 0x71, 0x0C, 0xE6, 0x00, 0x0F, 0xED, 0x10,
            0x0E, 0xF4, 0x80, 0x0E, 0x33, 0x0C, 0x42, 0x1E, 0xC2, 0xC1, 0x1D, 0xCE, 0xA1, 0x1C, 0x66, 0x30,
            0x05, 0x3D, 0x88, 0x43, 0x38, 0x84, 0x83, 0x1B, 0xCC, 0x03, 0x3D, 0xC8, 0x43, 0x3D, 0x8C, 0x03,
            0x3D, 0xCC, 0x78, 0x8C, 0x74, 0x70, 0x07, 0x7B, 0x08, 0x07, 0x79, 0x48, 0x87, 0x70, 0x70, 0x07,
            0x7A, 0x70, 0x03, 0x76, 0x78, 0x87, 0x70, 0x20, 0x87, 0x19, 0xCC, 0x11, 0x0E, 0xEC, 0x90, 0x0E,
            0xE1, 0x30, 0x0F, 0x6E, 0x30, 0x0F, 0xE3, 0xF0, 0x0E, 0xF0, 0x50, 0x0E, 0x33, 0x10, 0xC4, 0x1D,
            0xDE, 0x21, 0x1C, 0xD8, 0x21, 0x1D, 0xC2, 0x61, 0x1E, 0x66, 0x30, 0x89, 0x3B, 0xBC, 0x83, 0x3B,
            0xD0, 0x43, 0x39, 0xB4, 0x03, 0x3C, 0xBC, 0x83, 0x3C, 0x84, 0x03, 0x3B, 0xCC, 0xF0, 0x14, 0x76,
            0x60, 0x07, 0x7B, 0x68, 0x07, 0x37, 0x68, 0x87, 0x72, 0x68, 0x07, 0x37, 0x80, 0x87, 0x70, 0x90,
            0x87, 0x70, 0x60, 0x07, 0x76, 0x28, 0x07, 0x76, 0xF8, 0x05, 0x76, 0x78, 0x87, 0x77, 0x80, 0x87,
            0x5F, 0x08, 0x87, 0x71, 0x18, 0x87, 0x72, 0x98, 0x87, 0x79, 0x98, 0x81, 0x2C, 0xEE, 0xF0, 0x0E,
            0xEE, 0xE0, 0x0E, 0xF5, 0xC0, 0x0E, 0xEC, 0x30, 0x03, 0x62, 0xC8, 0xA1, 0x1C, 0xE4, 0xA1, 0x1C,
            0xCC, 0xA1, 0x1C, 0xE4, 0xA1, 0x1C, 0xDC, 0x61, 0x1C, 0xCA, 0x21, 0x1C, 0xC4, 0x81, 0x1D, 0xCA,
            0x61, 0x06, 0xD6, 0x90, 0x43, 0x39, 0xC8, 0x43, 0x39, 0x98, 0x43, 0x39, 0xC8, 0x43, 0x39, 0xB8,
            0xC3, 0x38, 0x94, 0x43, 0x38, 0x88, 0x03, 0x3B, 0x94, 0xC3, 0x2F, 0xBC, 0x83, 0x3C, 0xFC, 0x82,
            0x3B, 0xD4, 0x03, 0x3B, 0xB0, 0xC3, 0x0C, 0xC7, 0x69, 0x87, 0x70, 0x58, 0x87, 0x72, 0x70, 0x83,
            0x74, 0x68, 0x07, 0x78, 0x60, 0x87, 0x74, 0x18, 0x87, 0x74, 0xA0, 0x87, 0x19, 0xCE, 0x53, 0x0F,
            0xEE, 0x00, 0x0F, 0xF2, 0x50, 0x0E, 0xE4, 0x90, 0x0E, 0xE3, 0x40, 0x0F, 0xE1, 0x20, 0x0E, 0xEC,
            0x50, 0x0E, 0x33, 0x20, 0x28, 0x1D, 0xDC, 0xC1, 0x1E, 0xC2, 0x41, 0x1E, 0xD2, 0x21, 0x1C, 0xDC,
            0x81, 0x1E, 0xDC, 0xE0, 0x1C, 0xE4, 0xE1, 0x1D, 0xEA, 0x01, 0x1E, 0x66, 0x18, 0x51, 0x38, 0xB0,
            0x43, 0x3A, 0x9C, 0x83, 0x3B, 0xCC, 0x50, 0x24, 0x76, 0x60, 0x07, 0x7B, 0x68, 0x07, 0x37, 0x60,
            0x87, 0x77, 0x78, 0x07, 0x78, 0x98, 0x51, 0x4C, 0xF4, 0x90, 0x0F, 0xF0, 0x50, 0x0E, 0x33, 0x1E,
            0x6A, 0x1E, 0xCA, 0x61, 0x1C, 0xE8, 0x21, 0x1D, 0xDE, 0xC1, 0x1D, 0x7E, 0x01, 0x1E, 0xE4, 0xA1,
            0x1C, 0xCC, 0x21, 0x1D, 0xF0, 0x61, 0x06, 0x54, 0x85, 0x83, 0x38, 0xCC, 0xC3, 0x3B, 0xB0, 0x43,
            0x3D, 0xD0, 0x43, 0x39, 0xFC, 0xC2, 0x3C, 0xE4, 0x43, 0x3B, 0x88, 0xC3, 0x3B, 0xB0, 0xC3, 0x8C,
            0xC5, 0x0A, 0x87, 0x79, 0x98, 0x87, 0x77, 0x18, 0x87, 0x74, 0x08, 0x07, 0x7A, 0x28, 0x07, 0x72,
            0x98, 0x81, 0x5C, 0xE3, 0x10, 0x0E, 0xEC, 0xC0, 0x0E, 0xE5, 0x50, 0x0E, 0xF3, 0x30, 0x23, 0xC1,
            0xD2, 0x41, 0x1E, 0xE4, 0xE1, 0x17, 0xD8, 0xE1, 0x1D, 0xDE, 0x01, 0x1E, 0x66, 0x48, 0x19, 0x3B,
            0xB0, 0x83, 0x3D, 0xB4, 0x83, 0x1B, 0x84, 0xC3, 0x38, 0x8C, 0x43, 0x39, 0xCC, 0xC3, 0x3C, 0xB8,
            0xC1, 0x39, 0xC8, 0xC3, 0x3B, 0xD4, 0x03, 0x3C, 0xCC, 0x48, 0xB4, 0x71, 0x08, 0x07, 0x76, 0x60,
            0x07, 0x71, 0x08, 0x87, 0x71, 0x58, 0x87, 0x19, 0xDB, 0xC6, 0x0E, 0xEC, 0x60, 0x0F, 0xED, 0xE0,
            0x06, 0xF0, 0x20, 0x0F, 0xE5, 0x30, 0x0F, 0xE5, 0x20, 0x0F, 0xF6, 0x50, 0x0E, 0x6E, 0x10, 0x0E,
            0xE3, 0x30, 0x0E, 0xE5, 0x30, 0x0F, 0xF3, 0xE0, 0x06, 0xE9, 0xE0, 0x0E, 0xE4, 0x50, 0x0E, 0xF8,
            0x30, 0x23, 0xE2, 0xEC, 0x61, 0x1C, 0xC2, 0x81, 0x1D, 0xD8, 0xE1, 0x17, 0xEC, 0x21, 0x1D, 0xE6,
            0x21, 0x1D, 0xC4, 0x21, 0x1D, 0xD8, 0x21, 0x1D, 0xE8, 0x21, 0x1F, 0x66, 0x20, 0x9D, 0x3B, 0xBC,
            0x43, 0x3D, 0xB8, 0x03, 0x39, 0x94, 0x83, 0x39, 0xCC, 0x58, 0xBC, 0x70, 0x70, 0x07, 0x77, 0x78,
            0x07, 0x7A, 0x08, 0x07, 0x7A, 0x48, 0x87, 0x77, 0x70, 0x87, 0x19, 0xCE, 0x87, 0x0E, 0xE5, 0x10,
            0x0E, 0xF0, 0x10, 0x0E, 0xEC, 0xC0, 0x0E, 0xEF, 0x30, 0x0E, 0xF3, 0x90, 0x0E, 0xF4, 0x50, 0x0E,
            0x33, 0x28, 0x30, 0x08, 0x87, 0x74, 0x90, 0x07, 0x37, 0x30, 0x87, 0x7A, 0x70, 0x87, 0x71, 0xA0,
            0x87, 0x74, 0x78, 0x07, 0x77, 0xF8, 0x85, 0x73, 0x90, 0x87, 0x77, 0xA8, 0x07, 0x78, 0x98, 0x07,
            0x00, 0x00, 0x00, 0x00, 0x79, 0x20, 0x00, 0x00, 0x48, 0x01, 0x00, 0x00, 0x72, 0x1E, 0x48, 0x20,
            0x43, 0x88, 0x0C, 0x19, 0x09, 0x72, 0x32, 0x48, 0x20, 0x23, 0x81, 0x8C, 0x91, 0x91, 0xD1, 0x44,
            0xA0, 0x10, 0x28, 0x64, 0x3C, 0x31, 0x32, 0x42, 0x8E, 0x90, 0x21, 0xA3, 0xC8, 0x06, 0x64, 0x60,
            0x63, 0x00, 0x00, 0x00, 0x4A, 0x63, 0x61, 0x1B, 0xB4, 0x41, 0x71, 0x50, 0x6C, 0x1C, 0x19, 0x6C,
            0x51, 0xC1, 0x48, 0x93, 0x84, 0x44, 0x94, 0x11, 0x55, 0x15, 0x76, 0x2C, 0x0A, 0x87, 0x38, 0x47,
            0xB2, 0x14, 0x49, 0x74, 0x2D, 0xCB, 0x05, 0x00, 0x77, 0x63, 0x68, 0x61, 0x72, 0x5F, 0x73, 0x69,
            0x7A, 0x65, 0x66, 0x72, 0x61, 0x6D, 0x65, 0x2D, 0x70, 0x6F, 0x69, 0x6E, 0x74, 0x65, 0x72, 0x61,
            0x69, 0x72, 0x2E, 0x6D, 0x61, 0x78, 0x5F, 0x64, 0x65, 0x76, 0x69, 0x63, 0x65, 0x5F, 0x62, 0x75,
            0x66, 0x66, 0x65, 0x72, 0x73, 0x61, 0x69, 0x72, 0x2E, 0x6D, 0x61, 0x78, 0x5F, 0x63, 0x6F, 0x6E,
            0x73, 0x74, 0x61, 0x6E, 0x74, 0x5F, 0x62, 0x75, 0x66, 0x66, 0x65, 0x72, 0x73, 0x61, 0x69, 0x72,
            0x2E, 0x6D, 0x61, 0x78, 0x5F, 0x74, 0x68, 0x72, 0x65, 0x61, 0x64, 0x67, 0x72, 0x6F, 0x75, 0x70,
            0x5F, 0x62, 0x75, 0x66, 0x66, 0x65, 0x72, 0x73, 0x61, 0x69, 0x72, 0x2E, 0x6D, 0x61, 0x78, 0x5F,
            0x74, 0x65, 0x78, 0x74, 0x75, 0x72, 0x65, 0x73, 0x61, 0x69, 0x72, 0x2E, 0x6D, 0x61, 0x78, 0x5F,
            0x72, 0x65, 0x61, 0x64, 0x5F, 0x77, 0x72, 0x69, 0x74, 0x65, 0x5F, 0x74, 0x65, 0x78, 0x74, 0x75,
            0x72, 0x65, 0x73, 0x61, 0x69, 0x72, 0x2E, 0x6D, 0x61, 0x78, 0x5F, 0x73, 0x61, 0x6D, 0x70, 0x6C,
            0x65, 0x72, 0x73, 0x41, 0x70, 0x70, 0x6C, 0x65, 0x20, 0x6D, 0x65, 0x74, 0x61, 0x6C, 0x20, 0x76,
            0x65, 0x72, 0x73, 0x69, 0x6F, 0x6E, 0x20, 0x33, 0x32, 0x30, 0x32, 0x33, 0x2E, 0x38, 0x38, 0x33,
            0x20, 0x28, 0x6D, 0x65, 0x74, 0x61, 0x6C, 0x66, 0x65, 0x2D, 0x33, 0x32, 0x30, 0x32, 0x33, 0x2E,
            0x38, 0x38, 0x33, 0x29, 0x4D, 0x65, 0x74, 0x61, 0x6C, 0x61, 0x69, 0x72, 0x2E, 0x63, 0x6F, 0x6D,
            0x70, 0x69, 0x6C, 0x65, 0x2E, 0x64, 0x65, 0x6E, 0x6F, 0x72, 0x6D, 0x73, 0x5F, 0x64, 0x69, 0x73,
            0x61, 0x62, 0x6C, 0x65, 0x61, 0x69, 0x72, 0x2E, 0x63, 0x6F, 0x6D, 0x70, 0x69, 0x6C, 0x65, 0x2E,
            0x66, 0x61, 0x73, 0x74, 0x5F, 0x6D, 0x61, 0x74, 0x68, 0x5F, 0x65, 0x6E, 0x61, 0x62, 0x6C, 0x65,
            0x61, 0x69, 0x72, 0x2E, 0x63, 0x6F, 0x6D, 0x70, 0x69, 0x6C, 0x65, 0x2E, 0x66, 0x72, 0x61, 0x6D,
            0x65, 0x62, 0x75, 0x66, 0x66, 0x65, 0x72, 0x5F, 0x66, 0x65, 0x74, 0x63, 0x68, 0x5F, 0x65, 0x6E,
            0x61, 0x62, 0x6C, 0x65, 0x61, 0x69, 0x72, 0x2E, 0x74, 0x68, 0x72, 0x65, 0x61, 0x64, 0x5F, 0x70,
            0x6F, 0x73, 0x69, 0x74, 0x69, 0x6F, 0x6E, 0x5F, 0x69, 0x6E, 0x5F, 0x67, 0x72, 0x69, 0x64, 0x61,
            0x69, 0x72, 0x2E, 0x61, 0x72, 0x67, 0x5F, 0x74, 0x79, 0x70, 0x65, 0x5F, 0x6E, 0x61, 0x6D, 0x65,
            0x75, 0x69, 0x6E, 0x74, 0x33, 0x61, 0x69, 0x72, 0x2E, 0x61, 0x72, 0x67, 0x5F, 0x6E, 0x61, 0x6D,
            0x65, 0x64, 0x69, 0x73, 0x70, 0x61, 0x74, 0x63, 0x68, 0x54, 0x68, 0x72, 0x65, 0x61, 0x64, 0x49,
            0x64, 0x5F, 0x30, 0x61, 0x69, 0x72, 0x2E, 0x69, 0x6E, 0x64, 0x69, 0x72, 0x65, 0x63, 0x74, 0x5F,
            0x62, 0x75, 0x66, 0x66, 0x65, 0x72, 0x61, 0x69, 0x72, 0x2E, 0x6C, 0x6F, 0x63, 0x61, 0x74, 0x69,
            0x6F, 0x6E, 0x5F, 0x69, 0x6E, 0x64, 0x65, 0x78, 0x61, 0x69, 0x72, 0x2E, 0x72, 0x65, 0x61, 0x64,
            0x61, 0x69, 0x72, 0x2E, 0x61, 0x64, 0x64, 0x72, 0x65, 0x73, 0x73, 0x5F, 0x73, 0x70, 0x61, 0x63,
            0x65, 0x61, 0x69, 0x72, 0x2E, 0x73, 0x74, 0x72, 0x75, 0x63, 0x74, 0x5F, 0x74, 0x79, 0x70, 0x65,
            0x5F, 0x69, 0x6E, 0x66, 0x6F, 0x66, 0x6C, 0x6F, 0x61, 0x74, 0x34, 0x4F, 0x75, 0x74, 0x70, 0x75,
            0x74, 0x53, 0x69, 0x7A, 0x65, 0x46, 0x72, 0x61, 0x6D, 0x65, 0x5F, 0x30, 0x61, 0x69, 0x72, 0x2E,
            0x69, 0x6E, 0x64, 0x69, 0x72, 0x65, 0x63, 0x74, 0x5F, 0x61, 0x72, 0x67, 0x75, 0x6D, 0x65, 0x6E,
            0x74, 0x61, 0x69, 0x72, 0x2E, 0x69, 0x6E, 0x64, 0x69, 0x72, 0x65, 0x63, 0x74, 0x5F, 0x63, 0x6F,
            0x6E, 0x73, 0x74, 0x61, 0x6E, 0x74, 0x74, 0x65, 0x78, 0x74, 0x75, 0x72, 0x65, 0x32, 0x64, 0x3C,
            0x66, 0x6C, 0x6F, 0x61, 0x74, 0x2C, 0x20, 0x73, 0x61, 0x6D, 0x70, 0x6C, 0x65, 0x3E, 0x49, 0x6E,
            0x70, 0x75, 0x74, 0x5F, 0x30, 0x61, 0x69, 0x72, 0x2E, 0x74, 0x65, 0x78, 0x74, 0x75, 0x72, 0x65,
            0x61, 0x69, 0x72, 0x2E, 0x73, 0x61, 0x6D, 0x70, 0x6C, 0x65, 0x74, 0x65, 0x78, 0x74, 0x75, 0x72,
            0x65, 0x32, 0x64, 0x3C, 0x66, 0x6C, 0x6F, 0x61, 0x74, 0x2C, 0x20, 0x72, 0x65, 0x61, 0x64, 0x5F,
            0x77, 0x72, 0x69, 0x74, 0x65, 0x3E, 0x4F, 0x75, 0x74, 0x70, 0x75, 0x74, 0x5F, 0x30, 0x61, 0x69,
            0x72, 0x2E, 0x72, 0x65, 0x61, 0x64, 0x5F, 0x77, 0x72, 0x69, 0x74, 0x65, 0x73, 0x61, 0x6D, 0x70,
            0x6C, 0x65, 0x72, 0x53, 0x61, 0x6D, 0x70, 0x6C, 0x65, 0x72, 0x5F, 0x30, 0x61, 0x69, 0x72, 0x2E,
            0x73, 0x61, 0x6D, 0x70, 0x6C, 0x65, 0x72, 0x75, 0x69, 0x6E, 0x74, 0x32, 0x50, 0x61, 0x64, 0x64,
            0x69, 0x6E, 0x67, 0x5F, 0x30, 0x61, 0x69, 0x72, 0x2E, 0x61, 0x72, 0x67, 0x5F, 0x74, 0x79, 0x70,
            0x65, 0x5F, 0x73, 0x69, 0x7A, 0x65, 0x61, 0x69, 0x72, 0x2E, 0x61, 0x72, 0x67, 0x5F, 0x74, 0x79,
            0x70, 0x65, 0x5F, 0x61, 0x6C, 0x69, 0x67, 0x6E, 0x5F, 0x73, 0x69, 0x7A, 0x65, 0x43, 0x6F, 0x6E,
            0x73, 0x74, 0x61, 0x6E, 0x74, 0x73, 0x5F, 0x30, 0x63, 0x6F, 0x6E, 0x73, 0x74, 0x61, 0x6E, 0x74,
            0x73, 0x5F, 0x31, 0x61, 0x69, 0x72, 0x2E, 0x6D, 0x61, 0x78, 0x5F, 0x77, 0x6F, 0x72, 0x6B, 0x5F,
            0x67, 0x72, 0x6F, 0x75, 0x70, 0x5F, 0x73, 0x69, 0x7A, 0x65, 0x00, 0x00, 0x66, 0x90, 0x00, 0x00,
            0x00, 0x00, 0x00, 0x00, 0x30, 0x82, 0x10, 0x28, 0x23, 0x08, 0xC1, 0x32, 0x82, 0x10, 0x30, 0x23,
            0x08, 0x41, 0x33, 0x82, 0x10, 0x38, 0x23, 0x08, 0xC1, 0x33, 0x82, 0x10, 0x40, 0x23, 0x08, 0x41,
            0x34, 0x82, 0x10, 0x48, 0x23, 0x08, 0x0F, 0x30, 0x82, 0x10, 0x4C, 0x23, 0x08, 0x01, 0x35, 0x82,
            0x10, 0x54, 0x23, 0x08, 0x81, 0x35, 0x82, 0x10, 0x5C, 0x23, 0x08, 0x01, 0x36, 0xC3, 0xD0, 0x06,
            0x81, 0x1B, 0xCC, 0x30, 0xBC, 0x81, 0x00, 0x07, 0x33, 0x0C, 0x6F, 0x30, 0xC4, 0xC1, 0x0C, 0xC3,
            0x1B, 0x10, 0x71, 0x30, 0xC3, 0xF0, 0x06, 0x45, 0x1C, 0xCC, 0x30, 0xBC, 0x81, 0x21, 0x07, 0x33,
            0x0C, 0x6F, 0x70, 0xCC, 0xC1, 0x0C, 0xC3, 0x1B, 0x20, 0x74, 0x30, 0x43, 0x90, 0xCC, 0x30, 0xC0,
            0xC1, 0x1C, 0xD4, 0xC1, 0x0C, 0x84, 0xE2, 0x06, 0x75, 0x50, 0x07, 0x33, 0x04, 0xCB, 0x0C, 0x01,
            0x33, 0x43, 0xD0, 0xCC, 0x00, 0xCC, 0x60, 0xD4, 0x81, 0xF3, 0x40, 0x91, 0x34, 0x43, 0x52, 0x07,
            0x1B, 0x55, 0x07, 0x6D, 0xF0, 0x60, 0x51, 0x36, 0x83, 0xD2, 0x06, 0x1E, 0xD5, 0x06, 0x6D, 0xF0,
            0x3D, 0x5C, 0xD4, 0xCD, 0xA0, 0xC0, 0x81, 0x47, 0xC1, 0x41, 0x1B, 0x88, 0xC1, 0x03, 0x06, 0x51,
            0x18, 0xCC, 0x90, 0xE4, 0x41, 0x19, 0x50, 0x79, 0xD0, 0x06, 0xCF, 0x18, 0x44, 0x64, 0x30, 0x43,
            0xE2, 0x06, 0x1B, 0xE5, 0x06, 0x6D, 0xF0, 0x98, 0x41, 0x74, 0x06, 0x33, 0x8C, 0x41, 0x1D, 0xD0,
            0x41, 0x1D, 0x60, 0x99, 0xD6, 0x0A, 0x74, 0x30, 0x07, 0x75, 0xC0, 0x75, 0x9A, 0x2B, 0xDC, 0xC1,
            0x1C, 0xD4, 0x01, 0x18, 0x84, 0x81, 0xF6, 0x0A, 0x78, 0x30, 0x07, 0x75, 0x30, 0x06, 0x64, 0xA0,
            0xC1, 0x82, 0x1E, 0xCC, 0x41, 0x1D, 0x98, 0xC1, 0x19, 0x68, 0xB1, 0x30, 0x83, 0xD4, 0x06, 0x13,
            0x55, 0x07, 0x6D, 0x50, 0x59, 0x70, 0x70, 0xC9, 0x02, 0x1A, 0xEC, 0x41, 0x1A, 0xD0, 0xC1, 0xA3,
            0x06, 0xD1, 0x1A, 0xCC, 0x20, 0xB0, 0xC2, 0x2C, 0xCC, 0x20, 0xB0, 0x01, 0x1F, 0xCC, 0x40, 0xD8,
            0xC1, 0x2A, 0xD0, 0x42, 0x2D, 0x9C, 0x1A, 0x00, 0x1C, 0xC7, 0x71, 0x1C, 0xC7, 0x71, 0x1C, 0xC7,
            0x71, 0x1C, 0xC7, 0x71, 0x6E, 0xE0, 0x06, 0x6E, 0xE0, 0x06, 0x6E, 0xE0, 0x06, 0x6E, 0xE0, 0x06,
            0x16, 0x1D, 0xE8, 0x81, 0x65, 0x59, 0x90, 0x1E, 0xE0, 0x82, 0x2F, 0xC0, 0x83, 0x3A, 0x90, 0x03,
            0xC9, 0xF8, 0x05, 0x1A, 0xA0, 0x81, 0x8C, 0x04, 0x26, 0x28, 0x23, 0x36, 0x36, 0xBB, 0x36, 0x97,
            0xB6, 0x37, 0xB2, 0x3A, 0xB6, 0x32, 0x17, 0x33, 0xB6, 0xB0, 0xB3, 0xB9, 0x51, 0x10, 0x3E, 0xE8,
            0x03, 0x3F, 0xF8, 0x03, 0x50, 0x08, 0x05, 0x51, 0x18, 0x85, 0x54, 0xD8, 0xD8, 0xEC, 0xDA, 0x5C,
            0xD2, 0xC8, 0xCA, 0xDC, 0xE8, 0x46, 0x09, 0x48, 0x21, 0x97, 0xB0, 0x34, 0x39, 0x17, 0xBB, 0x32,
            0xB9, 0xB9, 0xB4, 0x37, 0xB7, 0x51, 0x82, 0x52, 0x48, 0x2A, 0x2C, 0x4D, 0xCE, 0x85, 0x2D, 0xCC,
            0xED, 0xAC, 0x2E, 0xEC, 0xAC, 0xEC, 0xCB, 0xAE, 0x4C, 0x6E, 0x2E, 0xED, 0xCD, 0x6D, 0x94, 0xC0,
            0x14, 0x72, 0x0A, 0x4B, 0x93, 0x73, 0x19, 0x7B, 0x6B, 0x83, 0x4B, 0x63, 0x2B, 0xFB, 0x7A, 0x83,
            0xA3, 0x4B, 0x7B, 0x73, 0x9B, 0x1B, 0x65, 0x38, 0x05, 0x54, 0x48, 0x85, 0x54, 0xC2, 0xD2, 0xE4,
            0x5C, 0xD6, 0xCA, 0xE4, 0xDC, 0xCA, 0xD8, 0x46, 0x09, 0x6A, 0x01, 0x00, 0xA9, 0x18, 0x00, 0x00,
            0x25, 0x00, 0x00, 0x00, 0x0B, 0x0A, 0x72, 0x28, 0x87, 0x77, 0x80, 0x07, 0x7A, 0x58, 0x70, 0x98,
            0x43, 0x3D, 0xB8, 0xC3, 0x38, 0xB0, 0x43, 0x39, 0xD0, 0xC3, 0x82, 0xE6, 0x1C, 0xC6, 0xA1, 0x0D,
            0xE8, 0x41, 0x1E, 0xC2, 0xC1, 0x1D, 0xE6, 0x21, 0x1D, 0xE8, 0x21, 0x1D, 0xDE, 0xC1, 0x1D, 0x16,
            0x34, 0xE3, 0x60, 0x0E, 0xE7, 0x50, 0x0F, 0xE1, 0x20, 0x0F, 0xE4, 0x40, 0x0F, 0xE1, 0x20, 0x0F,
            0xE7, 0x50, 0x0E, 0xF4, 0xB0, 0x80, 0x81, 0x07, 0x79, 0x28, 0x87, 0x70, 0x60, 0x07, 0x76, 0x78,
            0x87, 0x71, 0x08, 0x07, 0x7A, 0x28, 0x07, 0x72, 0x58, 0x70, 0x9C, 0xC3, 0x38, 0xB4, 0x01, 0x3B,
            0xA4, 0x83, 0x3D, 0x94, 0xC3, 0x02, 0x6B, 0x1C, 0xD8, 0x21, 0x1C, 0xDC, 0xE1, 0x1C, 0xDC, 0x20,
            0x1C, 0xE4, 0x61, 0x1C, 0xDC, 0x20, 0x1C, 0xE8, 0x81, 0x1E, 0xC2, 0x61, 0x1C, 0xD0, 0xA1, 0x1C,
            0xC8, 0x61, 0x1C, 0xC2, 0x81, 0x1D, 0xD8, 0x61, 0xC1, 0x01, 0x0F, 0xF4, 0x20, 0x0F, 0xE1, 0x50,
            0x0F, 0xF4, 0x80, 0x0E, 0x00, 0x00, 0x00, 0x00, 0xD1, 0x10, 0x00, 0x00, 0x06, 0x00, 0x00, 0x00,
            0x07, 0xCC, 0x3C, 0xA4, 0x83, 0x3B, 0x9C, 0x03, 0x3B, 0x94, 0x03, 0x3D, 0xA0, 0x83, 0x3C, 0x94,
            0x43, 0x38, 0x90, 0xC3, 0x01, 0x00, 0x00, 0x00, 0x61, 0x20, 0x00, 0x00, 0xB0, 0x00, 0x00, 0x00,
            0x13, 0x04, 0x43, 0x2C, 0x10, 0x00, 0x00, 0x00, 0x32, 0x00, 0x00, 0x00, 0x14, 0x94, 0xBA, 0xF7,
            0x64, 0x72, 0x41, 0xDD, 0x4F, 0x37, 0xEB, 0x2A, 0x14, 0x4E, 0xC9, 0x2E, 0xDF, 0x23, 0x0A, 0x94,
            0x26, 0xE6, 0x72, 0x40, 0xB1, 0x14, 0xCF, 0x0C, 0x00, 0x09, 0xA3, 0x01, 0x63, 0x0D, 0x40, 0x20,
            0x8C, 0x00, 0xD0, 0x32, 0x96, 0x00, 0x04, 0x23, 0x00, 0xC4, 0xD5, 0x00, 0x9D, 0x23, 0x00, 0x25,
            0x50, 0x04, 0x65, 0x40, 0xEA, 0x1C, 0x84, 0xA4, 0x34, 0x62, 0x40, 0xC3, 0x08, 0xC0, 0x18, 0x41,
            0x48, 0x82, 0x21, 0x7E, 0x8D, 0x11, 0x80, 0x20, 0x08, 0xE2, 0x1F, 0x11, 0xA3, 0x01, 0x24, 0x8D,
            0x06, 0x8C, 0x00, 0x8C, 0x35, 0xDC, 0x3E, 0x1A, 0x8A, 0x60, 0x70, 0xFB, 0x68, 0x28, 0x82, 0xC1,
            0xED, 0xA3, 0xA1, 0x08, 0x06, 0x63, 0x0D, 0x2F, 0x0D, 0xAF, 0xAF, 0xF7, 0xD2, 0xF0, 0xFA, 0x7A,
            0x2F, 0x0D, 0xAF, 0xAF, 0x37, 0xD6, 0xF0, 0xA3, 0xE1, 0x1D, 0x82, 0xC1, 0x8F, 0x86, 0x77, 0x08,
            0x06, 0x3F, 0x1A, 0xDE, 0x21, 0x18, 0x8C, 0x35, 0xF4, 0xB1, 0xE8, 0xC6, 0x5F, 0x1F, 0x8B, 0x6E,
            0xFC, 0xF5, 0xB1, 0xE8, 0xC6, 0xDF, 0x58, 0x43, 0x1A, 0xDE, 0x3E, 0xF8, 0xA5, 0xE1, 0xED, 0x83,
            0x5F, 0x1A, 0xDE, 0x3E, 0xF8, 0x8D, 0x35, 0xB8, 0xB1, 0x1B, 0xBB, 0x9F, 0x1B, 0xBB, 0xB1, 0xFB,
            0xB9, 0xB1, 0x1B, 0xBB, 0x1F, 0x6D, 0x63, 0x09, 0x20, 0x08, 0x82, 0xF0, 0x07, 0x82, 0x20, 0x08,
            0x7F, 0x00, 0x00, 0x00, 0xF1, 0x30, 0x00, 0x00, 0x14, 0x00, 0x00, 0x00, 0x22, 0x47, 0xC8, 0x90,
            0x51, 0x0A, 0x84, 0x1C, 0x00, 0x00, 0x00, 0x00, 0x98, 0x05, 0x00, 0x00, 0x61, 0x69, 0x72, 0x2D,
            0x61, 0x6C, 0x69, 0x61, 0x73, 0x2D, 0x73, 0x63, 0x6F, 0x70, 0x65, 0x73, 0x28, 0x43, 0x53, 0x4D,
            0x61, 0x69, 0x6E, 0x29, 0x61, 0x69, 0x72, 0x2D, 0x61, 0x6C, 0x69, 0x61, 0x73, 0x2D, 0x73, 0x63,
            0x6F, 0x70, 0x65, 0x2D, 0x61, 0x72, 0x67, 0x28, 0x31, 0x29, 0x00, 0x00, 0x2B, 0x84, 0x5C, 0xB8,
            0x85, 0x15, 0x83, 0x2E, 0xE4, 0x02, 0x2E, 0x6C, 0x08, 0x74, 0x01, 0x00, 0x83, 0x0C, 0x62, 0x80,
            0x55, 0x9D, 0x19, 0xC4, 0x60, 0x52, 0x03, 0x0A, 0x88, 0x32, 0xC8, 0x10, 0x34, 0xD8, 0x88, 0x41,
            0x51, 0x84, 0x20, 0x18, 0x90, 0x81, 0x1D, 0x04, 0xC3, 0x0D, 0x45, 0x30, 0x06, 0x23, 0x06, 0x45,
            0x11, 0x82, 0x60, 0x20, 0x06, 0x79, 0x10, 0xCC, 0x32, 0x08, 0x41, 0x90, 0x85, 0xBA, 0x9D, 0x21,
            0xD2, 0x40, 0x73, 0x83, 0x38, 0xA0, 0x20, 0x29, 0x23, 0x06, 0x46, 0x11, 0x82, 0x60, 0xE1, 0x1F,
            0x9F, 0x1F, 0x28, 0x18, 0x30, 0xE0, 0x8F, 0x41, 0x42, 0xFE, 0x9D, 0x21, 0xDC, 0xE0, 0xF3, 0x03,
            0x3B, 0xA0, 0xC0, 0x20, 0x23, 0x06, 0x8D, 0x11, 0x82, 0x60, 0xD0, 0x91, 0x42, 0x60, 0x0C, 0x62,
            0x30, 0x06, 0x62, 0xC0, 0x71, 0x78, 0x30, 0x9A, 0x10, 0x00, 0x83, 0x0C, 0xC1, 0x86, 0x06, 0x23,
            0x06, 0x47, 0x11, 0x82, 0x60, 0xE1, 0x1F, 0x17, 0x2A, 0x04, 0xDA, 0x18, 0x42, 0x1D, 0x94, 0xC1,
            0x18, 0x82, 0x1D, 0x94, 0xC1, 0x18, 0x42, 0x74, 0x06, 0x17, 0x08, 0x72, 0x01, 0x01, 0x63, 0x08,
            0x11, 0x1A, 0x5C, 0x50, 0x07, 0x72, 0x43, 0x00, 0x17, 0xEC, 0x81, 0x5C, 0xB0, 0x07, 0x70, 0xC1,
            0x1E, 0x20, 0x06, 0xAE, 0x00, 0x03, 0x37, 0x04, 0x78, 0x01, 0xC1, 0x17, 0xF8, 0x81, 0x5C, 0xD0,
            0x07, 0x78, 0x81, 0xC0, 0x28, 0xAD, 0x81, 0xF8, 0x63, 0xB0, 0x06, 0xE0, 0x8F, 0x01, 0x25, 0xFE,
            0x58, 0xB1, 0x81, 0xF8, 0x63, 0xC0, 0x06, 0xE0, 0x8F, 0xC1, 0x25, 0xFE, 0x18, 0xB4, 0x01, 0xF8,
            0x63, 0x11, 0x90, 0xFF, 0x88, 0x81, 0x51, 0x84, 0x20, 0x58, 0xF8, 0xC7, 0x54, 0x0E, 0xC1, 0x88,
            0xC1, 0x51, 0x84, 0x20, 0x58, 0xF8, 0xC7, 0x45, 0x0E, 0xC1, 0x1B, 0xDC, 0x92, 0x0B, 0x38, 0x62,
            0x60, 0x14, 0x21, 0x08, 0x16, 0xFE, 0x51, 0x9D, 0x43, 0x70, 0x0D, 0x2C, 0xC8, 0x05, 0xB0, 0x00,
            0x17, 0xC0, 0x02, 0x62, 0x30, 0x0E, 0x30, 0x70, 0x43, 0x80, 0x17, 0x10, 0x7C, 0xC1, 0x2C, 0xC8,
            0x05, 0xB1, 0x80, 0x27, 0x8C, 0x03, 0x9E, 0x10, 0xF0, 0x88, 0x81, 0x51, 0x84, 0x20, 0x58, 0xF8,
            0x47, 0x25, 0x0F, 0x01, 0x32, 0x41, 0xF8, 0x63, 0x80, 0x0A, 0xE2, 0x3F, 0xC7, 0x60, 0x0A, 0xC1,
            0x2B, 0x0C, 0x32, 0x04, 0xA7, 0x40, 0x0B, 0x18, 0x48, 0xE0, 0x3F, 0x62, 0x60, 0x14, 0x21, 0x08,
            0x16, 0xFE, 0x31, 0xE5, 0x43, 0x30, 0xC8, 0x10, 0xA8, 0xC2, 0x2B, 0xCC, 0x31, 0x04, 0xAD, 0x10,
            0x0B, 0x9D, 0x21, 0xC8, 0xA1, 0x16, 0xE2, 0x81, 0x1D, 0x28, 0x30, 0xC8, 0x88, 0x41, 0x72, 0x84,
            0x20, 0x18, 0x40, 0xFF, 0x10, 0x94, 0xC2, 0xE0, 0x0E, 0xEB, 0x30, 0x4B, 0x20, 0x68, 0x40, 0x0C,
            0x06, 0x00, 0x00, 0x00, 0x5B, 0x06, 0xE1, 0xD0, 0x85, 0x2D, 0x83, 0x72, 0xE8, 0xC2, 0x96, 0xE1,
            0x39, 0x74, 0x61, 0xCB, 0x50, 0x0A, 0x87, 0x2E, 0x00, 0x00, 0x00, 0x00, 0x00, 0x00, 0x00, 0x00,
            0x71, 0x20, 0x00, 0x00, 0x03, 0x00, 0x00, 0x00, 0x32, 0x0E, 0x10, 0x22, 0x84, 0x00, 0xC2, 0x07,
            0x00, 0x00, 0x00, 0x00, 0x00, 0x00, 0x00, 0x00, 0x65, 0x0C, 0x00, 0x00, 0x55, 0x00, 0x00, 0x00,
            0x12, 0x03, 0x94, 0xA8, 0x02, 0x00, 0x00, 0x00, 0x03, 0x00, 0x00, 0x00, 0xD0, 0x00, 0x00, 0x00,
            0x09, 0x00, 0x00, 0x00, 0x4C, 0x00, 0x00, 0x00, 0x01, 0x00, 0x00, 0x00, 0x58, 0x00, 0x00, 0x00,
            0x00, 0x00, 0x00, 0x00, 0x58, 0x00, 0x00, 0x00, 0x0A, 0x00, 0x00, 0x00, 0x48, 0x01, 0x00, 0x00,
            0x00, 0x00, 0x00, 0x00, 0xD9, 0x00, 0x00, 0x00, 0x1C, 0x00, 0x00, 0x00, 0x00, 0x00, 0x00, 0x00,
            0x06, 0x00, 0x00, 0x00, 0x06, 0x00, 0x00, 0x00, 0x00, 0x00, 0x00, 0x00, 0x48, 0x01, 0x00, 0x00,
            0x00, 0x00, 0x00, 0x00, 0x00, 0x00, 0x00, 0x00, 0x0A, 0x00, 0x00, 0x00, 0x00, 0x00, 0x00, 0x00,
            0x00, 0x00, 0x00, 0x00, 0x06, 0x00, 0x00, 0x00, 0x00, 0x00, 0x00, 0x00, 0x06, 0x00, 0x00, 0x00,
            0xFF, 0xFF, 0xFF, 0xFF, 0x00, 0x24, 0x00, 0x00, 0x06, 0x00, 0x00, 0x00, 0x1A, 0x00, 0x00, 0x00,
            0x06, 0x00, 0x00, 0x00, 0x1A, 0x00, 0x00, 0x00, 0xFF, 0xFF, 0xFF, 0xFF, 0x08, 0x24, 0x00, 0x00,
            0x20, 0x00, 0x00, 0x00, 0x17, 0x00, 0x00, 0x00, 0x20, 0x00, 0x00, 0x00, 0x17, 0x00, 0x00, 0x00,
            0xFF, 0xFF, 0xFF, 0xFF, 0x08, 0x24, 0x00, 0x00, 0x37, 0x00, 0x00, 0x00, 0x17, 0x00, 0x00, 0x00,
            0x37, 0x00, 0x00, 0x00, 0x17, 0x00, 0x00, 0x00, 0xFF, 0xFF, 0xFF, 0xFF, 0x08, 0x24, 0x00, 0x00,
            0x4E, 0x00, 0x00, 0x00, 0x12, 0x00, 0x00, 0x00, 0x4E, 0x00, 0x00, 0x00, 0x12, 0x00, 0x00, 0x00,
            0xFF, 0xFF, 0xFF, 0xFF, 0x08, 0x24, 0x00, 0x00, 0x60, 0x00, 0x00, 0x00, 0x13, 0x00, 0x00, 0x00,
            0x60, 0x00, 0x00, 0x00, 0x13, 0x00, 0x00, 0x00, 0xFF, 0xFF, 0xFF, 0xFF, 0x08, 0x24, 0x00, 0x00,
            0x73, 0x00, 0x00, 0x00, 0x1B, 0x00, 0x00, 0x00, 0x73, 0x00, 0x00, 0x00, 0x1B, 0x00, 0x00, 0x00,
            0xFF, 0xFF, 0xFF, 0xFF, 0x08, 0x24, 0x00, 0x00, 0x8E, 0x00, 0x00, 0x00, 0x1B, 0x00, 0x00, 0x00,
            0x8E, 0x00, 0x00, 0x00, 0x1B, 0x00, 0x00, 0x00, 0xFF, 0xFF, 0xFF, 0xFF, 0x08, 0x24, 0x00, 0x00,
            0xA9, 0x00, 0x00, 0x00, 0x0C, 0x00, 0x00, 0x00, 0xA9, 0x00, 0x00, 0x00, 0x0C, 0x00, 0x00, 0x00,
            0xFF, 0xFF, 0xFF, 0xFF, 0x08, 0x24, 0x00, 0x00, 0xB5, 0x00, 0x00, 0x00, 0x1B, 0x00, 0x00, 0x00,
            0xB5, 0x00, 0x00, 0x00, 0x1B, 0x00, 0x00, 0x00, 0xFF, 0xFF, 0xFF, 0xFF, 0x08, 0x24, 0x00, 0x00,
            0x00, 0x00, 0x00, 0x00, 0x5D, 0x0C, 0x00, 0x00, 0x41, 0x00, 0x00, 0x00, 0x12, 0x03, 0x94, 0xF5,
            0x01, 0x00, 0x00, 0x00, 0x43, 0x53, 0x4D, 0x61, 0x69, 0x6E, 0x61, 0x69, 0x72, 0x2E, 0x77, 0x72,
            0x69, 0x74, 0x65, 0x5F, 0x74, 0x65, 0x78, 0x74, 0x75, 0x72, 0x65, 0x5F, 0x32, 0x64, 0x2E, 0x76,
            0x34, 0x66, 0x33, 0x32, 0x61, 0x69, 0x72, 0x2E, 0x66, 0x61, 0x73, 0x74, 0x5F, 0x73, 0x61, 0x74,
            0x75, 0x72, 0x61, 0x74, 0x65, 0x2E, 0x76, 0x33, 0x66, 0x33, 0x32, 0x61, 0x69, 0x72, 0x2E, 0x63,
            0x6F, 0x6E, 0x76, 0x65, 0x72, 0x74, 0x2E, 0x66, 0x2E, 0x66, 0x33, 0x32, 0x2E, 0x75, 0x2E, 0x69,
            0x33, 0x32, 0x61, 0x69, 0x72, 0x2E, 0x66, 0x61, 0x73, 0x74, 0x5F, 0x70, 0x6F, 0x77, 0x2E, 0x76,
            0x33, 0x66, 0x33, 0x32, 0x61, 0x69, 0x72, 0x2E, 0x66, 0x61, 0x73, 0x74, 0x5F, 0x66, 0x6D, 0x61,
            0x78, 0x2E, 0x76, 0x33, 0x66, 0x33, 0x32, 0x61, 0x69, 0x72, 0x2E, 0x73, 0x61, 0x6D, 0x70, 0x6C,
            0x65, 0x5F, 0x74, 0x65, 0x78, 0x74, 0x75, 0x72, 0x65, 0x5F, 0x32, 0x64, 0x2E, 0x76, 0x34, 0x66,
            0x33, 0x32, 0x61, 0x69, 0x72, 0x2E, 0x63, 0x6F, 0x6E, 0x76, 0x65, 0x72, 0x74, 0x2E, 0x66, 0x2E,
            0x76, 0x32, 0x66, 0x33, 0x32, 0x2E, 0x75, 0x2E, 0x76, 0x32, 0x69, 0x33, 0x32, 0x61, 0x69, 0x72,
            0x2E, 0x61, 0x6E, 0x79, 0x2E, 0x76, 0x32, 0x69, 0x31, 0x61, 0x69, 0x72, 0x2E, 0x63, 0x6F, 0x6E,
            0x76, 0x65, 0x72, 0x74, 0x2E, 0x75, 0x2E, 0x76, 0x32, 0x69, 0x33, 0x32, 0x2E, 0x66, 0x2E, 0x76,
            0x32, 0x66, 0x33, 0x32, 0x33, 0x32, 0x30, 0x32, 0x33, 0x2E, 0x38, 0x38, 0x33, 0x61, 0x69, 0x72,
            0x36, 0x34, 0x5F, 0x76, 0x32, 0x38, 0x2D, 0x61, 0x70, 0x70, 0x6C, 0x65, 0x2D, 0x6D, 0x61, 0x63,
            0x6F, 0x73, 0x78, 0x32, 0x36, 0x2E, 0x30, 0x2E, 0x30, 0x00, 0x00, 0x00, 0x00, 0x00, 0x00, 0x00,
            0x00, 0x00, 0x00, 0x00, 0x00, 0x00, 0x00, 0x00, 0x00, 0x00, 0x00, 0x00, 0x4E, 0x41, 0x4D, 0x45,
            0x20, 0x00, 0x73, 0x6C, 0x61, 0x6E, 0x67, 0x2D, 0x67, 0x65, 0x6E, 0x65, 0x72, 0x61, 0x74, 0x65,
            0x64, 0x2D, 0x42, 0x58, 0x36, 0x6B, 0x70, 0x49, 0x2E, 0x6D, 0x65, 0x74, 0x61, 0x6C, 0x6C, 0x69,
            0x62, 0x00, 0x45, 0x4E, 0x44, 0x54, 0x01, 0x00, 0x00, 0x00, 0x22, 0x04, 0x00, 0x00, 0x52, 0x42,
            0x55, 0x46, 0x12, 0x04, 0x00, 0x00, 0x00, 0x00, 0x00, 0x00, 0x00, 0x00, 0x00, 0x00, 0x00, 0x00,
            0x18, 0x00, 0x00, 0x00, 0x41, 0x49, 0x52, 0x52, 0x00, 0x00, 0x0E, 0x00, 0x18, 0x00, 0x04, 0x00,
            0x10, 0x00, 0x00, 0x00, 0x00, 0x00, 0x14, 0x00, 0x0E, 0x00, 0x00, 0x00, 0x00, 0x00, 0x00, 0x00,
            0x04, 0x00, 0x00, 0x00, 0x00, 0x00, 0x00, 0x00, 0x10, 0x00, 0x00, 0x00, 0x04, 0x00, 0x00, 0x00,
            0x01, 0x00, 0x00, 0x00, 0x00, 0x00, 0x00, 0x00, 0x0B, 0x00, 0x00, 0x00, 0x84, 0x03, 0x00, 0x00,
            0x30, 0x03, 0x00, 0x00, 0xC0, 0x02, 0x00, 0x00, 0x28, 0x01, 0x00, 0x00, 0xF4, 0x00, 0x00, 0x00,
            0xB8, 0x00, 0x00, 0x00, 0x90, 0x00, 0x00, 0x00, 0x6C, 0x00, 0x00, 0x00, 0x48, 0x00, 0x00, 0x00,
            0x1C, 0x00, 0x00, 0x00, 0x04, 0x00, 0x00, 0x00, 0x6C, 0xFD, 0xFF, 0xFF, 0x03, 0x10, 0x00, 0x00,
            0x04, 0x00, 0x00, 0x00, 0xF6, 0xFE, 0xFF, 0xFF, 0x40, 0x00, 0x00, 0x00, 0xC4, 0xFC, 0xFF, 0xFF,
            0x01, 0x10, 0x00, 0x00, 0x10, 0x00, 0x00, 0x00, 0x00, 0x00, 0x0A, 0x00, 0x10, 0x00, 0x04, 0x00,
            0x08, 0x00, 0x0C, 0x00, 0x0A, 0x00, 0x00, 0x00, 0x08, 0x00, 0x00, 0x00, 0x08, 0x00, 0x00, 0x00,
            0x01, 0x00, 0x00, 0x00, 0xA8, 0xFD, 0xFF, 0xFF, 0x05, 0x00, 0x04, 0x00, 0x04, 0x00, 0x00, 0x00,
            0x62, 0xFF, 0xFF, 0xFF, 0x04, 0x00, 0x00, 0x00, 0x01, 0x00, 0x00, 0x00, 0x10, 0x01, 0x00, 0x00,
            0xFC, 0x00, 0x00, 0x00, 0xC8, 0xFD, 0xFF, 0xFF, 0x01, 0x00, 0x04, 0x00, 0x04, 0x00, 0x00, 0x00,
            0x82, 0xFF, 0xFF, 0xFF, 0x03, 0x00, 0x00, 0x00, 0x01, 0x00, 0x00, 0x00, 0x24, 0x01, 0x00, 0x00,
            0x10, 0x01, 0x00, 0x00, 0xE8, 0xFD, 0xFF, 0xFF, 0x02, 0x00, 0x04, 0x00, 0x04, 0x00, 0x00, 0x00,
            0xDA, 0xFF, 0xFF, 0xFF, 0x00, 0x00, 0x00, 0x03, 0x02, 0x00, 0x00, 0x00, 0x01, 0x00, 0x00, 0x00,
            0x34, 0x01, 0x00, 0x00, 0x20, 0x01, 0x00, 0x00, 0x50, 0xFD, 0xFF, 0xFF, 0x02, 0x00, 0x04, 0x00,
            0x18, 0x00, 0x00, 0x00, 0x00, 0x00, 0x12, 0x00, 0x18, 0x00, 0x00, 0x00, 0x08, 0x00, 0x0C, 0x00,
            0x07, 0x00, 0x00, 0x00, 0x10, 0x00, 0x14, 0x00, 0x12, 0x00, 0x00, 0x00, 0x00, 0x00, 0x00, 0x04,
            0x01, 0x00, 0x00, 0x00, 0x01, 0x00, 0x00, 0x00, 0x58, 0x01, 0x00, 0x00, 0x48, 0x01, 0x00, 0x00,
            0x88, 0xFD, 0xFF, 0xFF, 0x05, 0x00, 0x04, 0x00, 0x14, 0x00, 0x00, 0x00, 0x00, 0x00, 0x0E, 0x00,
            0x14, 0x00, 0x00, 0x00, 0x04, 0x00, 0x08, 0x00, 0x0C, 0x00, 0x10, 0x00, 0x0E, 0x00, 0x00, 0x00,
            0x00, 0x00, 0x00, 0x00, 0x01, 0x00, 0x00, 0x00, 0x88, 0x01, 0x00, 0x00, 0x6C, 0x01, 0x00, 0x00,
            0xB8, 0xFD, 0xFF, 0xFF, 0x01, 0x00, 0x08, 0x00, 0x0C, 0x00, 0x00, 0x00, 0x00, 0x00, 0x06, 0x00,
            0x08, 0x00, 0x04, 0x00, 0x06, 0x00, 0x00, 0x00, 0x04, 0x00, 0x00, 0x00, 0x05, 0x00, 0x00, 0x00,
            0x34, 0x01, 0x00, 0x00, 0xD8, 0x00, 0x00, 0x00, 0x74, 0x00, 0x00, 0x00, 0x3C, 0x00, 0x00, 0x00,
            0x04, 0x00, 0x00, 0x00, 0x4C, 0xFF, 0xFF, 0xFF, 0x28, 0x00, 0x00, 0x00, 0x08, 0x00, 0x00, 0x00,
            0x1C, 0x00, 0x00, 0x00, 0x08, 0x00, 0x00, 0x00, 0x08, 0x00, 0x00, 0x00, 0x09, 0x00, 0x00, 0x00,
            0x50, 0x61, 0x64, 0x64, 0x69, 0x6E, 0x67, 0x5F, 0x30, 0x00, 0x00, 0x00, 0x05, 0x00, 0x00, 0x00,
            0x75, 0x69, 0x6E, 0x74, 0x32, 0x00, 0x00, 0x00, 0x80, 0xFF, 0xFF, 0xFF, 0x20, 0x00, 0x00, 0x00,
            0x08, 0x00, 0x00, 0x00, 0x1C, 0x00, 0x00, 0x00, 0x08, 0x00, 0x00, 0x00, 0x07, 0x00, 0x00, 0x00,
            0x09, 0x00, 0x00, 0x00, 0x53, 0x61, 0x6D, 0x70, 0x6C, 0x65, 0x72, 0x5F, 0x30, 0x00, 0x00, 0x00,
            0x07, 0x00, 0x00, 0x00, 0x73, 0x61, 0x6D, 0x70, 0x6C, 0x65, 0x72, 0x00, 0xB4, 0xFF, 0xFF, 0xFF,
            0x18, 0x00, 0x00, 0x00, 0x08, 0x00, 0x00, 0x00, 0x1C, 0x00, 0x00, 0x00, 0x08, 0x00, 0x00, 0x00,
            0x06, 0x00, 0x00, 0x00, 0x08, 0x00, 0x00, 0x00, 0x4F, 0x75, 0x74, 0x70, 0x75, 0x74, 0x5F, 0x30,
            0x00, 0x00, 0x00, 0x00, 0x1C, 0x00, 0x00, 0x00, 0x74, 0x65, 0x78, 0x74, 0x75, 0x72, 0x65, 0x32,
            0x64, 0x3C, 0x66, 0x6C, 0x6F, 0x61, 0x74, 0x2C, 0x20, 0x72, 0x65, 0x61, 0x64, 0x5F, 0x77, 0x72,
            0x69, 0x74, 0x65, 0x3E, 0x00, 0x00, 0x00, 0x00, 0x14, 0x00, 0x18, 0x00, 0x00, 0x00, 0x04, 0x00,
            0x08, 0x00, 0x00, 0x00, 0x0C, 0x00, 0x10, 0x00, 0x00, 0x00, 0x14, 0x00, 0x14, 0x00, 0x00, 0x00,
            0x10, 0x00, 0x00, 0x00, 0x08, 0x00, 0x00, 0x00, 0x18, 0x00, 0x00, 0x00, 0x08, 0x00, 0x00, 0x00,
            0x05, 0x00, 0x00, 0x00, 0x07, 0x00, 0x00, 0x00, 0x49, 0x6E, 0x70, 0x75, 0x74, 0x5F, 0x30, 0x00,
            0x18, 0x00, 0x00, 0x00, 0x74, 0x65, 0x78, 0x74, 0x75, 0x72, 0x65, 0x32, 0x64, 0x3C, 0x66, 0x6C,
            0x6F, 0x61, 0x74, 0x2C, 0x20, 0x73, 0x61, 0x6D, 0x70, 0x6C, 0x65, 0x3E, 0x00, 0x00, 0x00, 0x00,
            0x14, 0x00, 0x14, 0x00, 0x00, 0x00, 0x00, 0x00, 0x04, 0x00, 0x00, 0x00, 0x08, 0x00, 0x0C, 0x00,
            0x00, 0x00, 0x10, 0x00, 0x14, 0x00, 0x00, 0x00, 0x10, 0x00, 0x00, 0x00, 0x24, 0x00, 0x00, 0x00,
            0x08, 0x00, 0x00, 0x00, 0x04, 0x00, 0x00, 0x00, 0x11, 0x00, 0x00, 0x00, 0x4F, 0x75, 0x74, 0x70,
            0x75, 0x74, 0x53, 0x69, 0x7A, 0x65, 0x46, 0x72, 0x61, 0x6D, 0x65, 0x5F, 0x30, 0x00, 0x00, 0x00,
            0x06, 0x00, 0x00, 0x00, 0x66, 0x6C, 0x6F, 0x61, 0x74, 0x34, 0x00, 0x00, 0x08, 0x00, 0x0C, 0x00,
            0x04, 0x00, 0x08, 0x00, 0x08, 0x00, 0x00, 0x00, 0x04, 0x00, 0x04, 0x00, 0x20, 0x00, 0x00, 0x00,
            0x1C, 0x00, 0x24, 0x00, 0x00, 0x00, 0x00, 0x00, 0x08, 0x00, 0x0C, 0x00, 0x06, 0x00, 0x07, 0x00,
            0x10, 0x00, 0x00, 0x00, 0x14, 0x00, 0x18, 0x00, 0x1C, 0x00, 0x20, 0x00, 0x1C, 0x00, 0x00, 0x00,
            0x00, 0x00, 0x01, 0x02, 0x00, 0x00, 0x00, 0x00, 0x01, 0x00, 0x00, 0x00, 0x03, 0x00, 0x00, 0x00,
            0x30, 0x00, 0x00, 0x00, 0x10, 0x00, 0x00, 0x00, 0x18, 0x00, 0x00, 0x00, 0x04, 0x00, 0x00, 0x00,
            0x0B, 0x00, 0x00, 0x00, 0x63, 0x6F, 0x6E, 0x73, 0x74, 0x61, 0x6E, 0x74, 0x73, 0x5F, 0x31, 0x00,
            0x0B, 0x00, 0x00, 0x00, 0x43, 0x6F, 0x6E, 0x73, 0x74, 0x61, 0x6E, 0x74, 0x73, 0x5F, 0x30, 0x00,
            0xB8, 0xFF, 0xFF, 0xFF, 0x00, 0x10, 0x04, 0x00, 0x10, 0x00, 0x00, 0x00, 0x00, 0x00, 0x0A, 0x00,
            0x0C, 0x00, 0x00, 0x00, 0x08, 0x00, 0x04, 0x00, 0x0A, 0x00, 0x00, 0x00, 0x08, 0x00, 0x00, 0x00,
            0x1C, 0x00, 0x00, 0x00, 0x12, 0x00, 0x00, 0x00, 0x64, 0x69, 0x73, 0x70, 0x61, 0x74, 0x63, 0x68,
            0x54, 0x68, 0x72, 0x65, 0x61, 0x64, 0x49, 0x64, 0x5F, 0x30, 0x00, 0x00, 0x05, 0x00, 0x00, 0x00,
            0x75, 0x69, 0x6E, 0x74, 0x33, 0x00, 0x00, 0x00, 0x08, 0x00, 0x0E, 0x00, 0x04, 0x00, 0x08, 0x00,
            0x08, 0x00, 0x00, 0x00, 0x02, 0x00, 0x00, 0x00, 0x18, 0x00, 0x00, 0x00, 0x00, 0x00, 0x12, 0x00,
            0x10, 0x00, 0x04, 0x00, 0x00, 0x00, 0x08, 0x00, 0x00, 0x00, 0x00, 0x00, 0x00, 0x00, 0x0C, 0x00,
            0x12, 0x00, 0x00, 0x00, 0x18, 0x00, 0x00, 0x00, 0x08, 0x00, 0x00, 0x00, 0x0A, 0x00, 0x00, 0x00,
            0x02, 0x00, 0x00, 0x00, 0x01, 0x00, 0x00, 0x00, 0x02, 0x00, 0x00, 0x00, 0x06, 0x00, 0x00, 0x00,
            0x43, 0x53, 0x4D, 0x61, 0x69, 0x6E, 0x00, 0x00, 0x45, 0x4E, 0x44, 0x54
        ],
        ThreadGroupSize = new()
        {
            X = 8,
            Y = 8,
            Z = 1
        }
    };
    #endregion

    #region Vulkan
    private static readonly ShaderDesc VulkanCSMain = new()
    {
        Name = "CSMain",
        CodeBytes =
        [
            0x03, 0x02, 0x23, 0x07, 0x00, 0x06, 0x01, 0x00, 0x00, 0x00, 0x28, 0x00, 0xCA, 0x00, 0x00, 0x00,
            0x00, 0x00, 0x00, 0x00, 0x11, 0x00, 0x02, 0x00, 0x79, 0x11, 0x00, 0x00, 0x11, 0x00, 0x02, 0x00,
            0x08, 0x14, 0x00, 0x00, 0x11, 0x00, 0x02, 0x00, 0x37, 0x00, 0x00, 0x00, 0x11, 0x00, 0x02, 0x00,
            0x38, 0x00, 0x00, 0x00, 0x11, 0x00, 0x02, 0x00, 0x01, 0x00, 0x00, 0x00, 0x0A, 0x00, 0x08, 0x00,
            0x53, 0x50, 0x56, 0x5F, 0x4B, 0x48, 0x52, 0x5F, 0x75, 0x6E, 0x74, 0x79, 0x70, 0x65, 0x64, 0x5F,
            0x70, 0x6F, 0x69, 0x6E, 0x74, 0x65, 0x72, 0x73, 0x00, 0x00, 0x00, 0x00, 0x0A, 0x00, 0x07, 0x00,
            0x53, 0x50, 0x56, 0x5F, 0x45, 0x58, 0x54, 0x5F, 0x64, 0x65, 0x73, 0x63, 0x72, 0x69, 0x70, 0x74,
            0x6F, 0x72, 0x5F, 0x68, 0x65, 0x61, 0x70, 0x00, 0x0B, 0x00, 0x06, 0x00, 0x46, 0x00, 0x00, 0x00,
            0x47, 0x4C, 0x53, 0x4C, 0x2E, 0x73, 0x74, 0x64, 0x2E, 0x34, 0x35, 0x30, 0x00, 0x00, 0x00, 0x00,
            0x0E, 0x00, 0x03, 0x00, 0x00, 0x00, 0x00, 0x00, 0x01, 0x00, 0x00, 0x00, 0x0F, 0x00, 0x09, 0x00,
            0x05, 0x00, 0x00, 0x00, 0x02, 0x00, 0x00, 0x00, 0x43, 0x53, 0x4D, 0x61, 0x69, 0x6E, 0x00, 0x00,
            0x32, 0x00, 0x00, 0x00, 0x3C, 0x00, 0x00, 0x00, 0x12, 0x00, 0x00, 0x00, 0x0B, 0x00, 0x00, 0x00,
            0x10, 0x00, 0x06, 0x00, 0x02, 0x00, 0x00, 0x00, 0x11, 0x00, 0x00, 0x00, 0x08, 0x00, 0x00, 0x00,
            0x08, 0x00, 0x00, 0x00, 0x01, 0x00, 0x00, 0x00, 0x03, 0x00, 0x03, 0x00, 0x0B, 0x00, 0x00, 0x00,
            0x01, 0x00, 0x00, 0x00, 0x05, 0x00, 0x04, 0x00, 0x0D, 0x00, 0x00, 0x00, 0x70, 0x69, 0x78, 0x65,
            0x6C, 0x00, 0x00, 0x00, 0x05, 0x00, 0x07, 0x00, 0x0E, 0x00, 0x00, 0x00, 0x43, 0x6F, 0x6E, 0x73,
            0x74, 0x61, 0x6E, 0x74, 0x73, 0x5F, 0x73, 0x74, 0x64, 0x31, 0x34, 0x30, 0x00, 0x00, 0x00, 0x00,
            0x06, 0x00, 0x07, 0x00, 0x0E, 0x00, 0x00, 0x00, 0x00, 0x00, 0x00, 0x00, 0x4F, 0x75, 0x74, 0x70,
            0x75, 0x74, 0x53, 0x69, 0x7A, 0x65, 0x46, 0x72, 0x61, 0x6D, 0x65, 0x00, 0x06, 0x00, 0x05, 0x00,
            0x0E, 0x00, 0x00, 0x00, 0x01, 0x00, 0x00, 0x00, 0x49, 0x6E, 0x70, 0x75, 0x74, 0x00, 0x00, 0x00,
            0x06, 0x00, 0x05, 0x00, 0x0E, 0x00, 0x00, 0x00, 0x02, 0x00, 0x00, 0x00, 0x4F, 0x75, 0x74, 0x70,
            0x75, 0x74, 0x00, 0x00, 0x06, 0x00, 0x05, 0x00, 0x0E, 0x00, 0x00, 0x00, 0x03, 0x00, 0x00, 0x00,
            0x53, 0x61, 0x6D, 0x70, 0x6C, 0x65, 0x72, 0x00, 0x06, 0x00, 0x05, 0x00, 0x0E, 0x00, 0x00, 0x00,
            0x04, 0x00, 0x00, 0x00, 0x50, 0x61, 0x64, 0x64, 0x69, 0x6E, 0x67, 0x00, 0x05, 0x00, 0x05, 0x00,
            0x12, 0x00, 0x00, 0x00, 0x63, 0x6F, 0x6E, 0x73, 0x74, 0x61, 0x6E, 0x74, 0x73, 0x00, 0x00, 0x00,
            0x05, 0x00, 0x03, 0x00, 0x27, 0x00, 0x00, 0x00, 0x75, 0x76, 0x00, 0x00, 0x05, 0x00, 0x07, 0x00,
            0x32, 0x00, 0x00, 0x00, 0x73, 0x6C, 0x61, 0x6E, 0x67, 0x5F, 0x72, 0x65, 0x73, 0x6F, 0x75, 0x72,
            0x63, 0x65, 0x48, 0x65, 0x61, 0x70, 0x00, 0x00, 0x05, 0x00, 0x07, 0x00, 0x3C, 0x00, 0x00, 0x00,
            0x73, 0x6C, 0x61, 0x6E, 0x67, 0x5F, 0x73, 0x61, 0x6D, 0x70, 0x6C, 0x65, 0x72, 0x48, 0x65, 0x61,
            0x70, 0x00, 0x00, 0x00, 0x05, 0x00, 0x05, 0x00, 0x40, 0x00, 0x00, 0x00, 0x5F, 0x5F, 0x73, 0x61,
            0x6D, 0x70, 0x6C, 0x65, 0x64, 0x00, 0x00, 0x00, 0x05, 0x00, 0x05, 0x00, 0x4D, 0x00, 0x00, 0x00,
            0x6E, 0x75, 0x6D, 0x65, 0x72, 0x61, 0x74, 0x6F, 0x72, 0x00, 0x00, 0x00, 0x05, 0x00, 0x05, 0x00,
            0x56, 0x00, 0x00, 0x00, 0x64, 0x65, 0x6E, 0x6F, 0x6D, 0x69, 0x6E, 0x61, 0x74, 0x6F, 0x72, 0x00,
            0x05, 0x00, 0x04, 0x00, 0x88, 0x00, 0x00, 0x00, 0x66, 0x69, 0x72, 0x73, 0x74, 0x00, 0x00, 0x00,
            0x05, 0x00, 0x04, 0x00, 0x8D, 0x00, 0x00, 0x00, 0x73, 0x65, 0x63, 0x6F, 0x6E, 0x64, 0x00, 0x00,
            0x05, 0x00, 0x04, 0x00, 0x92, 0x00, 0x00, 0x00, 0x63, 0x6F, 0x6C, 0x6F, 0x72, 0x00, 0x00, 0x00,
            0x05, 0x00, 0x04, 0x00, 0x02, 0x00, 0x00, 0x00, 0x43, 0x53, 0x4D, 0x61, 0x69, 0x6E, 0x00, 0x00,
            0x47, 0x00, 0x04, 0x00, 0x0B, 0x00, 0x00, 0x00, 0x0B, 0x00, 0x00, 0x00, 0x1C, 0x00, 0x00, 0x00,
            0x47, 0x00, 0x03, 0x00, 0x0E, 0x00, 0x00, 0x00, 0x02, 0x00, 0x00, 0x00, 0x48, 0x00, 0x05, 0x00,
            0x0E, 0x00, 0x00, 0x00, 0x00, 0x00, 0x00, 0x00, 0x23, 0x00, 0x00, 0x00, 0x00, 0x00, 0x00, 0x00,
            0x48, 0x00, 0x05, 0x00, 0x0E, 0x00, 0x00, 0x00, 0x01, 0x00, 0x00, 0x00, 0x23, 0x00, 0x00, 0x00,
            0x10, 0x00, 0x00, 0x00, 0x48, 0x00, 0x05, 0x00, 0x0E, 0x00, 0x00, 0x00, 0x02, 0x00, 0x00, 0x00,
            0x23, 0x00, 0x00, 0x00, 0x18, 0x00, 0x00, 0x00, 0x48, 0x00, 0x05, 0x00, 0x0E, 0x00, 0x00, 0x00,
            0x03, 0x00, 0x00, 0x00, 0x23, 0x00, 0x00, 0x00, 0x20, 0x00, 0x00, 0x00, 0x48, 0x00, 0x05, 0x00,
            0x0E, 0x00, 0x00, 0x00, 0x04, 0x00, 0x00, 0x00, 0x23, 0x00, 0x00, 0x00, 0x28, 0x00, 0x00, 0x00,
            0x47, 0x00, 0x04, 0x00, 0x12, 0x00, 0x00, 0x00, 0x21, 0x00, 0x00, 0x00, 0x00, 0x00, 0x00, 0x00,
            0x47, 0x00, 0x04, 0x00, 0x12, 0x00, 0x00, 0x00, 0x22, 0x00, 0x00, 0x00, 0x00, 0x00, 0x00, 0x00,
            0x4C, 0x01, 0x04, 0x00, 0x2F, 0x00, 0x00, 0x00, 0x04, 0x14, 0x00, 0x00, 0x2E, 0x00, 0x00, 0x00,
            0x47, 0x00, 0x04, 0x00, 0x32, 0x00, 0x00, 0x00, 0x0B, 0x00, 0x00, 0x00, 0x03, 0x14, 0x00, 0x00,
            0x4C, 0x01, 0x04, 0x00, 0x3A, 0x00, 0x00, 0x00, 0x04, 0x14, 0x00, 0x00, 0x39, 0x00, 0x00, 0x00,
            0x47, 0x00, 0x04, 0x00, 0x3C, 0x00, 0x00, 0x00, 0x0B, 0x00, 0x00, 0x00, 0x02, 0x14, 0x00, 0x00,
            0x4C, 0x01, 0x04, 0x00, 0x99, 0x00, 0x00, 0x00, 0x04, 0x14, 0x00, 0x00, 0x98, 0x00, 0x00, 0x00,
            0x13, 0x00, 0x02, 0x00, 0x01, 0x00, 0x00, 0x00, 0x21, 0x00, 0x03, 0x00, 0x03, 0x00, 0x00, 0x00,
            0x01, 0x00, 0x00, 0x00, 0x15, 0x00, 0x04, 0x00, 0x07, 0x00, 0x00, 0x00, 0x20, 0x00, 0x00, 0x00,
            0x00, 0x00, 0x00, 0x00, 0x17, 0x00, 0x04, 0x00, 0x08, 0x00, 0x00, 0x00, 0x07, 0x00, 0x00, 0x00,
            0x03, 0x00, 0x00, 0x00, 0x20, 0x00, 0x04, 0x00, 0x0A, 0x00, 0x00, 0x00, 0x01, 0x00, 0x00, 0x00,
            0x08, 0x00, 0x00, 0x00, 0x17, 0x00, 0x04, 0x00, 0x0C, 0x00, 0x00, 0x00, 0x07, 0x00, 0x00, 0x00,
            0x02, 0x00, 0x00, 0x00, 0x16, 0x00, 0x03, 0x00, 0x0F, 0x00, 0x00, 0x00, 0x20, 0x00, 0x00, 0x00,
            0x17, 0x00, 0x04, 0x00, 0x10, 0x00, 0x00, 0x00, 0x0F, 0x00, 0x00, 0x00, 0x04, 0x00, 0x00, 0x00,
            0x1E, 0x00, 0x07, 0x00, 0x0E, 0x00, 0x00, 0x00, 0x10, 0x00, 0x00, 0x00, 0x0C, 0x00, 0x00, 0x00,
            0x0C, 0x00, 0x00, 0x00, 0x0C, 0x00, 0x00, 0x00, 0x0C, 0x00, 0x00, 0x00, 0x20, 0x00, 0x04, 0x00,
            0x11, 0x00, 0x00, 0x00, 0x02, 0x00, 0x00, 0x00, 0x0E, 0x00, 0x00, 0x00, 0x15, 0x00, 0x04, 0x00,
            0x13, 0x00, 0x00, 0x00, 0x20, 0x00, 0x00, 0x00, 0x01, 0x00, 0x00, 0x00, 0x2B, 0x00, 0x04, 0x00,
            0x13, 0x00, 0x00, 0x00, 0x14, 0x00, 0x00, 0x00, 0x00, 0x00, 0x00, 0x00, 0x20, 0x00, 0x04, 0x00,
            0x15, 0x00, 0x00, 0x00, 0x02, 0x00, 0x00, 0x00, 0x10, 0x00, 0x00, 0x00, 0x17, 0x00, 0x04, 0x00,
            0x18, 0x00, 0x00, 0x00, 0x0F, 0x00, 0x00, 0x00, 0x02, 0x00, 0x00, 0x00, 0x14, 0x00, 0x02, 0x00,
            0x1B, 0x00, 0x00, 0x00, 0x17, 0x00, 0x04, 0x00, 0x1C, 0x00, 0x00, 0x00, 0x1B, 0x00, 0x00, 0x00,
            0x02, 0x00, 0x00, 0x00, 0x2B, 0x00, 0x04, 0x00, 0x0F, 0x00, 0x00, 0x00, 0x23, 0x00, 0x00, 0x00,
            0x00, 0x00, 0x00, 0x3F, 0x2B, 0x00, 0x04, 0x00, 0x13, 0x00, 0x00, 0x00, 0x28, 0x00, 0x00, 0x00,
            0x01, 0x00, 0x00, 0x00, 0x20, 0x00, 0x04, 0x00, 0x29, 0x00, 0x00, 0x00, 0x02, 0x00, 0x00, 0x00,
            0x0C, 0x00, 0x00, 0x00, 0x19, 0x00, 0x09, 0x00, 0x2D, 0x00, 0x00, 0x00, 0x0F, 0x00, 0x00, 0x00,
            0x01, 0x00, 0x00, 0x00, 0x02, 0x00, 0x00, 0x00, 0x00, 0x00, 0x00, 0x00, 0x00, 0x00, 0x00, 0x00,
            0x01, 0x00, 0x00, 0x00, 0x00, 0x00, 0x00, 0x00, 0x09, 0x14, 0x04, 0x00, 0x07, 0x00, 0x00, 0x00,
            0x2E, 0x00, 0x00, 0x00, 0x2D, 0x00, 0x00, 0x00, 0x1D, 0x00, 0x03, 0x00, 0x2F, 0x00, 0x00, 0x00,
            0x2D, 0x00, 0x00, 0x00, 0x41, 0x11, 0x03, 0x00, 0x30, 0x00, 0x00, 0x00, 0x00, 0x00, 0x00, 0x00,
            0x2B, 0x00, 0x04, 0x00, 0x13, 0x00, 0x00, 0x00, 0x34, 0x00, 0x00, 0x00, 0x03, 0x00, 0x00, 0x00,
            0x1A, 0x00, 0x02, 0x00, 0x38, 0x00, 0x00, 0x00, 0x09, 0x14, 0x04, 0x00, 0x07, 0x00, 0x00, 0x00,
            0x39, 0x00, 0x00, 0x00, 0x38, 0x00, 0x00, 0x00, 0x1D, 0x00, 0x03, 0x00, 0x3A, 0x00, 0x00, 0x00,
            0x38, 0x00, 0x00, 0x00, 0x1B, 0x00, 0x03, 0x00, 0x3E, 0x00, 0x00, 0x00, 0x2D, 0x00, 0x00, 0x00,
            0x2B, 0x00, 0x04, 0x00, 0x0F, 0x00, 0x00, 0x00, 0x41, 0x00, 0x00, 0x00, 0x00, 0x00, 0x00, 0x00,
            0x17, 0x00, 0x04, 0x00, 0x43, 0x00, 0x00, 0x00, 0x0F, 0x00, 0x00, 0x00, 0x03, 0x00, 0x00, 0x00,
            0x2C, 0x00, 0x06, 0x00, 0x43, 0x00, 0x00, 0x00, 0x47, 0x00, 0x00, 0x00, 0x41, 0x00, 0x00, 0x00,
            0x41, 0x00, 0x00, 0x00, 0x41, 0x00, 0x00, 0x00, 0x2B, 0x00, 0x04, 0x00, 0x0F, 0x00, 0x00, 0x00,
            0x49, 0x00, 0x00, 0x00, 0xD7, 0xA3, 0x20, 0x40, 0x2B, 0x00, 0x04, 0x00, 0x0F, 0x00, 0x00, 0x00,
            0x4B, 0x00, 0x00, 0x00, 0x8F, 0xC2, 0xF5, 0x3C, 0x2B, 0x00, 0x04, 0x00, 0x0F, 0x00, 0x00, 0x00,
            0x4F, 0x00, 0x00, 0x00, 0x1F, 0x85, 0x1B, 0x40, 0x2B, 0x00, 0x04, 0x00, 0x0F, 0x00, 0x00, 0x00,
            0x51, 0x00, 0x00, 0x00, 0x3D, 0x0A, 0x17, 0x3F, 0x2B, 0x00, 0x04, 0x00, 0x0F, 0x00, 0x00, 0x00,
            0x55, 0x00, 0x00, 0x00, 0x29, 0x5C, 0x0F, 0x3E, 0x2C, 0x00, 0x06, 0x00, 0x43, 0x00, 0x00, 0x00,
            0x5E, 0x00, 0x00, 0x00, 0x41, 0x00, 0x00, 0x00, 0x41, 0x00, 0x00, 0x00, 0x41, 0x00, 0x00, 0x00,
            0x2B, 0x00, 0x04, 0x00, 0x0F, 0x00, 0x00, 0x00, 0x60, 0x00, 0x00, 0x00, 0x00, 0x00, 0x80, 0x3F,
            0x2C, 0x00, 0x06, 0x00, 0x43, 0x00, 0x00, 0x00, 0x5F, 0x00, 0x00, 0x00, 0x60, 0x00, 0x00, 0x00,
            0x60, 0x00, 0x00, 0x00, 0x60, 0x00, 0x00, 0x00, 0x2B, 0x00, 0x04, 0x00, 0x0F, 0x00, 0x00, 0x00,
            0x64, 0x00, 0x00, 0x00, 0x2E, 0xBA, 0xE8, 0x3E, 0x2C, 0x00, 0x06, 0x00, 0x43, 0x00, 0x00, 0x00,
            0x63, 0x00, 0x00, 0x00, 0x64, 0x00, 0x00, 0x00, 0x64, 0x00, 0x00, 0x00, 0x64, 0x00, 0x00, 0x00,
            0x2B, 0x00, 0x04, 0x00, 0x07, 0x00, 0x00, 0x00, 0x6E, 0x00, 0x00, 0x00, 0x0D, 0x66, 0x19, 0x00,
            0x2B, 0x00, 0x04, 0x00, 0x07, 0x00, 0x00, 0x00, 0x76, 0x00, 0x00, 0x00, 0xB5, 0x77, 0x92, 0x2C,
            0x2B, 0x00, 0x04, 0x00, 0x07, 0x00, 0x00, 0x00, 0x78, 0x00, 0x00, 0x00, 0x05, 0x4B, 0x56, 0xAC,
            0x2B, 0x00, 0x04, 0x00, 0x07, 0x00, 0x00, 0x00, 0x7A, 0x00, 0x00, 0x00, 0x1C, 0x00, 0x00, 0x00,
            0x2B, 0x00, 0x04, 0x00, 0x07, 0x00, 0x00, 0x00, 0x7C, 0x00, 0x00, 0x00, 0x04, 0x00, 0x00, 0x00,
            0x2B, 0x00, 0x04, 0x00, 0x07, 0x00, 0x00, 0x00, 0x80, 0x00, 0x00, 0x00, 0xD9, 0xF2, 0x8E, 0x10,
            0x2B, 0x00, 0x04, 0x00, 0x07, 0x00, 0x00, 0x00, 0x82, 0x00, 0x00, 0x00, 0x16, 0x00, 0x00, 0x00,
            0x2B, 0x00, 0x04, 0x00, 0x07, 0x00, 0x00, 0x00, 0x86, 0x00, 0x00, 0x00, 0x08, 0x00, 0x00, 0x00,
            0x2B, 0x00, 0x04, 0x00, 0x0F, 0x00, 0x00, 0x00, 0x89, 0x00, 0x00, 0x00, 0x00, 0x00, 0x80, 0x33,
            0x2B, 0x00, 0x04, 0x00, 0x13, 0x00, 0x00, 0x00, 0x93, 0x00, 0x00, 0x00, 0x02, 0x00, 0x00, 0x00,
            0x19, 0x00, 0x09, 0x00, 0x97, 0x00, 0x00, 0x00, 0x0F, 0x00, 0x00, 0x00, 0x01, 0x00, 0x00, 0x00,
            0x02, 0x00, 0x00, 0x00, 0x00, 0x00, 0x00, 0x00, 0x00, 0x00, 0x00, 0x00, 0x02, 0x00, 0x00, 0x00,
            0x00, 0x00, 0x00, 0x00, 0x09, 0x14, 0x04, 0x00, 0x07, 0x00, 0x00, 0x00, 0x98, 0x00, 0x00, 0x00,
            0x97, 0x00, 0x00, 0x00, 0x1D, 0x00, 0x03, 0x00, 0x99, 0x00, 0x00, 0x00, 0x97, 0x00, 0x00, 0x00,
            0x3B, 0x00, 0x04, 0x00, 0x0A, 0x00, 0x00, 0x00, 0x0B, 0x00, 0x00, 0x00, 0x01, 0x00, 0x00, 0x00,
            0x3B, 0x00, 0x04, 0x00, 0x11, 0x00, 0x00, 0x00, 0x12, 0x00, 0x00, 0x00, 0x02, 0x00, 0x00, 0x00,
            0x42, 0x11, 0x04, 0x00, 0x30, 0x00, 0x00, 0x00, 0x32, 0x00, 0x00, 0x00, 0x00, 0x00, 0x00, 0x00,
            0x42, 0x11, 0x04, 0x00, 0x30, 0x00, 0x00, 0x00, 0x3C, 0x00, 0x00, 0x00, 0x00, 0x00, 0x00, 0x00,
            0x2B, 0x00, 0x04, 0x00, 0x07, 0x00, 0x00, 0x00, 0xA2, 0x00, 0x00, 0x00, 0x00, 0x00, 0x00, 0x00,
            0x20, 0x00, 0x04, 0x00, 0xA7, 0x00, 0x00, 0x00, 0x07, 0x00, 0x00, 0x00, 0x43, 0x00, 0x00, 0x00,
            0x20, 0x00, 0x04, 0x00, 0xAB, 0x00, 0x00, 0x00, 0x07, 0x00, 0x00, 0x00, 0x07, 0x00, 0x00, 0x00,
            0x2C, 0x00, 0x05, 0x00, 0x18, 0x00, 0x00, 0x00, 0xC5, 0x00, 0x00, 0x00, 0x23, 0x00, 0x00, 0x00,
            0x23, 0x00, 0x00, 0x00, 0x2C, 0x00, 0x06, 0x00, 0x43, 0x00, 0x00, 0x00, 0xC6, 0x00, 0x00, 0x00,
            0x4B, 0x00, 0x00, 0x00, 0x4B, 0x00, 0x00, 0x00, 0x4B, 0x00, 0x00, 0x00, 0x2C, 0x00, 0x06, 0x00,
            0x43, 0x00, 0x00, 0x00, 0xC7, 0x00, 0x00, 0x00, 0x51, 0x00, 0x00, 0x00, 0x51, 0x00, 0x00, 0x00,
            0x51, 0x00, 0x00, 0x00, 0x2C, 0x00, 0x06, 0x00, 0x43, 0x00, 0x00, 0x00, 0xC8, 0x00, 0x00, 0x00,
            0x55, 0x00, 0x00, 0x00, 0x55, 0x00, 0x00, 0x00, 0x55, 0x00, 0x00, 0x00, 0x2B, 0x00, 0x04, 0x00,
            0x0F, 0x00, 0x00, 0x00, 0xC9, 0x00, 0x00, 0x00, 0x81, 0x80, 0x80, 0x3B, 0x36, 0x00, 0x05, 0x00,
            0x01, 0x00, 0x00, 0x00, 0x02, 0x00, 0x00, 0x00, 0x00, 0x00, 0x00, 0x00, 0x03, 0x00, 0x00, 0x00,
            0xF8, 0x00, 0x02, 0x00, 0x04, 0x00, 0x00, 0x00, 0x3B, 0x00, 0x04, 0x00, 0xA7, 0x00, 0x00, 0x00,
            0xC2, 0x00, 0x00, 0x00, 0x07, 0x00, 0x00, 0x00, 0x3B, 0x00, 0x04, 0x00, 0xAB, 0x00, 0x00, 0x00,
            0xB7, 0x00, 0x00, 0x00, 0x07, 0x00, 0x00, 0x00, 0x3B, 0x00, 0x04, 0x00, 0xAB, 0x00, 0x00, 0x00,
            0xAC, 0x00, 0x00, 0x00, 0x07, 0x00, 0x00, 0x00, 0x3B, 0x00, 0x04, 0x00, 0xA7, 0x00, 0x00, 0x00,
            0xA8, 0x00, 0x00, 0x00, 0x07, 0x00, 0x00, 0x00, 0xF7, 0x00, 0x03, 0x00, 0xA0, 0x00, 0x00, 0x00,
            0x00, 0x00, 0x00, 0x00, 0xFB, 0x00, 0x03, 0x00, 0xA2, 0x00, 0x00, 0x00, 0xA1, 0x00, 0x00, 0x00,
            0xF8, 0x00, 0x02, 0x00, 0xA1, 0x00, 0x00, 0x00, 0x3D, 0x00, 0x04, 0x00, 0x08, 0x00, 0x00, 0x00,
            0x09, 0x00, 0x00, 0x00, 0x0B, 0x00, 0x00, 0x00, 0x4F, 0x00, 0x07, 0x00, 0x0C, 0x00, 0x00, 0x00,
            0x0D, 0x00, 0x00, 0x00, 0x09, 0x00, 0x00, 0x00, 0x09, 0x00, 0x00, 0x00, 0x00, 0x00, 0x00, 0x00,
            0x01, 0x00, 0x00, 0x00, 0x41, 0x00, 0x05, 0x00, 0x15, 0x00, 0x00, 0x00, 0x16, 0x00, 0x00, 0x00,
            0x12, 0x00, 0x00, 0x00, 0x14, 0x00, 0x00, 0x00, 0x3D, 0x00, 0x04, 0x00, 0x10, 0x00, 0x00, 0x00,
            0x17, 0x00, 0x00, 0x00, 0x16, 0x00, 0x00, 0x00, 0x4F, 0x00, 0x07, 0x00, 0x18, 0x00, 0x00, 0x00,
            0x19, 0x00, 0x00, 0x00, 0x17, 0x00, 0x00, 0x00, 0x17, 0x00, 0x00, 0x00, 0x00, 0x00, 0x00, 0x00,
            0x01, 0x00, 0x00, 0x00, 0x6D, 0x00, 0x04, 0x00, 0x0C, 0x00, 0x00, 0x00, 0x1A, 0x00, 0x00, 0x00,
            0x19, 0x00, 0x00, 0x00, 0xAE, 0x00, 0x05, 0x00, 0x1C, 0x00, 0x00, 0x00, 0x1D, 0x00, 0x00, 0x00,
            0x0D, 0x00, 0x00, 0x00, 0x1A, 0x00, 0x00, 0x00, 0x9A, 0x00, 0x04, 0x00, 0x1B, 0x00, 0x00, 0x00,
            0x1E, 0x00, 0x00, 0x00, 0x1D, 0x00, 0x00, 0x00, 0xF7, 0x00, 0x03, 0x00, 0x06, 0x00, 0x00, 0x00,
            0x00, 0x00, 0x00, 0x00, 0xFA, 0x00, 0x04, 0x00, 0x1E, 0x00, 0x00, 0x00, 0x05, 0x00, 0x00, 0x00,
            0x06, 0x00, 0x00, 0x00, 0xF8, 0x00, 0x02, 0x00, 0x05, 0x00, 0x00, 0x00, 0xF9, 0x00, 0x02, 0x00,
            0xA0, 0x00, 0x00, 0x00, 0xF8, 0x00, 0x02, 0x00, 0x06, 0x00, 0x00, 0x00, 0x70, 0x00, 0x04, 0x00,
            0x18, 0x00, 0x00, 0x00, 0x21, 0x00, 0x00, 0x00, 0x0D, 0x00, 0x00, 0x00, 0x81, 0x00, 0x05, 0x00,
            0x18, 0x00, 0x00, 0x00, 0x24, 0x00, 0x00, 0x00, 0x21, 0x00, 0x00, 0x00, 0xC5, 0x00, 0x00, 0x00,
            0x3D, 0x00, 0x04, 0x00, 0x10, 0x00, 0x00, 0x00, 0x25, 0x00, 0x00, 0x00, 0x16, 0x00, 0x00, 0x00,
            0x4F, 0x00, 0x07, 0x00, 0x18, 0x00, 0x00, 0x00, 0x26, 0x00, 0x00, 0x00, 0x25, 0x00, 0x00, 0x00,
            0x25, 0x00, 0x00, 0x00, 0x00, 0x00, 0x00, 0x00, 0x01, 0x00, 0x00, 0x00, 0x88, 0x00, 0x05, 0x00,
            0x18, 0x00, 0x00, 0x00, 0x27, 0x00, 0x00, 0x00, 0x24, 0x00, 0x00, 0x00, 0x26, 0x00, 0x00, 0x00,
            0x41, 0x00, 0x05, 0x00, 0x29, 0x00, 0x00, 0x00, 0x2A, 0x00, 0x00, 0x00, 0x12, 0x00, 0x00, 0x00,
            0x28, 0x00, 0x00, 0x00, 0x3D, 0x00, 0x04, 0x00, 0x0C, 0x00, 0x00, 0x00, 0x2B, 0x00, 0x00, 0x00,
            0x2A, 0x00, 0x00, 0x00, 0x51, 0x00, 0x05, 0x00, 0x07, 0x00, 0x00, 0x00, 0x2C, 0x00, 0x00, 0x00,
            0x2B, 0x00, 0x00, 0x00, 0x00, 0x00, 0x00, 0x00, 0x43, 0x11, 0x06, 0x00, 0x30, 0x00, 0x00, 0x00,
            0x31, 0x00, 0x00, 0x00, 0x2F, 0x00, 0x00, 0x00, 0x32, 0x00, 0x00, 0x00, 0x2C, 0x00, 0x00, 0x00,
            0x3D, 0x00, 0x04, 0x00, 0x2D, 0x00, 0x00, 0x00, 0x33, 0x00, 0x00, 0x00, 0x31, 0x00, 0x00, 0x00,
            0x41, 0x00, 0x05, 0x00, 0x29, 0x00, 0x00, 0x00, 0x35, 0x00, 0x00, 0x00, 0x12, 0x00, 0x00, 0x00,
            0x34, 0x00, 0x00, 0x00, 0x3D, 0x00, 0x04, 0x00, 0x0C, 0x00, 0x00, 0x00, 0x36, 0x00, 0x00, 0x00,
            0x35, 0x00, 0x00, 0x00, 0x51, 0x00, 0x05, 0x00, 0x07, 0x00, 0x00, 0x00, 0x37, 0x00, 0x00, 0x00,
            0x36, 0x00, 0x00, 0x00, 0x00, 0x00, 0x00, 0x00, 0x43, 0x11, 0x06, 0x00, 0x30, 0x00, 0x00, 0x00,
            0x3B, 0x00, 0x00, 0x00, 0x3A, 0x00, 0x00, 0x00, 0x3C, 0x00, 0x00, 0x00, 0x37, 0x00, 0x00, 0x00,
            0x3D, 0x00, 0x04, 0x00, 0x38, 0x00, 0x00, 0x00, 0x3D, 0x00, 0x00, 0x00, 0x3B, 0x00, 0x00, 0x00,
            0x56, 0x00, 0x05, 0x00, 0x3E, 0x00, 0x00, 0x00, 0x3F, 0x00, 0x00, 0x00, 0x33, 0x00, 0x00, 0x00,
            0x3D, 0x00, 0x00, 0x00, 0x58, 0x00, 0x07, 0x00, 0x10, 0x00, 0x00, 0x00, 0x40, 0x00, 0x00, 0x00,
            0x3F, 0x00, 0x00, 0x00, 0x27, 0x00, 0x00, 0x00, 0x02, 0x00, 0x00, 0x00, 0x41, 0x00, 0x00, 0x00,
            0x4F, 0x00, 0x08, 0x00, 0x43, 0x00, 0x00, 0x00, 0x44, 0x00, 0x00, 0x00, 0x40, 0x00, 0x00, 0x00,
            0x40, 0x00, 0x00, 0x00, 0x00, 0x00, 0x00, 0x00, 0x01, 0x00, 0x00, 0x00, 0x02, 0x00, 0x00, 0x00,
            0x0C, 0x00, 0x07, 0x00, 0x43, 0x00, 0x00, 0x00, 0x45, 0x00, 0x00, 0x00, 0x46, 0x00, 0x00, 0x00,
            0x28, 0x00, 0x00, 0x00, 0x44, 0x00, 0x00, 0x00, 0x47, 0x00, 0x00, 0x00, 0x8E, 0x00, 0x05, 0x00,
            0x43, 0x00, 0x00, 0x00, 0x48, 0x00, 0x00, 0x00, 0x45, 0x00, 0x00, 0x00, 0x49, 0x00, 0x00, 0x00,
            0x81, 0x00, 0x05, 0x00, 0x43, 0x00, 0x00, 0x00, 0x4C, 0x00, 0x00, 0x00, 0x48, 0x00, 0x00, 0x00,
            0xC6, 0x00, 0x00, 0x00, 0x85, 0x00, 0x05, 0x00, 0x43, 0x00, 0x00, 0x00, 0x4D, 0x00, 0x00, 0x00,
            0x45, 0x00, 0x00, 0x00, 0x4C, 0x00, 0x00, 0x00, 0x8E, 0x00, 0x05, 0x00, 0x43, 0x00, 0x00, 0x00,
            0x4E, 0x00, 0x00, 0x00, 0x45, 0x00, 0x00, 0x00, 0x4F, 0x00, 0x00, 0x00, 0x81, 0x00, 0x05, 0x00,
            0x43, 0x00, 0x00, 0x00, 0x52, 0x00, 0x00, 0x00, 0x4E, 0x00, 0x00, 0x00, 0xC7, 0x00, 0x00, 0x00,
            0x85, 0x00, 0x05, 0x00, 0x43, 0x00, 0x00, 0x00, 0x53, 0x00, 0x00, 0x00, 0x45, 0x00, 0x00, 0x00,
            0x52, 0x00, 0x00, 0x00, 0x81, 0x00, 0x05, 0x00, 0x43, 0x00, 0x00, 0x00, 0x56, 0x00, 0x00, 0x00,
            0x53, 0x00, 0x00, 0x00, 0xC8, 0x00, 0x00, 0x00, 0x88, 0x00, 0x05, 0x00, 0x43, 0x00, 0x00, 0x00,
            0x57, 0x00, 0x00, 0x00, 0x4D, 0x00, 0x00, 0x00, 0x56, 0x00, 0x00, 0x00, 0x0C, 0x00, 0x08, 0x00,
            0x43, 0x00, 0x00, 0x00, 0xAA, 0x00, 0x00, 0x00, 0x46, 0x00, 0x00, 0x00, 0x2B, 0x00, 0x00, 0x00,
            0x57, 0x00, 0x00, 0x00, 0x5E, 0x00, 0x00, 0x00, 0x5F, 0x00, 0x00, 0x00, 0x3E, 0x00, 0x03, 0x00,
            0xA8, 0x00, 0x00, 0x00, 0xAA, 0x00, 0x00, 0x00, 0x3D, 0x00, 0x04, 0x00, 0x43, 0x00, 0x00, 0x00,
            0x58, 0x00, 0x00, 0x00, 0xA8, 0x00, 0x00, 0x00, 0x0C, 0x00, 0x07, 0x00, 0x43, 0x00, 0x00, 0x00,
            0x62, 0x00, 0x00, 0x00, 0x46, 0x00, 0x00, 0x00, 0x1A, 0x00, 0x00, 0x00, 0x58, 0x00, 0x00, 0x00,
            0x63, 0x00, 0x00, 0x00, 0x51, 0x00, 0x05, 0x00, 0x07, 0x00, 0x00, 0x00, 0x65, 0x00, 0x00, 0x00,
            0x09, 0x00, 0x00, 0x00, 0x00, 0x00, 0x00, 0x00, 0x51, 0x00, 0x05, 0x00, 0x07, 0x00, 0x00, 0x00,
            0x66, 0x00, 0x00, 0x00, 0x09, 0x00, 0x00, 0x00, 0x01, 0x00, 0x00, 0x00, 0x51, 0x00, 0x05, 0x00,
            0x07, 0x00, 0x00, 0x00, 0x67, 0x00, 0x00, 0x00, 0x1A, 0x00, 0x00, 0x00, 0x00, 0x00, 0x00, 0x00,
            0x84, 0x00, 0x05, 0x00, 0x07, 0x00, 0x00, 0x00, 0x68, 0x00, 0x00, 0x00, 0x66, 0x00, 0x00, 0x00,
            0x67, 0x00, 0x00, 0x00, 0x80, 0x00, 0x05, 0x00, 0x07, 0x00, 0x00, 0x00, 0x69, 0x00, 0x00, 0x00,
            0x65, 0x00, 0x00, 0x00, 0x68, 0x00, 0x00, 0x00, 0x3D, 0x00, 0x04, 0x00, 0x10, 0x00, 0x00, 0x00,
            0x6A, 0x00, 0x00, 0x00, 0x16, 0x00, 0x00, 0x00, 0x51, 0x00, 0x05, 0x00, 0x0F, 0x00, 0x00, 0x00,
            0x6B, 0x00, 0x00, 0x00, 0x6A, 0x00, 0x00, 0x00, 0x02, 0x00, 0x00, 0x00, 0x7C, 0x00, 0x04, 0x00,
            0x07, 0x00, 0x00, 0x00, 0x6C, 0x00, 0x00, 0x00, 0x6B, 0x00, 0x00, 0x00, 0x84, 0x00, 0x05, 0x00,
            0x07, 0x00, 0x00, 0x00, 0x6D, 0x00, 0x00, 0x00, 0x6C, 0x00, 0x00, 0x00, 0x6E, 0x00, 0x00, 0x00,
            0x80, 0x00, 0x05, 0x00, 0x07, 0x00, 0x00, 0x00, 0x6F, 0x00, 0x00, 0x00, 0x69, 0x00, 0x00, 0x00,
            0x6D, 0x00, 0x00, 0x00, 0x84, 0x00, 0x05, 0x00, 0x07, 0x00, 0x00, 0x00, 0xAE, 0x00, 0x00, 0x00,
            0x6F, 0x00, 0x00, 0x00, 0x76, 0x00, 0x00, 0x00, 0x80, 0x00, 0x05, 0x00, 0x07, 0x00, 0x00, 0x00,
            0xAF, 0x00, 0x00, 0x00, 0xAE, 0x00, 0x00, 0x00, 0x78, 0x00, 0x00, 0x00, 0xC2, 0x00, 0x05, 0x00,
            0x07, 0x00, 0x00, 0x00, 0xB0, 0x00, 0x00, 0x00, 0xAF, 0x00, 0x00, 0x00, 0x7A, 0x00, 0x00, 0x00,
            0x80, 0x00, 0x05, 0x00, 0x07, 0x00, 0x00, 0x00, 0xB1, 0x00, 0x00, 0x00, 0xB0, 0x00, 0x00, 0x00,
            0x7C, 0x00, 0x00, 0x00, 0xC2, 0x00, 0x05, 0x00, 0x07, 0x00, 0x00, 0x00, 0xB2, 0x00, 0x00, 0x00,
            0xAF, 0x00, 0x00, 0x00, 0xB1, 0x00, 0x00, 0x00, 0xC6, 0x00, 0x05, 0x00, 0x07, 0x00, 0x00, 0x00,
            0xB3, 0x00, 0x00, 0x00, 0xB2, 0x00, 0x00, 0x00, 0xAF, 0x00, 0x00, 0x00, 0x84, 0x00, 0x05, 0x00,
            0x07, 0x00, 0x00, 0x00, 0xB4, 0x00, 0x00, 0x00, 0xB3, 0x00, 0x00, 0x00, 0x80, 0x00, 0x00, 0x00,
            0xC2, 0x00, 0x05, 0x00, 0x07, 0x00, 0x00, 0x00, 0xB5, 0x00, 0x00, 0x00, 0xB4, 0x00, 0x00, 0x00,
            0x82, 0x00, 0x00, 0x00, 0xC6, 0x00, 0x05, 0x00, 0x07, 0x00, 0x00, 0x00, 0xB6, 0x00, 0x00, 0x00,
            0xB5, 0x00, 0x00, 0x00, 0xB4, 0x00, 0x00, 0x00, 0x3E, 0x00, 0x03, 0x00, 0xAC, 0x00, 0x00, 0x00,
            0xB6, 0x00, 0x00, 0x00, 0x3D, 0x00, 0x04, 0x00, 0x07, 0x00, 0x00, 0x00, 0x70, 0x00, 0x00, 0x00,
            0xAC, 0x00, 0x00, 0x00, 0xC2, 0x00, 0x05, 0x00, 0x07, 0x00, 0x00, 0x00, 0x85, 0x00, 0x00, 0x00,
            0x70, 0x00, 0x00, 0x00, 0x86, 0x00, 0x00, 0x00, 0x70, 0x00, 0x04, 0x00, 0x0F, 0x00, 0x00, 0x00,
            0x87, 0x00, 0x00, 0x00, 0x85, 0x00, 0x00, 0x00, 0x85, 0x00, 0x05, 0x00, 0x0F, 0x00, 0x00, 0x00,
            0x88, 0x00, 0x00, 0x00, 0x87, 0x00, 0x00, 0x00, 0x89, 0x00, 0x00, 0x00, 0x84, 0x00, 0x05, 0x00,
            0x07, 0x00, 0x00, 0x00, 0xB9, 0x00, 0x00, 0x00, 0x70, 0x00, 0x00, 0x00, 0x76, 0x00, 0x00, 0x00,
            0x80, 0x00, 0x05, 0x00, 0x07, 0x00, 0x00, 0x00, 0xBA, 0x00, 0x00, 0x00, 0xB9, 0x00, 0x00, 0x00,
            0x78, 0x00, 0x00, 0x00, 0xC2, 0x00, 0x05, 0x00, 0x07, 0x00, 0x00, 0x00, 0xBB, 0x00, 0x00, 0x00,
            0xBA, 0x00, 0x00, 0x00, 0x7A, 0x00, 0x00, 0x00, 0x80, 0x00, 0x05, 0x00, 0x07, 0x00, 0x00, 0x00,
            0xBC, 0x00, 0x00, 0x00, 0xBB, 0x00, 0x00, 0x00, 0x7C, 0x00, 0x00, 0x00, 0xC2, 0x00, 0x05, 0x00,
            0x07, 0x00, 0x00, 0x00, 0xBD, 0x00, 0x00, 0x00, 0xBA, 0x00, 0x00, 0x00, 0xBC, 0x00, 0x00, 0x00,
            0xC6, 0x00, 0x05, 0x00, 0x07, 0x00, 0x00, 0x00, 0xBE, 0x00, 0x00, 0x00, 0xBD, 0x00, 0x00, 0x00,
            0xBA, 0x00, 0x00, 0x00, 0x84, 0x00, 0x05, 0x00, 0x07, 0x00, 0x00, 0x00, 0xBF, 0x00, 0x00, 0x00,
            0xBE, 0x00, 0x00, 0x00, 0x80, 0x00, 0x00, 0x00, 0xC2, 0x00, 0x05, 0x00, 0x07, 0x00, 0x00, 0x00,
            0xC0, 0x00, 0x00, 0x00, 0xBF, 0x00, 0x00, 0x00, 0x82, 0x00, 0x00, 0x00, 0xC6, 0x00, 0x05, 0x00,
            0x07, 0x00, 0x00, 0x00, 0xC1, 0x00, 0x00, 0x00, 0xC0, 0x00, 0x00, 0x00, 0xBF, 0x00, 0x00, 0x00,
            0x3E, 0x00, 0x03, 0x00, 0xB7, 0x00, 0x00, 0x00, 0xC1, 0x00, 0x00, 0x00, 0x3D, 0x00, 0x04, 0x00,
            0x07, 0x00, 0x00, 0x00, 0x8A, 0x00, 0x00, 0x00, 0xB7, 0x00, 0x00, 0x00, 0xC2, 0x00, 0x05, 0x00,
            0x07, 0x00, 0x00, 0x00, 0x8B, 0x00, 0x00, 0x00, 0x8A, 0x00, 0x00, 0x00, 0x86, 0x00, 0x00, 0x00,
            0x70, 0x00, 0x04, 0x00, 0x0F, 0x00, 0x00, 0x00, 0x8C, 0x00, 0x00, 0x00, 0x8B, 0x00, 0x00, 0x00,
            0x85, 0x00, 0x05, 0x00, 0x0F, 0x00, 0x00, 0x00, 0x8D, 0x00, 0x00, 0x00, 0x8C, 0x00, 0x00, 0x00,
            0x89, 0x00, 0x00, 0x00, 0x83, 0x00, 0x05, 0x00, 0x0F, 0x00, 0x00, 0x00, 0x8E, 0x00, 0x00, 0x00,
            0x88, 0x00, 0x00, 0x00, 0x8D, 0x00, 0x00, 0x00, 0x85, 0x00, 0x05, 0x00, 0x0F, 0x00, 0x00, 0x00,
            0x8F, 0x00, 0x00, 0x00, 0x8E, 0x00, 0x00, 0x00, 0xC9, 0x00, 0x00, 0x00, 0x50, 0x00, 0x06, 0x00,
            0x43, 0x00, 0x00, 0x00, 0x91, 0x00, 0x00, 0x00, 0x8F, 0x00, 0x00, 0x00, 0x8F, 0x00, 0x00, 0x00,
            0x8F, 0x00, 0x00, 0x00, 0x81, 0x00, 0x05, 0x00, 0x43, 0x00, 0x00, 0x00, 0x92, 0x00, 0x00, 0x00,
            0x62, 0x00, 0x00, 0x00, 0x91, 0x00, 0x00, 0x00, 0x41, 0x00, 0x05, 0x00, 0x29, 0x00, 0x00, 0x00,
            0x94, 0x00, 0x00, 0x00, 0x12, 0x00, 0x00, 0x00, 0x93, 0x00, 0x00, 0x00, 0x3D, 0x00, 0x04, 0x00,
            0x0C, 0x00, 0x00, 0x00, 0x95, 0x00, 0x00, 0x00, 0x94, 0x00, 0x00, 0x00, 0x51, 0x00, 0x05, 0x00,
            0x07, 0x00, 0x00, 0x00, 0x96, 0x00, 0x00, 0x00, 0x95, 0x00, 0x00, 0x00, 0x00, 0x00, 0x00, 0x00,
            0x43, 0x11, 0x06, 0x00, 0x30, 0x00, 0x00, 0x00, 0x9A, 0x00, 0x00, 0x00, 0x99, 0x00, 0x00, 0x00,
            0x32, 0x00, 0x00, 0x00, 0x96, 0x00, 0x00, 0x00, 0x3D, 0x00, 0x04, 0x00, 0x97, 0x00, 0x00, 0x00,
            0x9B, 0x00, 0x00, 0x00, 0x9A, 0x00, 0x00, 0x00, 0x0C, 0x00, 0x08, 0x00, 0x43, 0x00, 0x00, 0x00,
            0xC4, 0x00, 0x00, 0x00, 0x46, 0x00, 0x00, 0x00, 0x2B, 0x00, 0x00, 0x00, 0x92, 0x00, 0x00, 0x00,
            0x5E, 0x00, 0x00, 0x00, 0x5F, 0x00, 0x00, 0x00, 0x3E, 0x00, 0x03, 0x00, 0xC2, 0x00, 0x00, 0x00,
            0xC4, 0x00, 0x00, 0x00, 0x3D, 0x00, 0x04, 0x00, 0x43, 0x00, 0x00, 0x00, 0x9C, 0x00, 0x00, 0x00,
            0xC2, 0x00, 0x00, 0x00, 0x50, 0x00, 0x05, 0x00, 0x10, 0x00, 0x00, 0x00, 0x9D, 0x00, 0x00, 0x00,
            0x9C, 0x00, 0x00, 0x00, 0x60, 0x00, 0x00, 0x00, 0x63, 0x00, 0x04, 0x00, 0x9B, 0x00, 0x00, 0x00,
            0x0D, 0x00, 0x00, 0x00, 0x9D, 0x00, 0x00, 0x00, 0xF9, 0x00, 0x02, 0x00, 0xA0, 0x00, 0x00, 0x00,
            0xF8, 0x00, 0x02, 0x00, 0xA0, 0x00, 0x00, 0x00, 0xFD, 0x00, 0x01, 0x00, 0x38, 0x00, 0x01, 0x00
        ],
        ThreadGroupSize = new()
        {
            X = 8,
            Y = 8,
            Z = 1
        }
    };
    #endregion
}
