namespace Zenith.NET.Extensions.Upscaling.Passes;

internal partial class Sgsr1Pass
{
    #region DirectX12
    private static readonly ShaderDesc DirectX12Main = new()
    {
        Name = "Main",
        CodeBytes =
        [
            0x44, 0x58, 0x42, 0x43, 0xD1, 0xFE, 0xBD, 0x6C, 0x7B, 0xE0, 0x41, 0x68, 0x8C, 0x0E, 0x79, 0xA3,
            0x43, 0x63, 0x57, 0xC2, 0x01, 0x00, 0x00, 0x00, 0xB8, 0x18, 0x00, 0x00, 0x07, 0x00, 0x00, 0x00,
            0x3C, 0x00, 0x00, 0x00, 0x4C, 0x00, 0x00, 0x00, 0x5C, 0x00, 0x00, 0x00, 0x6C, 0x00, 0x00, 0x00,
            0xDC, 0x00, 0x00, 0x00, 0xA0, 0x08, 0x00, 0x00, 0xBC, 0x08, 0x00, 0x00, 0x53, 0x46, 0x49, 0x30,
            0x08, 0x00, 0x00, 0x00, 0x00, 0x00, 0x00, 0x06, 0x00, 0x00, 0x00, 0x00, 0x49, 0x53, 0x47, 0x31,
            0x08, 0x00, 0x00, 0x00, 0x00, 0x00, 0x00, 0x00, 0x08, 0x00, 0x00, 0x00, 0x4F, 0x53, 0x47, 0x31,
            0x08, 0x00, 0x00, 0x00, 0x00, 0x00, 0x00, 0x00, 0x08, 0x00, 0x00, 0x00, 0x50, 0x53, 0x56, 0x30,
            0x68, 0x00, 0x00, 0x00, 0x34, 0x00, 0x00, 0x00, 0x00, 0x00, 0x00, 0x00, 0x00, 0x00, 0x00, 0x00,
            0x00, 0x00, 0x00, 0x00, 0x00, 0x00, 0x00, 0x00, 0x00, 0x00, 0x00, 0x00, 0xFF, 0xFF, 0xFF, 0xFF,
            0x05, 0x00, 0x00, 0x00, 0x00, 0x00, 0x00, 0x00, 0x00, 0x00, 0x00, 0x00, 0x08, 0x00, 0x00, 0x00,
            0x08, 0x00, 0x00, 0x00, 0x01, 0x00, 0x00, 0x00, 0x01, 0x00, 0x00, 0x00, 0x01, 0x00, 0x00, 0x00,
            0x18, 0x00, 0x00, 0x00, 0x02, 0x00, 0x00, 0x00, 0x00, 0x00, 0x00, 0x00, 0x00, 0x00, 0x00, 0x00,
            0x00, 0x00, 0x00, 0x00, 0x0D, 0x00, 0x00, 0x00, 0x00, 0x00, 0x00, 0x00, 0x08, 0x00, 0x00, 0x00,
            0x00, 0x4D, 0x61, 0x69, 0x6E, 0x00, 0x00, 0x00, 0x00, 0x00, 0x00, 0x00, 0x53, 0x54, 0x41, 0x54,
            0xBC, 0x07, 0x00, 0x00, 0x66, 0x00, 0x05, 0x00, 0xEF, 0x01, 0x00, 0x00, 0x44, 0x58, 0x49, 0x4C,
            0x06, 0x01, 0x00, 0x00, 0x10, 0x00, 0x00, 0x00, 0xA4, 0x07, 0x00, 0x00, 0x42, 0x43, 0xC0, 0xDE,
            0x21, 0x0C, 0x00, 0x00, 0xE6, 0x01, 0x00, 0x00, 0x0B, 0x82, 0x20, 0x00, 0x02, 0x00, 0x00, 0x00,
            0x13, 0x00, 0x00, 0x00, 0x07, 0x81, 0x23, 0x91, 0x41, 0xC8, 0x04, 0x49, 0x06, 0x10, 0x32, 0x39,
            0x92, 0x01, 0x84, 0x0C, 0x25, 0x05, 0x08, 0x19, 0x1E, 0x04, 0x8B, 0x62, 0x80, 0x18, 0x45, 0x02,
            0x42, 0x92, 0x0B, 0x42, 0xC4, 0x10, 0x32, 0x14, 0x38, 0x08, 0x18, 0x4B, 0x0A, 0x32, 0x62, 0x88,
            0x48, 0x90, 0x14, 0x20, 0x43, 0x46, 0x88, 0xA5, 0x00, 0x19, 0x32, 0x42, 0xE4, 0x48, 0x0E, 0x90,
            0x11, 0x23, 0xC4, 0x50, 0x41, 0x51, 0x81, 0x8C, 0xE1, 0x83, 0xE5, 0x8A, 0x04, 0x31, 0x46, 0x06,
            0x51, 0x18, 0x00, 0x00, 0x08, 0x00, 0x00, 0x00, 0x1B, 0x8C, 0xE0, 0xFF, 0xFF, 0xFF, 0xFF, 0x07,
            0x40, 0x02, 0xA8, 0x0D, 0x86, 0xF0, 0xFF, 0xFF, 0xFF, 0xFF, 0x03, 0x20, 0x01, 0xD5, 0x06, 0x62,
            0xF8, 0xFF, 0xFF, 0xFF, 0xFF, 0x01, 0x90, 0x00, 0x49, 0x18, 0x00, 0x00, 0x03, 0x00, 0x00, 0x00,
            0x13, 0x82, 0x60, 0x42, 0x20, 0x4C, 0x08, 0x06, 0x00, 0x00, 0x00, 0x00, 0x89, 0x20, 0x00, 0x00,
            0x4A, 0x00, 0x00, 0x00, 0x32, 0x22, 0x88, 0x09, 0x20, 0x64, 0x85, 0x04, 0x13, 0x23, 0xA4, 0x84,
            0x04, 0x13, 0x23, 0xE3, 0x84, 0xA1, 0x90, 0x14, 0x12, 0x4C, 0x8C, 0x8C, 0x0B, 0x84, 0xC4, 0x4C,
            0x10, 0xB0, 0xC1, 0x08, 0x40, 0x09, 0x00, 0x0A, 0xE6, 0x08, 0xC0, 0xA0, 0x0C, 0xC3, 0x30, 0x10,
            0x31, 0x47, 0x80, 0x90, 0x71, 0xCF, 0x70, 0xF9, 0x13, 0xF6, 0x10, 0x92, 0x1F, 0x02, 0xCD, 0xB0,
            0x10, 0x28, 0x38, 0xE6, 0x08, 0x82, 0x52, 0x20, 0xC3, 0x90, 0x24, 0xA4, 0xCC, 0x00, 0xDC, 0x34,
            0x5C, 0xFE, 0x84, 0x3D, 0x84, 0xE4, 0xAF, 0x84, 0xB4, 0x12, 0x93, 0x5F, 0xDC, 0x36, 0x2A, 0x18,
            0x86, 0x61, 0x86, 0xC2, 0x34, 0x03, 0x82, 0x30, 0x0C, 0xC3, 0x0C, 0xC3, 0xC0, 0x90, 0x53, 0x06,
            0x66, 0x60, 0x08, 0x2A, 0x04, 0x33, 0x30, 0x0C, 0x49, 0x65, 0x01, 0x06, 0x64, 0x18, 0x06, 0x86,
            0x61, 0x18, 0x83, 0xA8, 0xB2, 0x34, 0x03, 0x82, 0x30, 0x0C, 0xC3, 0x0C, 0xC3, 0x40, 0xD6, 0x51,
            0xC3, 0xE5, 0x4F, 0xD8, 0x43, 0x48, 0x3E, 0xB7, 0x51, 0xC5, 0x4A, 0x4C, 0x3E, 0x72, 0xDB, 0x88,
            0x18, 0x86, 0x61, 0x28, 0x04, 0x36, 0x20, 0x03, 0x65, 0x47, 0x0D, 0x97, 0x3F, 0x61, 0x0F, 0x21,
            0xF9, 0xDC, 0x46, 0x15, 0x2B, 0x31, 0xF9, 0xC5, 0x6D, 0x23, 0x82, 0x61, 0x18, 0xA6, 0x10, 0xDB,
            0x80, 0x0C, 0xC4, 0xDD, 0x36, 0x5C, 0xFE, 0x84, 0x3D, 0x84, 0xE4, 0xAF, 0x84, 0xE4, 0x50, 0x91,
            0x40, 0xA4, 0x91, 0xF3, 0x10, 0xD1, 0x84, 0x10, 0x12, 0x12, 0x86, 0xA1, 0x10, 0xC8, 0x80, 0x78,
            0xF4, 0x1D, 0x34, 0x5C, 0xFE, 0x84, 0x3D, 0x84, 0xE4, 0xAF, 0x84, 0xB4, 0x21, 0xCD, 0x80, 0x88,
            0x61, 0x18, 0x8C, 0x52, 0x20, 0x43, 0x38, 0x24, 0x24, 0x0E, 0x04, 0x0C, 0x23, 0x10, 0xCC, 0x30,
            0x02, 0x31, 0x0C, 0x23, 0x08, 0xC3, 0x49, 0xD2, 0x14, 0x51, 0xC2, 0xE4, 0x73, 0x4E, 0x23, 0x4D,
            0x40, 0x33, 0x49, 0x3F, 0x8D, 0x8C, 0xD2, 0x3C, 0xCF, 0xF3, 0xBC, 0x45, 0x70, 0x1A, 0x69, 0x02,
            0x9A, 0x49, 0xFA, 0x69, 0x14, 0xA0, 0x94, 0xCE, 0x11, 0x80, 0x02, 0x00, 0x13, 0x14, 0x72, 0xC0,
            0x87, 0x74, 0x60, 0x87, 0x36, 0x68, 0x87, 0x79, 0x68, 0x03, 0x72, 0xC0, 0x87, 0x0D, 0xAE, 0x50,
            0x0E, 0x6D, 0xD0, 0x0E, 0x7A, 0x50, 0x0E, 0x6D, 0x00, 0x0F, 0x7A, 0x30, 0x07, 0x72, 0xA0, 0x07,
            0x73, 0x20, 0x07, 0x6D, 0x90, 0x0E, 0x71, 0xA0, 0x07, 0x73, 0x20, 0x07, 0x6D, 0x90, 0x0E, 0x78,
            0xA0, 0x07, 0x78, 0xD0, 0x06, 0xE9, 0x10, 0x07, 0x76, 0xA0, 0x07, 0x71, 0x60, 0x07, 0x6D, 0x90,
            0x0E, 0x73, 0x20, 0x07, 0x7A, 0x30, 0x07, 0x72, 0xD0, 0x06, 0xE9, 0x60, 0x07, 0x74, 0xA0, 0x07,
            0x76, 0x40, 0x07, 0x6D, 0x60, 0x0E, 0x71, 0x60, 0x07, 0x7A, 0x10, 0x07, 0x76, 0xD0, 0x06, 0xE6,
            0x30, 0x07, 0x72, 0xA0, 0x07, 0x73, 0x20, 0x07, 0x6D, 0x60, 0x0E, 0x76, 0x40, 0x07, 0x7A, 0x60,
            0x07, 0x74, 0xD0, 0x06, 0xEE, 0x80, 0x07, 0x7A, 0x10, 0x07, 0x76, 0xA0, 0x07, 0x73, 0x20, 0x07,
            0x7A, 0x60, 0x07, 0x74, 0x30, 0xE4, 0x09, 0x80, 0x00, 0x00, 0x00, 0x00, 0x00, 0x00, 0x00, 0x00,
            0x00, 0x60, 0xC8, 0x43, 0x00, 0x01, 0x10, 0x00, 0x00, 0x00, 0x00, 0x00, 0x00, 0x00, 0xC0, 0x90,
            0x47, 0x01, 0x02, 0x20, 0x00, 0x00, 0x00, 0x00, 0x00, 0x00, 0x00, 0x80, 0x21, 0x8F, 0x03, 0x04,
            0x80, 0x00, 0x00, 0x00, 0x00, 0x00, 0x00, 0x00, 0x00, 0x43, 0x1E, 0x08, 0x08, 0x80, 0x00, 0x00,
            0x00, 0x00, 0x00, 0x00, 0x00, 0x00, 0x86, 0x3C, 0x12, 0x10, 0x00, 0x01, 0x00, 0x00, 0x00, 0x00,
            0x00, 0x00, 0x00, 0x0C, 0x79, 0x28, 0x20, 0x00, 0x06, 0x00, 0x00, 0x00, 0x00, 0x00, 0x00, 0x00,
            0x18, 0xF2, 0x58, 0x40, 0x00, 0x08, 0x00, 0x00, 0x00, 0x00, 0x00, 0x00, 0x00, 0x30, 0xE4, 0xC9,
            0x80, 0x00, 0x10, 0x00, 0x00, 0x00, 0x00, 0x00, 0x00, 0x00, 0x60, 0xC8, 0xC3, 0x01, 0x01, 0x20,
            0x00, 0x00, 0x00, 0x00, 0x00, 0x00, 0x00, 0xC0, 0x90, 0xE7, 0x03, 0x02, 0x20, 0x00, 0x00, 0x00,
            0x00, 0x00, 0x00, 0x00, 0x80, 0x21, 0x8F, 0x18, 0x00, 0x01, 0x10, 0x00, 0x00, 0x00, 0x00, 0x00,
            0x00, 0x00, 0x40, 0x16, 0x08, 0x00, 0x00, 0x00, 0x11, 0x00, 0x00, 0x00, 0x32, 0x1E, 0x98, 0x18,
            0x19, 0x11, 0x4C, 0x90, 0x8C, 0x09, 0x26, 0x47, 0xC6, 0x04, 0x43, 0x1A, 0x4A, 0xA0, 0x18, 0x46,
            0x00, 0x0A, 0x30, 0xA0, 0x0C, 0xCA, 0xA1, 0x24, 0x4A, 0xA3, 0x10, 0x0A, 0xA4, 0x14, 0x0A, 0xA8,
            0x08, 0x0A, 0xAA, 0xC0, 0x0A, 0xAE, 0x20, 0x8A, 0xB8, 0xA0, 0x64, 0x0D, 0x68, 0x2D, 0x40, 0x40,
            0x40, 0x44, 0x0C, 0x4A, 0x67, 0x00, 0x48, 0x9D, 0x01, 0x20, 0x74, 0x06, 0x00, 0x00, 0x00, 0x00,
            0x79, 0x18, 0x00, 0x00, 0x8A, 0x00, 0x00, 0x00, 0x1A, 0x03, 0x4C, 0x90, 0x46, 0x02, 0x13, 0xC4,
            0x31, 0x20, 0xC3, 0x1B, 0x43, 0x81, 0x93, 0x4B, 0xB3, 0x0B, 0xA3, 0x2B, 0x4B, 0x01, 0x89, 0x71,
            0xC9, 0x71, 0x81, 0x71, 0xA9, 0x99, 0xC9, 0xC9, 0x01, 0x41, 0x09, 0x8B, 0x81, 0xB9, 0x11, 0x0B,
            0xB3, 0x89, 0x99, 0x49, 0xD9, 0x10, 0x04, 0x13, 0x84, 0x81, 0x99, 0x20, 0x0C, 0xCD, 0x06, 0x61,
            0x20, 0x26, 0x08, 0x83, 0xB3, 0x41, 0x30, 0x0C, 0x0A, 0x63, 0x73, 0x1B, 0x06, 0x84, 0x20, 0x26,
            0x08, 0x6A, 0x10, 0x06, 0x5C, 0xC6, 0xDE, 0xDC, 0xE6, 0xE8, 0xC2, 0xDC, 0xE8, 0xE6, 0xBE, 0x60,
            0x26, 0x08, 0xC3, 0xB3, 0x01, 0x31, 0x94, 0xC5, 0x30, 0x06, 0x06, 0xD8, 0x10, 0x34, 0x1B, 0x08,
            0x00, 0x70, 0x80, 0x09, 0x02, 0x1A, 0x88, 0x01, 0x1D, 0xAB, 0xB4, 0xB2, 0x3B, 0xB8, 0x37, 0x39,
            0xBA, 0x24, 0x37, 0xB3, 0xB7, 0x2F, 0x98, 0x09, 0xC2, 0x00, 0x4D, 0x10, 0x86, 0x68, 0x82, 0x30,
            0x48, 0x13, 0x84, 0x61, 0x9A, 0x20, 0x0C, 0xD4, 0x06, 0x84, 0x88, 0x24, 0x63, 0xA2, 0x2A, 0x8B,
            0x0C, 0x51, 0x5A, 0x5B, 0x99, 0xDB, 0x5C, 0xDA, 0x9B, 0xDB, 0xDC, 0x17, 0xCC, 0x04, 0x61, 0xA8,
            0x26, 0x08, 0x83, 0xB5, 0x01, 0x21, 0x30, 0x29, 0x9B, 0xB4, 0xCA, 0xE2, 0x91, 0xE4, 0x06, 0x57,
            0x47, 0xF7, 0x05, 0x33, 0x41, 0x18, 0xAE, 0x09, 0xC2, 0x80, 0x6D, 0x40, 0x08, 0x4E, 0xEA, 0x26,
            0xAD, 0xF2, 0x88, 0x3C, 0xD5, 0xD1, 0xC1, 0xD5, 0xD1, 0x7D, 0xC1, 0x4C, 0x10, 0x86, 0x6C, 0x03,
            0x42, 0x80, 0x81, 0x14, 0x06, 0x93, 0x56, 0x79, 0x4C, 0xA6, 0xC2, 0xDA, 0xE0, 0xD8, 0xCA, 0xE4,
            0xBE, 0x60, 0x26, 0x08, 0x83, 0xB6, 0x01, 0x21, 0xC6, 0x40, 0x22, 0x83, 0x49, 0xAB, 0x3C, 0x16,
            0x50, 0x61, 0x64, 0x5F, 0x30, 0x13, 0x84, 0x61, 0xDB, 0x80, 0x10, 0x66, 0x20, 0x9D, 0xC1, 0xA4,
            0x55, 0xDE, 0x86, 0x83, 0xB9, 0xB6, 0x4F, 0x0C, 0xCA, 0x00, 0x0D, 0x26, 0x08, 0x69, 0x00, 0x06,
            0x1B, 0x08, 0x62, 0x91, 0x8C, 0x0D, 0x02, 0xB3, 0x06, 0x1B, 0x0A, 0x03, 0x4A, 0x03, 0x35, 0x60,
            0x83, 0x09, 0x82, 0x00, 0x6C, 0x00, 0x36, 0x0C, 0xC6, 0x1B, 0xBC, 0xC1, 0x86, 0x00, 0x0E, 0x36,
            0x0C, 0x83, 0x1B, 0xC4, 0x01, 0x89, 0xA6, 0xB0, 0x34, 0xB7, 0x09, 0xC2, 0x1A, 0x7C, 0x13, 0x84,
            0x81, 0xDB, 0x30, 0xD4, 0x41, 0x1D, 0x0C, 0x1B, 0x08, 0x83, 0x0E, 0x2C, 0x3B, 0xD8, 0x50, 0xB8,
            0xC1, 0x1C, 0x00, 0xCF, 0x1D, 0x10, 0x11, 0x93, 0x0B, 0x73, 0x1B, 0x43, 0x2B, 0x9B, 0xA3, 0x61,
            0xC6, 0xF6, 0x16, 0x46, 0x37, 0x37, 0x41, 0x18, 0x3A, 0x16, 0x69, 0x6E, 0x73, 0x74, 0x73, 0x13,
            0x84, 0xC1, 0x23, 0x91, 0xE6, 0x46, 0x37, 0x47, 0x84, 0xAE, 0x0C, 0xEF, 0xCB, 0xED, 0x4D, 0xAE,
            0x8D, 0x09, 0x5D, 0x19, 0xDE, 0xD7, 0x1C, 0xDD, 0x9B, 0x5C, 0xD9, 0x06, 0x26, 0x0F, 0x24, 0x3D,
            0xD8, 0x03, 0x3E, 0xE8, 0x03, 0x3F, 0xF0, 0xFE, 0x40, 0x03, 0x85, 0xA1, 0x0A, 0x1B, 0x9B, 0x5D,
            0x9B, 0x4B, 0x1A, 0x59, 0x99, 0x1B, 0xDD, 0x94, 0x20, 0xA8, 0x42, 0x86, 0xE7, 0x62, 0x57, 0x26,
            0x37, 0x97, 0xF6, 0xE6, 0x36, 0x25, 0x20, 0x9A, 0x90, 0xE1, 0xB9, 0xD8, 0x85, 0xB1, 0xD9, 0x95,
            0xC9, 0x4D, 0x09, 0x8C, 0x3A, 0x64, 0x78, 0x2E, 0x73, 0x68, 0x61, 0x64, 0x65, 0x72, 0x4D, 0x6F,
            0x64, 0x65, 0x6C, 0x53, 0x02, 0xA4, 0x0C, 0x19, 0x9E, 0x8B, 0x5C, 0xD9, 0xDC, 0x5B, 0x9D, 0xDC,
            0x58, 0xD9, 0xDC, 0x94, 0xC0, 0xA9, 0x44, 0x86, 0xE7, 0x42, 0x97, 0x07, 0x57, 0x16, 0xE4, 0xE6,
            0xF6, 0x46, 0x17, 0x46, 0x97, 0xF6, 0xE6, 0x36, 0x37, 0x45, 0x60, 0x83, 0x38, 0xA8, 0x43, 0x86,
            0xE7, 0x52, 0xE6, 0x46, 0x27, 0x97, 0x07, 0xF5, 0x96, 0xE6, 0x46, 0x37, 0x37, 0x25, 0xB8, 0x83,
            0x2E, 0x64, 0x78, 0x2E, 0x63, 0x6F, 0x75, 0x6E, 0x74, 0x65, 0x72, 0x73, 0x53, 0x02, 0x50, 0x00,
            0x79, 0x18, 0x00, 0x00, 0x51, 0x00, 0x00, 0x00, 0x33, 0x08, 0x80, 0x1C, 0xC4, 0xE1, 0x1C, 0x66,
            0x14, 0x01, 0x3D, 0x88, 0x43, 0x38, 0x84, 0xC3, 0x8C, 0x42, 0x80, 0x07, 0x79, 0x78, 0x07, 0x73,
            0x98, 0x71, 0x0C, 0xE6, 0x00, 0x0F, 0xED, 0x10, 0x0E, 0xF4, 0x80, 0x0E, 0x33, 0x0C, 0x42, 0x1E,
            0xC2, 0xC1, 0x1D, 0xCE, 0xA1, 0x1C, 0x66, 0x30, 0x05, 0x3D, 0x88, 0x43, 0x38, 0x84, 0x83, 0x1B,
            0xCC, 0x03, 0x3D, 0xC8, 0x43, 0x3D, 0x8C, 0x03, 0x3D, 0xCC, 0x78, 0x8C, 0x74, 0x70, 0x07, 0x7B,
            0x08, 0x07, 0x79, 0x48, 0x87, 0x70, 0x70, 0x07, 0x7A, 0x70, 0x03, 0x76, 0x78, 0x87, 0x70, 0x20,
            0x87, 0x19, 0xCC, 0x11, 0x0E, 0xEC, 0x90, 0x0E, 0xE1, 0x30, 0x0F, 0x6E, 0x30, 0x0F, 0xE3, 0xF0,
            0x0E, 0xF0, 0x50, 0x0E, 0x33, 0x10, 0xC4, 0x1D, 0xDE, 0x21, 0x1C, 0xD8, 0x21, 0x1D, 0xC2, 0x61,
            0x1E, 0x66, 0x30, 0x89, 0x3B, 0xBC, 0x83, 0x3B, 0xD0, 0x43, 0x39, 0xB4, 0x03, 0x3C, 0xBC, 0x83,
            0x3C, 0x84, 0x03, 0x3B, 0xCC, 0xF0, 0x14, 0x76, 0x60, 0x07, 0x7B, 0x68, 0x07, 0x37, 0x68, 0x87,
            0x72, 0x68, 0x07, 0x37, 0x80, 0x87, 0x70, 0x90, 0x87, 0x70, 0x60, 0x07, 0x76, 0x28, 0x07, 0x76,
            0xF8, 0x05, 0x76, 0x78, 0x87, 0x77, 0x80, 0x87, 0x5F, 0x08, 0x87, 0x71, 0x18, 0x87, 0x72, 0x98,
            0x87, 0x79, 0x98, 0x81, 0x2C, 0xEE, 0xF0, 0x0E, 0xEE, 0xE0, 0x0E, 0xF5, 0xC0, 0x0E, 0xEC, 0x30,
            0x03, 0x62, 0xC8, 0xA1, 0x1C, 0xE4, 0xA1, 0x1C, 0xCC, 0xA1, 0x1C, 0xE4, 0xA1, 0x1C, 0xDC, 0x61,
            0x1C, 0xCA, 0x21, 0x1C, 0xC4, 0x81, 0x1D, 0xCA, 0x61, 0x06, 0xD6, 0x90, 0x43, 0x39, 0xC8, 0x43,
            0x39, 0x98, 0x43, 0x39, 0xC8, 0x43, 0x39, 0xB8, 0xC3, 0x38, 0x94, 0x43, 0x38, 0x88, 0x03, 0x3B,
            0x94, 0xC3, 0x2F, 0xBC, 0x83, 0x3C, 0xFC, 0x82, 0x3B, 0xD4, 0x03, 0x3B, 0xB0, 0xC3, 0x0C, 0xC4,
            0x21, 0x07, 0x7C, 0x70, 0x03, 0x7A, 0x28, 0x87, 0x76, 0x80, 0x87, 0x19, 0xD1, 0x43, 0x0E, 0xF8,
            0xE0, 0x06, 0xE4, 0x20, 0x0E, 0xE7, 0xE0, 0x06, 0xF6, 0x10, 0x0E, 0xF2, 0xC0, 0x0E, 0xE1, 0x90,
            0x0F, 0xEF, 0x50, 0x0F, 0xF4, 0x30, 0x83, 0x81, 0xC8, 0x01, 0x1F, 0xDC, 0x40, 0x1C, 0xE4, 0xA1,
            0x1C, 0xC2, 0x61, 0x1D, 0xDC, 0x40, 0x1C, 0xE4, 0x01, 0x00, 0x00, 0x00, 0x71, 0x20, 0x00, 0x00,
            0x36, 0x00, 0x00, 0x00, 0x06, 0x40, 0x98, 0x00, 0xD2, 0x98, 0x02, 0x35, 0x5C, 0xBE, 0xF3, 0xF8,
            0x40, 0xD3, 0x38, 0x13, 0x30, 0x11, 0x21, 0xD0, 0x0C, 0x0B, 0x61, 0x05, 0xD0, 0x70, 0xF9, 0xCE,
            0xE3, 0x07, 0x48, 0x03, 0x44, 0x98, 0x5F, 0xDC, 0xB6, 0x25, 0x6C, 0xC3, 0xE5, 0x3B, 0x8F, 0x2F,
            0x04, 0x54, 0x51, 0x10, 0x51, 0xE9, 0x00, 0x43, 0x49, 0x18, 0x80, 0x80, 0xF9, 0xC5, 0x6D, 0x1B,
            0xC2, 0x36, 0x5C, 0xBE, 0xF3, 0xF8, 0x42, 0x40, 0x15, 0x05, 0x11, 0x95, 0x0E, 0x30, 0x94, 0x84,
            0x01, 0x08, 0x98, 0x8F, 0xDC, 0xB6, 0x2D, 0x74, 0xC3, 0xE5, 0x3B, 0x8F, 0x2F, 0x44, 0x04, 0x30,
            0x11, 0x21, 0xD0, 0x0C, 0x0B, 0xF1, 0x45, 0x0E, 0xB3, 0x21, 0xCD, 0x80, 0x34, 0x86, 0x09, 0x68,
            0xC3, 0xE5, 0x3B, 0x8F, 0x2F, 0x44, 0x04, 0x30, 0x11, 0x21, 0xD0, 0x0C, 0x0B, 0xF1, 0x45, 0x0E,
            0x13, 0x12, 0xC0, 0x63, 0x03, 0xD5, 0x70, 0xF9, 0xCE, 0xE3, 0x4B, 0x00, 0xF3, 0x2C, 0x44, 0x49,
            0x54, 0xC4, 0xE2, 0x17, 0xB7, 0x6D, 0x07, 0xD7, 0x70, 0xF9, 0xCE, 0xE3, 0x4F, 0xC4, 0x35, 0x51,
            0x11, 0x01, 0x02, 0xD3, 0x41, 0x44, 0x7E, 0x71, 0xDB, 0x66, 0x60, 0x0D, 0x97, 0xEF, 0x3C, 0xFE,
            0x44, 0x5C, 0x13, 0x15, 0x11, 0xEC, 0xE4, 0x44, 0x84, 0x5F, 0xDC, 0xB6, 0x05, 0x48, 0xC3, 0xE5,
            0x3B, 0x8F, 0x3F, 0x1D, 0x11, 0x01, 0x0C, 0xE2, 0xE0, 0x23, 0xB7, 0x6D, 0x04, 0xCF, 0x70, 0xF9,
            0xCE, 0xE3, 0x53, 0x0D, 0x10, 0x61, 0x7E, 0x71, 0xDB, 0x00, 0x00, 0x00, 0x00, 0x00, 0x00, 0x00,
            0x48, 0x41, 0x53, 0x48, 0x14, 0x00, 0x00, 0x00, 0x00, 0x00, 0x00, 0x00, 0xFA, 0xA3, 0xF8, 0x18,
            0xCD, 0x16, 0x0C, 0x5D, 0xA1, 0x86, 0x46, 0x28, 0xE1, 0x20, 0xB4, 0x1C, 0x44, 0x58, 0x49, 0x4C,
            0xF4, 0x0F, 0x00, 0x00, 0x66, 0x00, 0x05, 0x00, 0xFD, 0x03, 0x00, 0x00, 0x44, 0x58, 0x49, 0x4C,
            0x06, 0x01, 0x00, 0x00, 0x10, 0x00, 0x00, 0x00, 0xDC, 0x0F, 0x00, 0x00, 0x42, 0x43, 0xC0, 0xDE,
            0x21, 0x0C, 0x00, 0x00, 0xF4, 0x03, 0x00, 0x00, 0x0B, 0x82, 0x20, 0x00, 0x02, 0x00, 0x00, 0x00,
            0x13, 0x00, 0x00, 0x00, 0x07, 0x81, 0x23, 0x91, 0x41, 0xC8, 0x04, 0x49, 0x06, 0x10, 0x32, 0x39,
            0x92, 0x01, 0x84, 0x0C, 0x25, 0x05, 0x08, 0x19, 0x1E, 0x04, 0x8B, 0x62, 0x80, 0x18, 0x45, 0x02,
            0x42, 0x92, 0x0B, 0x42, 0xC4, 0x10, 0x32, 0x14, 0x38, 0x08, 0x18, 0x4B, 0x0A, 0x32, 0x62, 0x88,
            0x48, 0x90, 0x14, 0x20, 0x43, 0x46, 0x88, 0xA5, 0x00, 0x19, 0x32, 0x42, 0xE4, 0x48, 0x0E, 0x90,
            0x11, 0x23, 0xC4, 0x50, 0x41, 0x51, 0x81, 0x8C, 0xE1, 0x83, 0xE5, 0x8A, 0x04, 0x31, 0x46, 0x06,
            0x51, 0x18, 0x00, 0x00, 0x08, 0x00, 0x00, 0x00, 0x1B, 0x8C, 0xE0, 0xFF, 0xFF, 0xFF, 0xFF, 0x07,
            0x40, 0x02, 0xA8, 0x0D, 0x86, 0xF0, 0xFF, 0xFF, 0xFF, 0xFF, 0x03, 0x20, 0x01, 0xD5, 0x06, 0x62,
            0xF8, 0xFF, 0xFF, 0xFF, 0xFF, 0x01, 0x90, 0x00, 0x49, 0x18, 0x00, 0x00, 0x03, 0x00, 0x00, 0x00,
            0x13, 0x82, 0x60, 0x42, 0x20, 0x4C, 0x08, 0x06, 0x00, 0x00, 0x00, 0x00, 0x89, 0x20, 0x00, 0x00,
            0x4B, 0x00, 0x00, 0x00, 0x32, 0x22, 0x88, 0x09, 0x20, 0x64, 0x85, 0x04, 0x13, 0x23, 0xA4, 0x84,
            0x04, 0x13, 0x23, 0xE3, 0x84, 0xA1, 0x90, 0x14, 0x12, 0x4C, 0x8C, 0x8C, 0x0B, 0x84, 0xC4, 0x4C,
            0x10, 0xB4, 0xC1, 0x08, 0x40, 0x09, 0x00, 0x0A, 0xE6, 0x08, 0xC0, 0xA0, 0x0C, 0xC3, 0x30, 0x10,
            0x31, 0x47, 0x80, 0x90, 0x71, 0xCF, 0x70, 0xF9, 0x13, 0xF6, 0x10, 0x92, 0x1F, 0x02, 0xCD, 0xB0,
            0x10, 0x28, 0x38, 0xE6, 0x08, 0x82, 0x52, 0x20, 0xC3, 0x90, 0x24, 0xA4, 0xCC, 0x00, 0xDC, 0x34,
            0x5C, 0xFE, 0x84, 0x3D, 0x84, 0xE4, 0xAF, 0x84, 0xB4, 0x12, 0x93, 0x5F, 0xDC, 0x36, 0x2A, 0x18,
            0x86, 0x61, 0x86, 0xC2, 0x34, 0x03, 0x82, 0x30, 0x0C, 0xC3, 0x0C, 0xC3, 0xC0, 0x90, 0x53, 0x06,
            0x66, 0x60, 0x08, 0x2A, 0x04, 0x33, 0x30, 0x0C, 0x49, 0x65, 0x01, 0x06, 0x64, 0x18, 0x06, 0x86,
            0x61, 0x18, 0x83, 0xA8, 0xB2, 0x34, 0x03, 0x82, 0x30, 0x0C, 0xC3, 0x0C, 0xC3, 0x40, 0xD6, 0x51,
            0xC3, 0xE5, 0x4F, 0xD8, 0x43, 0x48, 0x3E, 0xB7, 0x51, 0xC5, 0x4A, 0x4C, 0x3E, 0x72, 0xDB, 0x88,
            0x18, 0x86, 0x61, 0x28, 0x04, 0x36, 0x20, 0x03, 0x65, 0x47, 0x0D, 0x97, 0x3F, 0x61, 0x0F, 0x21,
            0xF9, 0xDC, 0x46, 0x15, 0x2B, 0x31, 0xF9, 0xC5, 0x6D, 0x23, 0x82, 0x61, 0x18, 0xA6, 0x10, 0xDB,
            0x80, 0x0C, 0xC4, 0xDD, 0x36, 0x5C, 0xFE, 0x84, 0x3D, 0x84, 0xE4, 0xAF, 0x84, 0xE4, 0x50, 0x91,
            0x40, 0xA4, 0x91, 0xF3, 0x10, 0xD1, 0x84, 0x10, 0x12, 0x12, 0x86, 0xA1, 0x10, 0xC8, 0x80, 0x78,
            0xF4, 0x1D, 0x34, 0x5C, 0xFE, 0x84, 0x3D, 0x84, 0xE4, 0xAF, 0x84, 0xB4, 0x21, 0xCD, 0x80, 0x88,
            0x61, 0x18, 0x8C, 0x52, 0x20, 0x43, 0x38, 0x24, 0x24, 0x0E, 0x04, 0x0C, 0x23, 0x10, 0xCC, 0x30,
            0x02, 0x31, 0x0C, 0x23, 0x08, 0xC3, 0x49, 0xD2, 0x14, 0x51, 0xC2, 0xE4, 0x73, 0x4E, 0x23, 0x4D,
            0x40, 0x33, 0x49, 0x3F, 0x8D, 0x8C, 0xD2, 0x3C, 0xCF, 0xF3, 0xBC, 0x45, 0x70, 0x1A, 0x69, 0x02,
            0x9A, 0x49, 0xFA, 0x69, 0x14, 0xA0, 0x94, 0xCE, 0x11, 0x80, 0xC2, 0x14, 0x00, 0x00, 0x00, 0x00,
            0x13, 0x14, 0x72, 0xC0, 0x87, 0x74, 0x60, 0x87, 0x36, 0x68, 0x87, 0x79, 0x68, 0x03, 0x72, 0xC0,
            0x87, 0x0D, 0xAE, 0x50, 0x0E, 0x6D, 0xD0, 0x0E, 0x7A, 0x50, 0x0E, 0x6D, 0x00, 0x0F, 0x7A, 0x30,
            0x07, 0x72, 0xA0, 0x07, 0x73, 0x20, 0x07, 0x6D, 0x90, 0x0E, 0x71, 0xA0, 0x07, 0x73, 0x20, 0x07,
            0x6D, 0x90, 0x0E, 0x78, 0xA0, 0x07, 0x78, 0xD0, 0x06, 0xE9, 0x10, 0x07, 0x76, 0xA0, 0x07, 0x71,
            0x60, 0x07, 0x6D, 0x90, 0x0E, 0x73, 0x20, 0x07, 0x7A, 0x30, 0x07, 0x72, 0xD0, 0x06, 0xE9, 0x60,
            0x07, 0x74, 0xA0, 0x07, 0x76, 0x40, 0x07, 0x6D, 0x60, 0x0E, 0x71, 0x60, 0x07, 0x7A, 0x10, 0x07,
            0x76, 0xD0, 0x06, 0xE6, 0x30, 0x07, 0x72, 0xA0, 0x07, 0x73, 0x20, 0x07, 0x6D, 0x60, 0x0E, 0x76,
            0x40, 0x07, 0x7A, 0x60, 0x07, 0x74, 0xD0, 0x06, 0xEE, 0x80, 0x07, 0x7A, 0x10, 0x07, 0x76, 0xA0,
            0x07, 0x73, 0x20, 0x07, 0x7A, 0x60, 0x07, 0x74, 0x30, 0xE4, 0x09, 0x00, 0x00, 0x00, 0x00, 0x00,
            0x00, 0x00, 0x00, 0x00, 0x00, 0x60, 0xC8, 0x43, 0x00, 0x01, 0x10, 0x00, 0x00, 0x00, 0x00, 0x00,
            0x00, 0x00, 0xC0, 0x90, 0x47, 0x01, 0x02, 0x20, 0x00, 0x00, 0x00, 0x00, 0x00, 0x00, 0x00, 0x80,
            0x21, 0x8F, 0x03, 0x04, 0x80, 0x00, 0x00, 0x00, 0x00, 0x00, 0x00, 0x00, 0x00, 0x43, 0x1E, 0x08,
            0x08, 0x80, 0x00, 0x00, 0x00, 0x00, 0x00, 0x00, 0x00, 0x00, 0x86, 0x3C, 0x12, 0x10, 0x00, 0x01,
            0x00, 0x00, 0x00, 0x00, 0x00, 0x00, 0x00, 0x0C, 0x79, 0x28, 0x20, 0x00, 0x06, 0x00, 0x00, 0x00,
            0x00, 0x00, 0x00, 0x00, 0x18, 0xF2, 0x58, 0x40, 0x00, 0x08, 0x00, 0x00, 0x00, 0x00, 0x00, 0x00,
            0x00, 0x30, 0xE4, 0xC9, 0x80, 0x00, 0x10, 0x00, 0x00, 0x00, 0x00, 0x00, 0x00, 0x00, 0x60, 0xC8,
            0xC3, 0x01, 0x01, 0x20, 0x00, 0x00, 0x00, 0x00, 0x00, 0x00, 0x00, 0xC0, 0x90, 0xE7, 0x03, 0x02,
            0x20, 0x00, 0x00, 0x00, 0x00, 0x00, 0x00, 0x00, 0x80, 0x21, 0x8F, 0x18, 0x00, 0x01, 0x10, 0x00,
            0x00, 0x00, 0x00, 0x00, 0x00, 0x00, 0x40, 0x16, 0x08, 0x00, 0x00, 0x00, 0x0A, 0x00, 0x00, 0x00,
            0x32, 0x1E, 0x98, 0x14, 0x19, 0x11, 0x4C, 0x90, 0x8C, 0x09, 0x26, 0x47, 0xC6, 0x04, 0x43, 0x1A,
            0x4A, 0xA0, 0x18, 0x4A, 0x62, 0x04, 0xA0, 0x00, 0x03, 0x0A, 0xA1, 0x20, 0x68, 0x2D, 0x40, 0x40,
            0x40, 0x44, 0x0C, 0x52, 0x67, 0x00, 0x00, 0x00, 0x79, 0x18, 0x00, 0x00, 0x39, 0x00, 0x00, 0x00,
            0x1A, 0x03, 0x4C, 0x90, 0x46, 0x02, 0x13, 0xC4, 0x31, 0x20, 0xC3, 0x1B, 0x43, 0x81, 0x93, 0x4B,
            0xB3, 0x0B, 0xA3, 0x2B, 0x4B, 0x01, 0x89, 0x71, 0xC9, 0x71, 0x81, 0x71, 0xA9, 0x99, 0xC9, 0xC9,
            0x01, 0x41, 0x09, 0x8B, 0x81, 0xB9, 0x11, 0x0B, 0xB3, 0x89, 0x99, 0x49, 0xD9, 0x10, 0x04, 0x13,
            0x84, 0x81, 0x99, 0x20, 0x0C, 0xCD, 0x06, 0x61, 0x20, 0x26, 0x08, 0x83, 0xB3, 0x41, 0x18, 0x0C,
            0x0A, 0x63, 0x73, 0x1B, 0x06, 0x84, 0x20, 0x26, 0x08, 0xC3, 0x33, 0x41, 0x50, 0x03, 0x8A, 0xC0,
            0x04, 0x61, 0x80, 0x36, 0x20, 0xCA, 0xC2, 0x28, 0xCA, 0xD0, 0x00, 0x1B, 0x02, 0x67, 0x03, 0x01,
            0x00, 0x0F, 0x30, 0x41, 0x10, 0x00, 0x12, 0x4D, 0x61, 0x69, 0x6E, 0x13, 0x84, 0x35, 0x98, 0x26,
            0x08, 0x43, 0x34, 0x41, 0x18, 0xA4, 0x0D, 0x43, 0x55, 0x0D, 0x1B, 0x08, 0x65, 0xA2, 0xAC, 0x0D,
            0x45, 0x24, 0x01, 0xD0, 0x55, 0x85, 0x8D, 0xCD, 0xAE, 0xCD, 0x25, 0x8D, 0xAC, 0xCC, 0x8D, 0x6E,
            0x4A, 0x10, 0x54, 0x21, 0xC3, 0x73, 0xB1, 0x2B, 0x93, 0x9B, 0x4B, 0x7B, 0x73, 0x9B, 0x12, 0x10,
            0x4D, 0xC8, 0xF0, 0x5C, 0xEC, 0xC2, 0xD8, 0xEC, 0xCA, 0xE4, 0xA6, 0x04, 0x46, 0x1D, 0x32, 0x3C,
            0x97, 0x39, 0xB4, 0x30, 0xB2, 0x32, 0xB9, 0xA6, 0x37, 0xB2, 0x32, 0xB6, 0x29, 0x01, 0x52, 0x86,
            0x0C, 0xCF, 0x45, 0xAE, 0x6C, 0xEE, 0xAD, 0x4E, 0x6E, 0xAC, 0x6C, 0x6E, 0x4A, 0xF0, 0xD4, 0x21,
            0xC3, 0x73, 0x29, 0x73, 0xA3, 0x93, 0xCB, 0x83, 0x7A, 0x4B, 0x73, 0xA3, 0x9B, 0x9B, 0x12, 0x5C,
            0x00, 0x00, 0x00, 0x00, 0x79, 0x18, 0x00, 0x00, 0x51, 0x00, 0x00, 0x00, 0x33, 0x08, 0x80, 0x1C,
            0xC4, 0xE1, 0x1C, 0x66, 0x14, 0x01, 0x3D, 0x88, 0x43, 0x38, 0x84, 0xC3, 0x8C, 0x42, 0x80, 0x07,
            0x79, 0x78, 0x07, 0x73, 0x98, 0x71, 0x0C, 0xE6, 0x00, 0x0F, 0xED, 0x10, 0x0E, 0xF4, 0x80, 0x0E,
            0x33, 0x0C, 0x42, 0x1E, 0xC2, 0xC1, 0x1D, 0xCE, 0xA1, 0x1C, 0x66, 0x30, 0x05, 0x3D, 0x88, 0x43,
            0x38, 0x84, 0x83, 0x1B, 0xCC, 0x03, 0x3D, 0xC8, 0x43, 0x3D, 0x8C, 0x03, 0x3D, 0xCC, 0x78, 0x8C,
            0x74, 0x70, 0x07, 0x7B, 0x08, 0x07, 0x79, 0x48, 0x87, 0x70, 0x70, 0x07, 0x7A, 0x70, 0x03, 0x76,
            0x78, 0x87, 0x70, 0x20, 0x87, 0x19, 0xCC, 0x11, 0x0E, 0xEC, 0x90, 0x0E, 0xE1, 0x30, 0x0F, 0x6E,
            0x30, 0x0F, 0xE3, 0xF0, 0x0E, 0xF0, 0x50, 0x0E, 0x33, 0x10, 0xC4, 0x1D, 0xDE, 0x21, 0x1C, 0xD8,
            0x21, 0x1D, 0xC2, 0x61, 0x1E, 0x66, 0x30, 0x89, 0x3B, 0xBC, 0x83, 0x3B, 0xD0, 0x43, 0x39, 0xB4,
            0x03, 0x3C, 0xBC, 0x83, 0x3C, 0x84, 0x03, 0x3B, 0xCC, 0xF0, 0x14, 0x76, 0x60, 0x07, 0x7B, 0x68,
            0x07, 0x37, 0x68, 0x87, 0x72, 0x68, 0x07, 0x37, 0x80, 0x87, 0x70, 0x90, 0x87, 0x70, 0x60, 0x07,
            0x76, 0x28, 0x07, 0x76, 0xF8, 0x05, 0x76, 0x78, 0x87, 0x77, 0x80, 0x87, 0x5F, 0x08, 0x87, 0x71,
            0x18, 0x87, 0x72, 0x98, 0x87, 0x79, 0x98, 0x81, 0x2C, 0xEE, 0xF0, 0x0E, 0xEE, 0xE0, 0x0E, 0xF5,
            0xC0, 0x0E, 0xEC, 0x30, 0x03, 0x62, 0xC8, 0xA1, 0x1C, 0xE4, 0xA1, 0x1C, 0xCC, 0xA1, 0x1C, 0xE4,
            0xA1, 0x1C, 0xDC, 0x61, 0x1C, 0xCA, 0x21, 0x1C, 0xC4, 0x81, 0x1D, 0xCA, 0x61, 0x06, 0xD6, 0x90,
            0x43, 0x39, 0xC8, 0x43, 0x39, 0x98, 0x43, 0x39, 0xC8, 0x43, 0x39, 0xB8, 0xC3, 0x38, 0x94, 0x43,
            0x38, 0x88, 0x03, 0x3B, 0x94, 0xC3, 0x2F, 0xBC, 0x83, 0x3C, 0xFC, 0x82, 0x3B, 0xD4, 0x03, 0x3B,
            0xB0, 0xC3, 0x0C, 0xC4, 0x21, 0x07, 0x7C, 0x70, 0x03, 0x7A, 0x28, 0x87, 0x76, 0x80, 0x87, 0x19,
            0xD1, 0x43, 0x0E, 0xF8, 0xE0, 0x06, 0xE4, 0x20, 0x0E, 0xE7, 0xE0, 0x06, 0xF6, 0x10, 0x0E, 0xF2,
            0xC0, 0x0E, 0xE1, 0x90, 0x0F, 0xEF, 0x50, 0x0F, 0xF4, 0x30, 0x83, 0x81, 0xC8, 0x01, 0x1F, 0xDC,
            0x40, 0x1C, 0xE4, 0xA1, 0x1C, 0xC2, 0x61, 0x1D, 0xDC, 0x40, 0x1C, 0xE4, 0x01, 0x00, 0x00, 0x00,
            0x71, 0x20, 0x00, 0x00, 0x36, 0x00, 0x00, 0x00, 0x06, 0x40, 0x98, 0x00, 0xD2, 0x98, 0x02, 0x35,
            0x5C, 0xBE, 0xF3, 0xF8, 0x40, 0xD3, 0x38, 0x13, 0x30, 0x11, 0x21, 0xD0, 0x0C, 0x0B, 0x61, 0x05,
            0xD0, 0x70, 0xF9, 0xCE, 0xE3, 0x07, 0x48, 0x03, 0x44, 0x98, 0x5F, 0xDC, 0xB6, 0x25, 0x6C, 0xC3,
            0xE5, 0x3B, 0x8F, 0x2F, 0x04, 0x54, 0x51, 0x10, 0x51, 0xE9, 0x00, 0x43, 0x49, 0x18, 0x80, 0x80,
            0xF9, 0xC5, 0x6D, 0x1B, 0xC2, 0x36, 0x5C, 0xBE, 0xF3, 0xF8, 0x42, 0x40, 0x15, 0x05, 0x11, 0x95,
            0x0E, 0x30, 0x94, 0x84, 0x01, 0x08, 0x98, 0x8F, 0xDC, 0xB6, 0x2D, 0x74, 0xC3, 0xE5, 0x3B, 0x8F,
            0x2F, 0x44, 0x04, 0x30, 0x11, 0x21, 0xD0, 0x0C, 0x0B, 0xF1, 0x45, 0x0E, 0xB3, 0x21, 0xCD, 0x80,
            0x34, 0x86, 0x09, 0x68, 0xC3, 0xE5, 0x3B, 0x8F, 0x2F, 0x44, 0x04, 0x30, 0x11, 0x21, 0xD0, 0x0C,
            0x0B, 0xF1, 0x45, 0x0E, 0x13, 0x12, 0xC0, 0x63, 0x03, 0xD5, 0x70, 0xF9, 0xCE, 0xE3, 0x4B, 0x00,
            0xF3, 0x2C, 0x44, 0x49, 0x54, 0xC4, 0xE2, 0x17, 0xB7, 0x6D, 0x07, 0xD7, 0x70, 0xF9, 0xCE, 0xE3,
            0x4F, 0xC4, 0x35, 0x51, 0x11, 0x01, 0x02, 0xD3, 0x41, 0x44, 0x7E, 0x71, 0xDB, 0x66, 0x60, 0x0D,
            0x97, 0xEF, 0x3C, 0xFE, 0x44, 0x5C, 0x13, 0x15, 0x11, 0xEC, 0xE4, 0x44, 0x84, 0x5F, 0xDC, 0xB6,
            0x05, 0x48, 0xC3, 0xE5, 0x3B, 0x8F, 0x3F, 0x1D, 0x11, 0x01, 0x0C, 0xE2, 0xE0, 0x23, 0xB7, 0x6D,
            0x04, 0xCF, 0x70, 0xF9, 0xCE, 0xE3, 0x53, 0x0D, 0x10, 0x61, 0x7E, 0x71, 0xDB, 0x00, 0x00, 0x00,
            0x61, 0x20, 0x00, 0x00, 0x63, 0x02, 0x00, 0x00, 0x13, 0x04, 0x46, 0x2C, 0x10, 0x00, 0x00, 0x00,
            0x2C, 0x00, 0x00, 0x00, 0x34, 0x94, 0x51, 0x21, 0x15, 0xEC, 0x40, 0xD9, 0x95, 0x64, 0x40, 0xD1,
            0x0E, 0x94, 0x6E, 0x40, 0x11, 0x94, 0x24, 0xC4, 0x0C, 0x40, 0xD9, 0x94, 0xEC, 0x40, 0x69, 0x94,
            0x41, 0x71, 0x14, 0x5F, 0xC9, 0x14, 0x21, 0x50, 0x19, 0x06, 0x90, 0x51, 0x04, 0xE5, 0x41, 0xC9,
            0x08, 0x40, 0x0D, 0x10, 0x33, 0x46, 0x00, 0x82, 0x20, 0x88, 0x7F, 0x23, 0x00, 0x63, 0x04, 0x20,
            0x08, 0x82, 0xF8, 0x2F, 0x8C, 0x11, 0xCC, 0x39, 0x6B, 0xCE, 0xDF, 0x18, 0x01, 0x08, 0x82, 0x20,
            0x0A, 0x0E, 0x33, 0x00, 0x63, 0x04, 0x20, 0x08, 0x82, 0xF0, 0x37, 0x46, 0x00, 0x82, 0x20, 0x08,
            0x82, 0xC3, 0x18, 0x01, 0x08, 0x82, 0x20, 0xFC, 0x0B, 0x63, 0x04, 0x21, 0x09, 0x86, 0xB0, 0x37,
            0x46, 0x00, 0x82, 0x20, 0x88, 0x7E, 0x63, 0x04, 0x25, 0x1A, 0x93, 0x32, 0x18, 0x8C, 0x11, 0x88,
            0x2C, 0x28, 0x82, 0xDC, 0x18, 0x01, 0x08, 0x82, 0x20, 0x08, 0x06, 0x63, 0x04, 0x79, 0xE9, 0xC6,
            0xBB, 0x2F, 0x8C, 0x11, 0xE4, 0xA5, 0x1B, 0xEF, 0x1E, 0x79, 0x73, 0x08, 0x61, 0x00, 0xCD, 0x21,
            0x70, 0xDD, 0x1C, 0xC2, 0x18, 0x3C, 0x73, 0x08, 0x66, 0xD0, 0x51, 0x38, 0x07, 0xF1, 0x3C, 0x0F,
            0x1A, 0x00, 0x00, 0x00, 0x23, 0x06, 0x08, 0x00, 0x82, 0x60, 0x20, 0x06, 0x76, 0x10, 0x06, 0x81,
            0x1C, 0x5C, 0x23, 0x06, 0x07, 0x00, 0x82, 0x60, 0xF0, 0xE1, 0xC1, 0x1A, 0x04, 0xC6, 0x88, 0x81,
            0x01, 0x80, 0x20, 0x18, 0x10, 0xA2, 0x80, 0x06, 0x74, 0x30, 0x62, 0x60, 0x00, 0x20, 0x08, 0x06,
            0xC4, 0x28, 0xA4, 0x01, 0x1E, 0x8C, 0x18, 0x1C, 0x00, 0x08, 0x82, 0x41, 0xD6, 0x07, 0x6D, 0x30,
            0xE4, 0xC1, 0x68, 0x42, 0x20, 0x0C, 0x37, 0x10, 0x01, 0x19, 0xCC, 0x32, 0x04, 0x45, 0x30, 0x9A,
            0x30, 0x0C, 0xC3, 0x0D, 0x45, 0x40, 0x06, 0xB3, 0x0C, 0x42, 0x11, 0xDC, 0xC1, 0xD4, 0x1D, 0x4C,
            0x99, 0xA0, 0xC1, 0xC7, 0x84, 0x0D, 0x3E, 0x87, 0x30, 0x75, 0x07, 0x53, 0x46, 0x08, 0xF4, 0x31,
            0x42, 0xA0, 0xCF, 0x88, 0xC1, 0x01, 0x80, 0x20, 0x18, 0x64, 0xAA, 0xA0, 0x07, 0x90, 0x1D, 0x8C,
            0x26, 0x04, 0xC0, 0x88, 0x01, 0x02, 0x80, 0x20, 0x18, 0x28, 0xB2, 0xA0, 0x07, 0x81, 0x1A, 0xA8,
            0xC1, 0x88, 0xC1, 0x01, 0x80, 0x20, 0x18, 0x7C, 0xAB, 0xE0, 0x07, 0x01, 0x36, 0x62, 0x70, 0x00,
            0x20, 0x08, 0x06, 0x99, 0x2B, 0xF8, 0x01, 0x45, 0x07, 0xA3, 0x09, 0x01, 0x30, 0x62, 0x80, 0x00,
            0x20, 0x08, 0x06, 0x8A, 0x2D, 0xF8, 0x41, 0xD0, 0x06, 0x6E, 0x30, 0x62, 0x70, 0x00, 0x20, 0x08,
            0x06, 0xDF, 0x2B, 0x88, 0x42, 0xB0, 0x8D, 0x18, 0x3C, 0x00, 0x08, 0x82, 0x81, 0x73, 0x0B, 0x76,
            0x50, 0x04, 0x4A, 0x92, 0x06, 0x69, 0xB0, 0x0A, 0xAB, 0xC0, 0x07, 0x6D, 0x30, 0x9A, 0x10, 0x00,
            0xA3, 0x09, 0x42, 0x30, 0x9A, 0x30, 0x08, 0x23, 0x06, 0x07, 0x00, 0x82, 0x60, 0xC0, 0xD5, 0x82,
            0x29, 0x70, 0xAF, 0x30, 0x9A, 0x10, 0x08, 0xA3, 0x09, 0xC2, 0x60, 0x42, 0x24, 0x1F, 0x13, 0x22,
            0xF9, 0x98, 0xF0, 0x06, 0xF0, 0x31, 0x41, 0x0E, 0xE0, 0x33, 0x62, 0x60, 0x00, 0x20, 0x08, 0x06,
            0x50, 0x38, 0x98, 0x82, 0x30, 0x62, 0x60, 0x00, 0x20, 0x08, 0x06, 0x90, 0x38, 0x9C, 0x82, 0x30,
            0x9A, 0x90, 0x00, 0xA3, 0x09, 0x4A, 0x60, 0x02, 0x21, 0x1F, 0x13, 0x08, 0xF9, 0x18, 0x62, 0xC4,
            0xC7, 0x10, 0x23, 0x3E, 0x23, 0x06, 0x0E, 0x00, 0x82, 0x60, 0x60, 0x99, 0x03, 0x2D, 0x60, 0x14,
            0x31, 0xF0, 0x01, 0x1F, 0xF8, 0x82, 0x2F, 0x84, 0xC3, 0x68, 0x42, 0x10, 0x8C, 0x26, 0x08, 0x82,
            0x05, 0x42, 0x7C, 0x46, 0x0C, 0x0C, 0x00, 0x04, 0xC1, 0x00, 0x6A, 0x07, 0x72, 0x08, 0xCC, 0x22,
            0xE2, 0x33, 0x62, 0x60, 0x00, 0x20, 0x08, 0x06, 0xD0, 0x3B, 0x98, 0x43, 0x60, 0xC1, 0x00, 0x1F,
            0xCB, 0x8C, 0xF8, 0x8C, 0x18, 0x18, 0x00, 0x08, 0x82, 0x01, 0x24, 0x0F, 0xE9, 0x10, 0xD8, 0x10,
            0xC0, 0x67, 0x38, 0x22, 0x18, 0x05, 0xE1, 0x9B, 0x65, 0x18, 0x88, 0x60, 0x34, 0x81, 0x19, 0x46,
            0x13, 0x1A, 0xC0, 0x28, 0x09, 0x3E, 0x16, 0x54, 0xF0, 0x19, 0x31, 0x70, 0x00, 0x10, 0x04, 0x03,
            0xCB, 0x1E, 0xC8, 0x01, 0x0D, 0xC8, 0x20, 0x98, 0x58, 0x81, 0x15, 0xDC, 0xC1, 0x1D, 0xE2, 0x61,
            0x34, 0x21, 0x00, 0x46, 0x13, 0x84, 0x60, 0x34, 0x61, 0x10, 0x46, 0x13, 0x88, 0xC1, 0x30, 0x2D,
            0x3E, 0x23, 0x06, 0x0E, 0x00, 0x82, 0x60, 0x60, 0xF1, 0x83, 0x3A, 0xB8, 0x81, 0x1A, 0x20, 0x81,
            0x2C, 0xC8, 0x02, 0x3D, 0xD0, 0xC3, 0x3D, 0x8C, 0x26, 0x04, 0xC2, 0x68, 0x82, 0x30, 0x98, 0xC7,
            0xC1, 0x67, 0xC4, 0xC0, 0x01, 0x40, 0x10, 0x0C, 0x2C, 0x90, 0x70, 0x07, 0x39, 0x70, 0x03, 0x26,
            0xB0, 0x05, 0x5B, 0xC0, 0x07, 0x7C, 0xD8, 0x87, 0xD1, 0x84, 0x00, 0x18, 0x4D, 0x10, 0x02, 0xE3,
            0x36, 0xF8, 0x58, 0xD0, 0xC0, 0xC7, 0x82, 0x05, 0x3E, 0x16, 0xDC, 0x82, 0x7C, 0x8C, 0x0A, 0xE2,
            0x63, 0x61, 0x20, 0xC4, 0xC7, 0xC2, 0x60, 0x88, 0x8F, 0x61, 0x44, 0x7C, 0x8C, 0x2A, 0xE2, 0x63,
            0x94, 0x11, 0x1F, 0xA3, 0x8E, 0xF8, 0x18, 0x85, 0xC4, 0xC7, 0xA2, 0x24, 0x3E, 0x36, 0x29, 0xF1,
            0xB1, 0x67, 0x89, 0x8F, 0x45, 0x4C, 0x7C, 0x46, 0x0C, 0x0C, 0x00, 0x04, 0xC1, 0x00, 0xB2, 0x89,
            0x96, 0x60, 0x46, 0x0C, 0x0C, 0x00, 0x04, 0xC1, 0x00, 0xBA, 0x09, 0x97, 0x60, 0x46, 0x0C, 0x0C,
            0x00, 0x04, 0xC1, 0x00, 0xC2, 0x89, 0x97, 0x60, 0x46, 0x0C, 0x0C, 0x00, 0x04, 0xC1, 0x00, 0xCA,
            0x09, 0x98, 0x60, 0x46, 0x0C, 0x0C, 0x00, 0x04, 0xC1, 0x00, 0xD2, 0x89, 0x98, 0x60, 0x46, 0x0C,
            0x0C, 0x00, 0x04, 0xC1, 0x00, 0xDA, 0x09, 0x99, 0x60, 0x46, 0x0C, 0x0C, 0x00, 0x04, 0xC1, 0x00,
            0xE2, 0x89, 0x99, 0x60, 0x46, 0x0C, 0x0C, 0x00, 0x04, 0xC1, 0x00, 0xEA, 0x09, 0x9A, 0x60, 0x46,
            0x0C, 0x0C, 0x00, 0x04, 0xC1, 0x00, 0xF2, 0x89, 0x9A, 0x60, 0x46, 0x0C, 0x0C, 0x00, 0x04, 0xC1,
            0x00, 0xFA, 0x09, 0x9B, 0x60, 0x46, 0x0C, 0x0C, 0x00, 0x04, 0xC1, 0x00, 0x02, 0x8B, 0x9B, 0x60,
            0x46, 0x0C, 0x0C, 0x00, 0x04, 0xC1, 0x00, 0x0A, 0x0B, 0x9C, 0x60, 0x6C, 0x61, 0xE0, 0x63, 0xC1,
            0x02, 0x1F, 0x0B, 0x16, 0xF8, 0x58, 0xB0, 0xC0, 0xC7, 0x82, 0x05, 0x3E, 0x16, 0x2C, 0xF0, 0xB1,
            0x60, 0x81, 0x8F, 0x05, 0x0B, 0x7C, 0x2C, 0x58, 0xE0, 0x63, 0xC1, 0x02, 0x1F, 0x0B, 0x16, 0xF8,
            0x98, 0x3E, 0x04, 0xF4, 0xB1, 0x20, 0x90, 0x8F, 0xD5, 0x01, 0x29, 0xC4, 0xC7, 0xE6, 0xC0, 0x14,
            0xE2, 0x63, 0x42, 0x00, 0x1F, 0x1B, 0x84, 0xF8, 0x98, 0x20, 0xC8, 0xC7, 0x02, 0x90, 0x80, 0x8F,
            0x0D, 0x83, 0x7C, 0x4C, 0x08, 0xE0, 0x33, 0x62, 0x60, 0x00, 0x20, 0x08, 0x06, 0xD0, 0x5D, 0xD8,
            0x44, 0x60, 0xC1, 0x21, 0x1F, 0x13, 0x0E, 0xF9, 0x98, 0x2C, 0xC8, 0x04, 0x7C, 0x8C, 0x16, 0x62,
            0x02, 0x3E, 0x46, 0x0B, 0x2D, 0x01, 0x1F, 0xB3, 0x85, 0x9A, 0x80, 0x8F, 0xD9, 0x02, 0x4D, 0xC0,
            0xC7, 0x70, 0x01, 0x26, 0xE0, 0x63, 0x47, 0x2E, 0xC8, 0xC7, 0x92, 0x43, 0x3E, 0x26, 0x04, 0xF0,
            0x31, 0x5E, 0xE0, 0x05, 0xF9, 0x98, 0xA2, 0xC8, 0xC7, 0x02, 0x01, 0x3E, 0x46, 0x10, 0xF2, 0xB1,
            0x3A, 0xA8, 0x03, 0xF9, 0x58, 0xA0, 0xC9, 0x67, 0xC4, 0xE0, 0x00, 0x40, 0x10, 0x0C, 0x24, 0xD4,
            0xC0, 0x8B, 0x00, 0x2C, 0x46, 0x0C, 0x0E, 0x00, 0x04, 0xC1, 0x40, 0x4A, 0x0D, 0xBC, 0x08, 0xC4,
            0xC2, 0x02, 0xB0, 0x90, 0x8F, 0x05, 0x62, 0x01, 0x1F, 0x3B, 0x02, 0xF9, 0x58, 0x12, 0xC0, 0xC7,
            0x82, 0xB1, 0x80, 0x8F, 0x05, 0x82, 0x7C, 0x2C, 0x10, 0xE2, 0x63, 0xC3, 0x20, 0x1F, 0x0B, 0x04,
            0xF9, 0x58, 0x20, 0x0A, 0xF2, 0x31, 0x4E, 0x93, 0x8F, 0x05, 0x15, 0x7C, 0x8C, 0xE3, 0xE4, 0x63,
            0x01, 0x05, 0x1F, 0x1B, 0x06, 0xF9, 0xD8, 0x29, 0x9C, 0x82, 0x7C, 0x2C, 0x68, 0x03, 0xF9, 0x8C,
            0x18, 0x1C, 0x00, 0x08, 0x82, 0x81, 0xB4, 0x1B, 0xAB, 0x11, 0xCC, 0xC5, 0x88, 0xC1, 0x01, 0x80,
            0x20, 0x18, 0x48, 0xBC, 0xB1, 0x1A, 0x41, 0x5D, 0x58, 0x30, 0x17, 0xF2, 0xB1, 0xA0, 0x2E, 0xE0,
            0x63, 0x47, 0x20, 0x1F, 0x4B, 0x02, 0xF8, 0x58, 0x60, 0x17, 0xF0, 0xB1, 0x40, 0x90, 0x8F, 0x05,
            0x42, 0x7C, 0x6C, 0x18, 0xE4, 0x63, 0x81, 0x20, 0x1F, 0x0B, 0x68, 0x41, 0x3E, 0x26, 0x54, 0xF0,
            0x31, 0xA1, 0x82, 0x8F, 0xC9, 0x81, 0x1B, 0xC8, 0xC7, 0xAC, 0x00, 0x3E, 0x06, 0x07, 0x70, 0x20,
            0x1F, 0xB3, 0x02, 0xF8, 0xD8, 0x30, 0xC8, 0xC7, 0x76, 0x61, 0x17, 0xE4, 0x63, 0x81, 0x28, 0xC8,
            0x67, 0xC4, 0xE0, 0x00, 0x40, 0x10, 0x0C, 0x24, 0xF8, 0x00, 0x8F, 0x00, 0x35, 0x46, 0x0C, 0x0E,
            0x00, 0x04, 0xC1, 0x40, 0x8A, 0x0F, 0xF0, 0x08, 0x54, 0xC3, 0x02, 0xD4, 0x90, 0x8F, 0x05, 0xAA,
            0x01, 0x1F, 0x3B, 0x02, 0xF9, 0x58, 0x12, 0xC0, 0xC7, 0x82, 0xD5, 0x80, 0x8F, 0x05, 0x82, 0x7C,
            0x2C, 0x10, 0xE2, 0x63, 0xC3, 0x20, 0x1F, 0x0B, 0x04, 0xF9, 0x58, 0x80, 0x0E, 0xF2, 0xB1, 0x4A,
            0x80, 0x8F, 0x55, 0x02, 0x7C, 0xEC, 0x0F, 0x2A, 0xF8, 0x18, 0xD5, 0x07, 0xF0, 0x31, 0x41, 0x90,
            0x8F, 0xB5, 0x43, 0x3B, 0xC8, 0xC7, 0x82, 0x5A, 0x90, 0xCF, 0x88, 0xC1, 0x01, 0x80, 0x20, 0x18,
            0x48, 0x23, 0x32, 0x1F, 0xC1, 0x6E, 0x8C, 0x18, 0x1C, 0x00, 0x08, 0x82, 0x81, 0x44, 0x22, 0xF3,
            0x11, 0xF4, 0x86, 0x05, 0xBB, 0x21, 0x1F, 0x0B, 0x7A, 0x03, 0x3E, 0x76, 0x04, 0xF2, 0xB1, 0x24,
            0x80, 0x8F, 0x05, 0xBE, 0x01, 0x1F, 0x0B, 0x04, 0xF9, 0x58, 0x20, 0xC4, 0xC7, 0x86, 0x41, 0x3E,
            0x16, 0x08, 0xF2, 0xB1, 0x40, 0x1F, 0xE4, 0x63, 0x93, 0x00, 0x1F, 0x9B, 0x04, 0xF8, 0x58, 0x2E,
            0xD4, 0x82, 0x7C, 0x6C, 0x17, 0x6A, 0x41, 0x3E, 0x26, 0x04, 0xF0, 0x31, 0x5C, 0xC0, 0x05, 0xF9,
            0x18, 0x2E, 0xE0, 0x82, 0x7C, 0x4C, 0x08, 0xE0, 0x63, 0x04, 0x21, 0x1F, 0x7B, 0x89, 0x97, 0x90,
            0x8F, 0x05, 0xEC, 0x20, 0x9F, 0x11, 0x83, 0x03, 0x00, 0x41, 0x30, 0x90, 0x74, 0x44, 0x45, 0x02,
            0xF9, 0x18, 0x31, 0x38, 0x00, 0x10, 0x04, 0x03, 0x69, 0x47, 0x54, 0x24, 0xA0, 0x0F, 0x0B, 0xE4,
            0x43, 0x3E, 0x16, 0xD0, 0x07, 0x7C, 0xEC, 0x08, 0xE4, 0x63, 0x49, 0x00, 0x1F, 0x0B, 0xEA, 0x03,
            0x3E, 0x16, 0x08, 0xF2, 0xB1, 0x40, 0x88, 0x8F, 0x0D, 0x83, 0x7C, 0x2C, 0x10, 0xE4, 0x63, 0x01,
            0x4F, 0xC8, 0xC7, 0x2E, 0x01, 0x3E, 0x76, 0x09, 0xF0, 0xB1, 0x74, 0xB0, 0xE0, 0x63, 0xD4, 0x39,
            0xC0, 0xC7, 0x04, 0x41, 0x3E, 0x16, 0x16, 0x61, 0x21, 0x1F, 0x0B, 0xFE, 0x41, 0x3E, 0x23, 0x06,
            0x07, 0x00, 0x82, 0x60, 0x20, 0xB5, 0x49, 0x8F, 0x04, 0x25, 0x32, 0x62, 0x70, 0x00, 0x20, 0x08,
            0x06, 0x92, 0x9B, 0xF4, 0x48, 0x70, 0x22, 0x16, 0x94, 0x88, 0x7C, 0x2C, 0x38, 0x11, 0xF8, 0xD8,
            0x11, 0xC8, 0xC7, 0x92, 0x00, 0x3E, 0x16, 0xA0, 0x08, 0x7C, 0x2C, 0x10, 0xE4, 0x63, 0x81, 0x10,
            0x1F, 0x1B, 0x06, 0xF9, 0x58, 0x20, 0xC8, 0xC7, 0x02, 0xB7, 0x90, 0x8F, 0x4D, 0x02, 0x7C, 0x6C,
            0x12, 0xE0, 0x63, 0x24, 0x41, 0x1B, 0xF2, 0xB1, 0x7E, 0x08, 0xE0, 0x63, 0xB6, 0x61, 0x1B, 0xF2,
            0x31, 0x7E, 0x08, 0xE0, 0x63, 0xC3, 0x20, 0x1F, 0xAB, 0x8B, 0xBA, 0x90, 0x8F, 0x05, 0x34, 0x21,
            0x9F, 0x11, 0x83, 0x03, 0x00, 0x41, 0x30, 0x90, 0x44, 0x45, 0x4E, 0x02, 0x1D, 0x19, 0x31, 0x38,
            0x00, 0x10, 0x04, 0x03, 0x69, 0x54, 0xE4, 0x24, 0xE0, 0x11, 0x0B, 0x74, 0x44, 0x3E, 0x16, 0xF0,
            0x08, 0x7C, 0xEC, 0x08, 0xE4, 0x63, 0x49, 0x00, 0x1F, 0x0B, 0x7A, 0x04, 0x3E, 0x16, 0x08, 0xF2,
            0xB1, 0x40, 0x88, 0x8F, 0x0D, 0x83, 0x7C, 0x2C, 0x10, 0xE4, 0x63, 0x81, 0x68, 0xC8, 0xC7, 0x2A,
            0x01, 0x3E, 0x56, 0x09, 0xF0, 0xB1, 0x3F, 0xA8, 0xE0, 0x63, 0x7D, 0x40, 0xC1, 0xC7, 0x04, 0x41,
            0x3E, 0x76, 0x1A, 0xA7, 0x21, 0x1F, 0x0B, 0xCE, 0x42, 0x3E, 0x23, 0x06, 0x07, 0x00, 0x82, 0x60,
            0x20, 0xD5, 0x4A, 0xA9, 0x04, 0x6D, 0x32, 0x62, 0x70, 0x00, 0x20, 0x08, 0x06, 0x92, 0xAD, 0x94,
            0x4A, 0xF0, 0x26, 0x16, 0xB4, 0x89, 0x7C, 0x2C, 0x78, 0x13, 0xF8, 0xD8, 0x11, 0xC8, 0xC7, 0x92,
            0x00, 0x3E, 0x16, 0xC0, 0x09, 0x7C, 0x2C, 0x10, 0xE4, 0x63, 0x81, 0x10, 0x1F, 0x1B, 0x06, 0xF9,
            0x58, 0x20, 0xC8, 0xC7, 0x02, 0xDA, 0x90, 0x8F, 0x4D, 0x02, 0x7C, 0x6C, 0x12, 0xE0, 0x63, 0x2F,
            0x11, 0x0B, 0xF0, 0x31, 0x97, 0x78, 0x05, 0xF8, 0x98, 0x20, 0xC8, 0xC7, 0x72, 0x23, 0x37, 0xE4,
            0x63, 0x81, 0x5E, 0xC8, 0x67, 0xC4, 0xE0, 0x00, 0x40, 0x10, 0x0C, 0x24, 0x74, 0xC1, 0x95, 0x00,
            0x54, 0x46, 0x0C, 0x0E, 0x00, 0x04, 0xC1, 0x40, 0x4A, 0x17, 0x5C, 0x09, 0x44, 0xC5, 0x02, 0x50,
            0x91, 0x8F, 0x05, 0xA2, 0x02, 0x1F, 0x3B, 0x02, 0xF9, 0x58, 0x12, 0xC0, 0xC7, 0x82, 0x51, 0x81,
            0x8F, 0x05, 0x82, 0x7C, 0x2C, 0x10, 0xE2, 0x63, 0xC3, 0x20, 0x1F, 0x0B, 0x04, 0xF9, 0x58, 0x60,
            0x1E, 0xF2, 0xB1, 0x49, 0x80, 0x8F, 0x4D, 0x02, 0x7C, 0xCC, 0x2F, 0xF0, 0x42, 0x3E, 0x16, 0x94,
            0x03, 0x7C, 0x4C, 0x2F, 0xF4, 0x42, 0x3E, 0x16, 0x90, 0x03, 0x7C, 0x6C, 0x18, 0xE4, 0x63, 0xED,
            0xD1, 0x1E, 0xF2, 0xB1, 0xE0, 0x35, 0xE4, 0x33, 0x62, 0x70, 0x00, 0x20, 0x08, 0x06, 0x52, 0xBF,
            0xB4, 0x4B, 0x50, 0x2B, 0x23, 0x06, 0x07, 0x00, 0x82, 0x60, 0x20, 0xF9, 0x4B, 0xBB, 0x04, 0xB7,
            0x62, 0x41, 0xAD, 0xC8, 0xC7, 0x82, 0x5B, 0x81, 0x8F, 0x1D, 0x81, 0x7C, 0x2C, 0x09, 0xE0, 0x63,
            0x01, 0xAE, 0xC0, 0xC7, 0x02, 0x41, 0x3E, 0x16, 0x08, 0xF1, 0xB1, 0x61, 0x90, 0x8F, 0x05, 0x82,
            0x7C, 0x2C, 0xD0, 0x0F, 0xF9, 0x58, 0x25, 0xC0, 0xC7, 0x2A, 0x01, 0x3E, 0x56, 0xC1, 0x02, 0x7C,
            0x8C, 0x7A, 0x05, 0xF8, 0x98, 0x20, 0xC8, 0xC7, 0xFE, 0xE3, 0x3F, 0xE4, 0x63, 0x81, 0x78, 0xC8,
            0x67, 0xC4, 0xE0, 0x00, 0x40, 0x10, 0x0C, 0x24, 0x98, 0x01, 0x99, 0x00, 0x5D, 0x46, 0x0C, 0x0E,
            0x00, 0x04, 0xC1, 0x40, 0x8A, 0x19, 0x90, 0x09, 0xD4, 0xC5, 0x02, 0x74, 0x91, 0x8F, 0x05, 0xEA,
            0x02, 0x1F, 0x3B, 0x02, 0xF9, 0x58, 0x12, 0xC0, 0xC7, 0x82, 0x75, 0x81, 0x8F, 0x05, 0x82, 0x7C,
            0x2C, 0x10, 0xE2, 0x63, 0xC3, 0x20, 0x1F, 0x0B, 0x04, 0xF9, 0x58, 0xC0, 0x22, 0xF2, 0xB1, 0x49,
            0x80, 0x8F, 0x4D, 0x02, 0x7C, 0x4C, 0x35, 0xC6, 0x01, 0x3E, 0x96, 0x1A, 0xE2, 0x00, 0x1F, 0x13,
            0x04, 0xF9, 0x58, 0x8C, 0xC4, 0x88, 0x7C, 0x2C, 0xA8, 0x0F, 0xF9, 0x8C, 0x18, 0x1C, 0x00, 0x08,
            0x82, 0x81, 0x34, 0x36, 0x33, 0x13, 0xEC, 0xCB, 0x88, 0xC1, 0x01, 0x80, 0x20, 0x18, 0x48, 0x64,
            0x33, 0x33, 0x41, 0xBF, 0x58, 0xB0, 0x2F, 0xF2, 0xB1, 0xA0, 0x5F, 0xE0, 0x63, 0x47, 0x20, 0x1F,
            0x4B, 0x02, 0xF8, 0x58, 0xE0, 0x2F, 0xF0, 0xB1, 0x40, 0x90, 0x8F, 0x05, 0x42, 0x7C, 0x6C, 0x18,
            0xE4, 0x63, 0x81, 0x20, 0x1F, 0x0B, 0x7C, 0x44, 0x3E, 0x36, 0x09, 0xF0, 0xB1, 0x49, 0x80, 0xCF,
            0x88, 0xC1, 0x01, 0x80, 0x20, 0x18, 0x48, 0x71, 0x13, 0x36, 0x64, 0x12, 0x26, 0x23, 0x06, 0x07,
            0x00, 0x82, 0x60, 0x20, 0xC9, 0x8D, 0xD8, 0xA0, 0xC9, 0x99, 0x8C, 0x18, 0x1C, 0x00, 0x08, 0x82,
            0x81, 0x34, 0x37, 0x63, 0x13, 0x08, 0x23, 0x06, 0x07, 0x00, 0x82, 0x60, 0x20, 0xD1, 0xCD, 0xD8,
            0x9C, 0x09, 0x99, 0x8C, 0x18, 0x1C, 0x00, 0x08, 0x82, 0x81, 0x54, 0x37, 0x64, 0xB3, 0x26, 0x6A,
            0x32, 0x62, 0x70, 0x00, 0x20, 0x08, 0x06, 0x92, 0xDD, 0x94, 0x4D, 0x20, 0xD8, 0x81, 0xD0, 0xC7,
            0x02, 0x92, 0x91, 0xCF, 0x88, 0xC1, 0x01, 0x80, 0x20, 0x18, 0x48, 0x79, 0x93, 0x36, 0xC1, 0x30,
            0x62, 0x70, 0x00, 0x20, 0x08, 0x06, 0x92, 0xDE, 0xA4, 0x4D, 0x70, 0xD8, 0x9C, 0x90, 0x4B, 0x7C,
            0x2C, 0x10, 0xE0, 0x33, 0x62, 0x70, 0x00, 0x20, 0x08, 0x06, 0x52, 0xDF, 0xB4, 0x4D, 0x80, 0x32,
            0x23, 0x06, 0x07, 0x00, 0x82, 0x60, 0x20, 0xF9, 0x4D, 0xDB, 0x04, 0x28, 0x63, 0x41, 0xBA, 0xC0,
            0x67, 0xC4, 0xE0, 0x00, 0x40, 0x10, 0x0C, 0x24, 0xD0, 0x81, 0x9B, 0x00, 0x67, 0x46, 0x0C, 0x0E,
            0x00, 0x04, 0xC1, 0x40, 0x0A, 0x1D, 0xB8, 0x09, 0x74, 0xC6, 0x88, 0x75, 0x81, 0xCF, 0x88, 0xC1,
            0x01, 0x80, 0x20, 0x18, 0x48, 0xA3, 0x33, 0x37, 0xC1, 0xCE, 0x8C, 0x18, 0x1C, 0x00, 0x08, 0x82,
            0x81, 0x44, 0x3A, 0x73, 0x13, 0xF4, 0x8C, 0x1D, 0xED, 0x02, 0x9F, 0x11, 0x83, 0x03, 0x00, 0x41,
            0x30, 0x90, 0x4C, 0xC7, 0x6E, 0x02, 0x9F, 0x19, 0x31, 0x38, 0x00, 0x10, 0x04, 0x03, 0xE9, 0x74,
            0xEC, 0x26, 0x00, 0x9B, 0x59, 0x02, 0x62, 0xA0, 0x82, 0x71, 0x06, 0xF2, 0x12, 0x06, 0x2A, 0x18,
            0x65, 0x20, 0x2F, 0x61, 0xA0, 0x82, 0x31, 0x06, 0xF2, 0x12, 0x46, 0x13, 0xFC, 0x45, 0x18, 0x31,
            0x40, 0x00, 0x10, 0x04, 0x03, 0xE5, 0x75, 0xEE, 0x26, 0x38, 0x9B, 0xB3, 0x19, 0x31, 0x38, 0x00,
            0x10, 0x04, 0x83, 0x0F, 0x75, 0xF6, 0x26, 0x98, 0x99, 0x11, 0x03, 0x07, 0x00, 0x41, 0x30, 0xA0,
            0x5A, 0x87, 0x6D, 0x02, 0x98, 0x79, 0x99, 0xBA, 0x31, 0x0A, 0xE2, 0x6C, 0xD4, 0x66, 0x96, 0xA0,
            0x40, 0x00, 0x00, 0x00, 0x00, 0x00, 0x00, 0x00
        ],
        ThreadGroupSize = new()
        {
            X = 8,
            Y = 8,
            Z = 1
        }
    };
    #endregion

    #region Metal
    private static readonly ShaderDesc MetalMain = new()
    {
        Name = "Main",
        CodeBytes = [],
        ThreadGroupSize = new()
        {
            X = 0,
            Y = 0,
            Z = 0
        }
    };
    #endregion

    #region Vulkan
    private static readonly ShaderDesc VulkanMain = new()
    {
        Name = "Main",
        CodeBytes =
        [
            0x03, 0x02, 0x23, 0x07, 0x00, 0x06, 0x01, 0x00, 0x00, 0x00, 0x28, 0x00, 0x74, 0x03, 0x00, 0x00,
            0x00, 0x00, 0x00, 0x00, 0x11, 0x00, 0x02, 0x00, 0x79, 0x11, 0x00, 0x00, 0x11, 0x00, 0x02, 0x00,
            0x08, 0x14, 0x00, 0x00, 0x11, 0x00, 0x02, 0x00, 0x37, 0x00, 0x00, 0x00, 0x11, 0x00, 0x02, 0x00,
            0x38, 0x00, 0x00, 0x00, 0x11, 0x00, 0x02, 0x00, 0x01, 0x00, 0x00, 0x00, 0x0A, 0x00, 0x08, 0x00,
            0x53, 0x50, 0x56, 0x5F, 0x4B, 0x48, 0x52, 0x5F, 0x75, 0x6E, 0x74, 0x79, 0x70, 0x65, 0x64, 0x5F,
            0x70, 0x6F, 0x69, 0x6E, 0x74, 0x65, 0x72, 0x73, 0x00, 0x00, 0x00, 0x00, 0x0A, 0x00, 0x07, 0x00,
            0x53, 0x50, 0x56, 0x5F, 0x45, 0x58, 0x54, 0x5F, 0x64, 0x65, 0x73, 0x63, 0x72, 0x69, 0x70, 0x74,
            0x6F, 0x72, 0x5F, 0x68, 0x65, 0x61, 0x70, 0x00, 0x0B, 0x00, 0x06, 0x00, 0x72, 0x00, 0x00, 0x00,
            0x47, 0x4C, 0x53, 0x4C, 0x2E, 0x73, 0x74, 0x64, 0x2E, 0x34, 0x35, 0x30, 0x00, 0x00, 0x00, 0x00,
            0x0E, 0x00, 0x03, 0x00, 0x00, 0x00, 0x00, 0x00, 0x01, 0x00, 0x00, 0x00, 0x0F, 0x00, 0x09, 0x00,
            0x05, 0x00, 0x00, 0x00, 0x02, 0x00, 0x00, 0x00, 0x4D, 0x61, 0x69, 0x6E, 0x00, 0x00, 0x00, 0x00,
            0x4D, 0x00, 0x00, 0x00, 0x57, 0x00, 0x00, 0x00, 0x22, 0x00, 0x00, 0x00, 0x1B, 0x00, 0x00, 0x00,
            0x10, 0x00, 0x06, 0x00, 0x02, 0x00, 0x00, 0x00, 0x11, 0x00, 0x00, 0x00, 0x08, 0x00, 0x00, 0x00,
            0x08, 0x00, 0x00, 0x00, 0x01, 0x00, 0x00, 0x00, 0x03, 0x00, 0x03, 0x00, 0x0B, 0x00, 0x00, 0x00,
            0x01, 0x00, 0x00, 0x00, 0x05, 0x00, 0x04, 0x00, 0x0B, 0x00, 0x00, 0x00, 0x63, 0x6F, 0x6C, 0x6F,
            0x72, 0x00, 0x00, 0x00, 0x05, 0x00, 0x04, 0x00, 0x0B, 0x00, 0x00, 0x00, 0x63, 0x6F, 0x6C, 0x6F,
            0x72, 0x00, 0x00, 0x00, 0x05, 0x00, 0x04, 0x00, 0x0E, 0x00, 0x00, 0x00, 0x63, 0x6F, 0x6F, 0x72,
            0x64, 0x00, 0x00, 0x00, 0x05, 0x00, 0x04, 0x00, 0x0E, 0x00, 0x00, 0x00, 0x63, 0x6F, 0x6F, 0x72,
            0x64, 0x00, 0x00, 0x00, 0x05, 0x00, 0x04, 0x00, 0x0F, 0x00, 0x00, 0x00, 0x75, 0x70, 0x44, 0x6F,
            0x77, 0x6E, 0x00, 0x00, 0x05, 0x00, 0x04, 0x00, 0x0F, 0x00, 0x00, 0x00, 0x75, 0x70, 0x44, 0x6F,
            0x77, 0x6E, 0x00, 0x00, 0x05, 0x00, 0x04, 0x00, 0x1D, 0x00, 0x00, 0x00, 0x70, 0x69, 0x78, 0x65,
            0x6C, 0x00, 0x00, 0x00, 0x05, 0x00, 0x07, 0x00, 0x1F, 0x00, 0x00, 0x00, 0x43, 0x6F, 0x6E, 0x73,
            0x74, 0x61, 0x6E, 0x74, 0x73, 0x5F, 0x73, 0x74, 0x64, 0x31, 0x34, 0x30, 0x00, 0x00, 0x00, 0x00,
            0x06, 0x00, 0x07, 0x00, 0x1F, 0x00, 0x00, 0x00, 0x00, 0x00, 0x00, 0x00, 0x56, 0x69, 0x65, 0x77,
            0x70, 0x6F, 0x72, 0x74, 0x49, 0x6E, 0x66, 0x6F, 0x00, 0x00, 0x00, 0x00, 0x06, 0x00, 0x06, 0x00,
            0x1F, 0x00, 0x00, 0x00, 0x01, 0x00, 0x00, 0x00, 0x44, 0x69, 0x6D, 0x65, 0x6E, 0x73, 0x69, 0x6F,
            0x6E, 0x73, 0x00, 0x00, 0x06, 0x00, 0x05, 0x00, 0x1F, 0x00, 0x00, 0x00, 0x02, 0x00, 0x00, 0x00,
            0x49, 0x6E, 0x70, 0x75, 0x74, 0x00, 0x00, 0x00, 0x06, 0x00, 0x05, 0x00, 0x1F, 0x00, 0x00, 0x00,
            0x03, 0x00, 0x00, 0x00, 0x4F, 0x75, 0x74, 0x70, 0x75, 0x74, 0x00, 0x00, 0x06, 0x00, 0x05, 0x00,
            0x1F, 0x00, 0x00, 0x00, 0x04, 0x00, 0x00, 0x00, 0x53, 0x61, 0x6D, 0x70, 0x6C, 0x65, 0x72, 0x00,
            0x06, 0x00, 0x04, 0x00, 0x1F, 0x00, 0x00, 0x00, 0x05, 0x00, 0x00, 0x00, 0x50, 0x61, 0x64, 0x00,
            0x05, 0x00, 0x05, 0x00, 0x22, 0x00, 0x00, 0x00, 0x63, 0x6F, 0x6E, 0x73, 0x74, 0x61, 0x6E, 0x74,
            0x73, 0x00, 0x00, 0x00, 0x05, 0x00, 0x05, 0x00, 0x42, 0x00, 0x00, 0x00, 0x74, 0x65, 0x78, 0x43,
            0x6F, 0x6F, 0x72, 0x64, 0x00, 0x00, 0x00, 0x00, 0x05, 0x00, 0x07, 0x00, 0x4D, 0x00, 0x00, 0x00,
            0x73, 0x6C, 0x61, 0x6E, 0x67, 0x5F, 0x72, 0x65, 0x73, 0x6F, 0x75, 0x72, 0x63, 0x65, 0x48, 0x65,
            0x61, 0x70, 0x00, 0x00, 0x05, 0x00, 0x07, 0x00, 0x57, 0x00, 0x00, 0x00, 0x73, 0x6C, 0x61, 0x6E,
            0x67, 0x5F, 0x73, 0x61, 0x6D, 0x70, 0x6C, 0x65, 0x72, 0x48, 0x65, 0x61, 0x70, 0x00, 0x00, 0x00,
            0x05, 0x00, 0x05, 0x00, 0x5B, 0x00, 0x00, 0x00, 0x5F, 0x5F, 0x73, 0x61, 0x6D, 0x70, 0x6C, 0x65,
            0x64, 0x00, 0x00, 0x00, 0x05, 0x00, 0x05, 0x00, 0x6E, 0x00, 0x00, 0x00, 0x69, 0x6D, 0x67, 0x43,
            0x6F, 0x6F, 0x72, 0x64, 0x00, 0x00, 0x00, 0x00, 0x05, 0x00, 0x03, 0x00, 0x78, 0x00, 0x00, 0x00,
            0x70, 0x6C, 0x00, 0x00, 0x05, 0x00, 0x05, 0x00, 0x97, 0x00, 0x00, 0x00, 0x65, 0x64, 0x67, 0x65,
            0x56, 0x6F, 0x74, 0x65, 0x00, 0x00, 0x00, 0x00, 0x05, 0x00, 0x04, 0x00, 0xC6, 0x00, 0x00, 0x00,
            0x6D, 0x65, 0x61, 0x6E, 0x00, 0x00, 0x00, 0x00, 0x05, 0x00, 0x04, 0x00, 0xC9, 0x00, 0x00, 0x00,
            0x6C, 0x65, 0x66, 0x74, 0x00, 0x00, 0x00, 0x00, 0x05, 0x00, 0x04, 0x00, 0xCA, 0x00, 0x00, 0x00,
            0x72, 0x69, 0x67, 0x68, 0x74, 0x00, 0x00, 0x00, 0x05, 0x00, 0x03, 0x00, 0xF4, 0x00, 0x00, 0x00,
            0x73, 0x75, 0x6D, 0x00, 0x05, 0x00, 0x03, 0x00, 0xF7, 0x00, 0x00, 0x00, 0x73, 0x74, 0x64, 0x00,
            0x05, 0x00, 0x03, 0x00, 0x5B, 0x01, 0x00, 0x00, 0x61, 0x57, 0x59, 0x00, 0x05, 0x00, 0x03, 0x00,
            0x5F, 0x01, 0x00, 0x00, 0x61, 0x57, 0x59, 0x00, 0x05, 0x00, 0x03, 0x00, 0x61, 0x01, 0x00, 0x00,
            0x61, 0x57, 0x59, 0x00, 0x05, 0x00, 0x03, 0x00, 0x65, 0x01, 0x00, 0x00, 0x61, 0x57, 0x59, 0x00,
            0x05, 0x00, 0x03, 0x00, 0x67, 0x01, 0x00, 0x00, 0x61, 0x57, 0x59, 0x00, 0x05, 0x00, 0x03, 0x00,
            0x69, 0x01, 0x00, 0x00, 0x61, 0x57, 0x59, 0x00, 0x05, 0x00, 0x03, 0x00, 0x6B, 0x01, 0x00, 0x00,
            0x61, 0x57, 0x59, 0x00, 0x05, 0x00, 0x03, 0x00, 0x6D, 0x01, 0x00, 0x00, 0x61, 0x57, 0x59, 0x00,
            0x05, 0x00, 0x03, 0x00, 0x70, 0x01, 0x00, 0x00, 0x61, 0x57, 0x59, 0x00, 0x05, 0x00, 0x03, 0x00,
            0x72, 0x01, 0x00, 0x00, 0x61, 0x57, 0x59, 0x00, 0x05, 0x00, 0x03, 0x00, 0x74, 0x01, 0x00, 0x00,
            0x61, 0x57, 0x59, 0x00, 0x05, 0x00, 0x04, 0x00, 0x77, 0x01, 0x00, 0x00, 0x66, 0x69, 0x6E, 0x61,
            0x6C, 0x59, 0x00, 0x00, 0x05, 0x00, 0x04, 0x00, 0x82, 0x01, 0x00, 0x00, 0x64, 0x65, 0x6C, 0x74,
            0x61, 0x59, 0x00, 0x00, 0x05, 0x00, 0x04, 0x00, 0x02, 0x00, 0x00, 0x00, 0x4D, 0x61, 0x69, 0x6E,
            0x00, 0x00, 0x00, 0x00, 0x47, 0x00, 0x04, 0x00, 0x1B, 0x00, 0x00, 0x00, 0x0B, 0x00, 0x00, 0x00,
            0x1C, 0x00, 0x00, 0x00, 0x47, 0x00, 0x03, 0x00, 0x1F, 0x00, 0x00, 0x00, 0x02, 0x00, 0x00, 0x00,
            0x48, 0x00, 0x05, 0x00, 0x1F, 0x00, 0x00, 0x00, 0x00, 0x00, 0x00, 0x00, 0x23, 0x00, 0x00, 0x00,
            0x00, 0x00, 0x00, 0x00, 0x48, 0x00, 0x05, 0x00, 0x1F, 0x00, 0x00, 0x00, 0x01, 0x00, 0x00, 0x00,
            0x23, 0x00, 0x00, 0x00, 0x10, 0x00, 0x00, 0x00, 0x48, 0x00, 0x05, 0x00, 0x1F, 0x00, 0x00, 0x00,
            0x02, 0x00, 0x00, 0x00, 0x23, 0x00, 0x00, 0x00, 0x20, 0x00, 0x00, 0x00, 0x48, 0x00, 0x05, 0x00,
            0x1F, 0x00, 0x00, 0x00, 0x03, 0x00, 0x00, 0x00, 0x23, 0x00, 0x00, 0x00, 0x28, 0x00, 0x00, 0x00,
            0x48, 0x00, 0x05, 0x00, 0x1F, 0x00, 0x00, 0x00, 0x04, 0x00, 0x00, 0x00, 0x23, 0x00, 0x00, 0x00,
            0x30, 0x00, 0x00, 0x00, 0x48, 0x00, 0x05, 0x00, 0x1F, 0x00, 0x00, 0x00, 0x05, 0x00, 0x00, 0x00,
            0x23, 0x00, 0x00, 0x00, 0x38, 0x00, 0x00, 0x00, 0x47, 0x00, 0x04, 0x00, 0x22, 0x00, 0x00, 0x00,
            0x21, 0x00, 0x00, 0x00, 0x00, 0x00, 0x00, 0x00, 0x47, 0x00, 0x04, 0x00, 0x22, 0x00, 0x00, 0x00,
            0x22, 0x00, 0x00, 0x00, 0x00, 0x00, 0x00, 0x00, 0x4C, 0x01, 0x04, 0x00, 0x4A, 0x00, 0x00, 0x00,
            0x04, 0x14, 0x00, 0x00, 0x49, 0x00, 0x00, 0x00, 0x47, 0x00, 0x04, 0x00, 0x4D, 0x00, 0x00, 0x00,
            0x0B, 0x00, 0x00, 0x00, 0x03, 0x14, 0x00, 0x00, 0x4C, 0x01, 0x04, 0x00, 0x55, 0x00, 0x00, 0x00,
            0x04, 0x14, 0x00, 0x00, 0x54, 0x00, 0x00, 0x00, 0x47, 0x00, 0x04, 0x00, 0x57, 0x00, 0x00, 0x00,
            0x0B, 0x00, 0x00, 0x00, 0x02, 0x14, 0x00, 0x00, 0x4C, 0x01, 0x04, 0x00, 0x9F, 0x01, 0x00, 0x00,
            0x04, 0x14, 0x00, 0x00, 0x9E, 0x01, 0x00, 0x00, 0x13, 0x00, 0x02, 0x00, 0x01, 0x00, 0x00, 0x00,
            0x21, 0x00, 0x03, 0x00, 0x03, 0x00, 0x00, 0x00, 0x01, 0x00, 0x00, 0x00, 0x14, 0x00, 0x02, 0x00,
            0x05, 0x00, 0x00, 0x00, 0x20, 0x00, 0x04, 0x00, 0x06, 0x00, 0x00, 0x00, 0x07, 0x00, 0x00, 0x00,
            0x05, 0x00, 0x00, 0x00, 0x16, 0x00, 0x03, 0x00, 0x08, 0x00, 0x00, 0x00, 0x20, 0x00, 0x00, 0x00,
            0x17, 0x00, 0x04, 0x00, 0x09, 0x00, 0x00, 0x00, 0x08, 0x00, 0x00, 0x00, 0x04, 0x00, 0x00, 0x00,
            0x20, 0x00, 0x04, 0x00, 0x0A, 0x00, 0x00, 0x00, 0x07, 0x00, 0x00, 0x00, 0x09, 0x00, 0x00, 0x00,
            0x17, 0x00, 0x04, 0x00, 0x0C, 0x00, 0x00, 0x00, 0x08, 0x00, 0x00, 0x00, 0x02, 0x00, 0x00, 0x00,
            0x20, 0x00, 0x04, 0x00, 0x0D, 0x00, 0x00, 0x00, 0x07, 0x00, 0x00, 0x00, 0x0C, 0x00, 0x00, 0x00,
            0x15, 0x00, 0x04, 0x00, 0x17, 0x00, 0x00, 0x00, 0x20, 0x00, 0x00, 0x00, 0x00, 0x00, 0x00, 0x00,
            0x17, 0x00, 0x04, 0x00, 0x18, 0x00, 0x00, 0x00, 0x17, 0x00, 0x00, 0x00, 0x03, 0x00, 0x00, 0x00,
            0x20, 0x00, 0x04, 0x00, 0x1A, 0x00, 0x00, 0x00, 0x01, 0x00, 0x00, 0x00, 0x18, 0x00, 0x00, 0x00,
            0x17, 0x00, 0x04, 0x00, 0x1C, 0x00, 0x00, 0x00, 0x17, 0x00, 0x00, 0x00, 0x02, 0x00, 0x00, 0x00,
            0x17, 0x00, 0x04, 0x00, 0x20, 0x00, 0x00, 0x00, 0x17, 0x00, 0x00, 0x00, 0x04, 0x00, 0x00, 0x00,
            0x1E, 0x00, 0x08, 0x00, 0x1F, 0x00, 0x00, 0x00, 0x09, 0x00, 0x00, 0x00, 0x20, 0x00, 0x00, 0x00,
            0x1C, 0x00, 0x00, 0x00, 0x1C, 0x00, 0x00, 0x00, 0x1C, 0x00, 0x00, 0x00, 0x1C, 0x00, 0x00, 0x00,
            0x20, 0x00, 0x04, 0x00, 0x21, 0x00, 0x00, 0x00, 0x02, 0x00, 0x00, 0x00, 0x1F, 0x00, 0x00, 0x00,
            0x15, 0x00, 0x04, 0x00, 0x23, 0x00, 0x00, 0x00, 0x20, 0x00, 0x00, 0x00, 0x01, 0x00, 0x00, 0x00,
            0x2B, 0x00, 0x04, 0x00, 0x23, 0x00, 0x00, 0x00, 0x24, 0x00, 0x00, 0x00, 0x01, 0x00, 0x00, 0x00,
            0x20, 0x00, 0x04, 0x00, 0x25, 0x00, 0x00, 0x00, 0x02, 0x00, 0x00, 0x00, 0x20, 0x00, 0x00, 0x00,
            0x29, 0x00, 0x03, 0x00, 0x05, 0x00, 0x00, 0x00, 0x2B, 0x00, 0x00, 0x00, 0x2B, 0x00, 0x04, 0x00,
            0x08, 0x00, 0x00, 0x00, 0x39, 0x00, 0x00, 0x00, 0x00, 0x00, 0x00, 0x3F, 0x2B, 0x00, 0x04, 0x00,
            0x23, 0x00, 0x00, 0x00, 0x43, 0x00, 0x00, 0x00, 0x02, 0x00, 0x00, 0x00, 0x20, 0x00, 0x04, 0x00,
            0x44, 0x00, 0x00, 0x00, 0x02, 0x00, 0x00, 0x00, 0x1C, 0x00, 0x00, 0x00, 0x19, 0x00, 0x09, 0x00,
            0x48, 0x00, 0x00, 0x00, 0x08, 0x00, 0x00, 0x00, 0x01, 0x00, 0x00, 0x00, 0x02, 0x00, 0x00, 0x00,
            0x00, 0x00, 0x00, 0x00, 0x00, 0x00, 0x00, 0x00, 0x01, 0x00, 0x00, 0x00, 0x00, 0x00, 0x00, 0x00,
            0x09, 0x14, 0x04, 0x00, 0x17, 0x00, 0x00, 0x00, 0x49, 0x00, 0x00, 0x00, 0x48, 0x00, 0x00, 0x00,
            0x1D, 0x00, 0x03, 0x00, 0x4A, 0x00, 0x00, 0x00, 0x48, 0x00, 0x00, 0x00, 0x41, 0x11, 0x03, 0x00,
            0x4B, 0x00, 0x00, 0x00, 0x00, 0x00, 0x00, 0x00, 0x2B, 0x00, 0x04, 0x00, 0x23, 0x00, 0x00, 0x00,
            0x4F, 0x00, 0x00, 0x00, 0x04, 0x00, 0x00, 0x00, 0x1A, 0x00, 0x02, 0x00, 0x53, 0x00, 0x00, 0x00,
            0x09, 0x14, 0x04, 0x00, 0x17, 0x00, 0x00, 0x00, 0x54, 0x00, 0x00, 0x00, 0x53, 0x00, 0x00, 0x00,
            0x1D, 0x00, 0x03, 0x00, 0x55, 0x00, 0x00, 0x00, 0x53, 0x00, 0x00, 0x00, 0x1B, 0x00, 0x03, 0x00,
            0x59, 0x00, 0x00, 0x00, 0x48, 0x00, 0x00, 0x00, 0x2B, 0x00, 0x04, 0x00, 0x08, 0x00, 0x00, 0x00,
            0x5C, 0x00, 0x00, 0x00, 0x00, 0x00, 0x00, 0x00, 0x20, 0x00, 0x04, 0x00, 0x60, 0x00, 0x00, 0x00,
            0x07, 0x00, 0x00, 0x00, 0x08, 0x00, 0x00, 0x00, 0x2B, 0x00, 0x04, 0x00, 0x23, 0x00, 0x00, 0x00,
            0x62, 0x00, 0x00, 0x00, 0x00, 0x00, 0x00, 0x00, 0x20, 0x00, 0x04, 0x00, 0x69, 0x00, 0x00, 0x00,
            0x02, 0x00, 0x00, 0x00, 0x09, 0x00, 0x00, 0x00, 0x2B, 0x00, 0x04, 0x00, 0x08, 0x00, 0x00, 0x00,
            0x70, 0x00, 0x00, 0x00, 0x00, 0x00, 0x00, 0xBF, 0x2C, 0x00, 0x05, 0x00, 0x0C, 0x00, 0x00, 0x00,
            0x6F, 0x00, 0x00, 0x00, 0x70, 0x00, 0x00, 0x00, 0x39, 0x00, 0x00, 0x00, 0x2B, 0x00, 0x04, 0x00,
            0x08, 0x00, 0x00, 0x00, 0x99, 0x00, 0x00, 0x00, 0x81, 0x80, 0x00, 0x3D, 0x2B, 0x00, 0x04, 0x00,
            0x23, 0x00, 0x00, 0x00, 0xBE, 0x00, 0x00, 0x00, 0x03, 0x00, 0x00, 0x00, 0x2B, 0x00, 0x04, 0x00,
            0x08, 0x00, 0x00, 0x00, 0xC7, 0x00, 0x00, 0x00, 0x00, 0x00, 0x80, 0x3E, 0x2B, 0x00, 0x04, 0x00,
            0x08, 0x00, 0x00, 0x00, 0x15, 0x01, 0x00, 0x00, 0x82, 0x01, 0x01, 0x38, 0x2B, 0x00, 0x04, 0x00,
            0x08, 0x00, 0x00, 0x00, 0x2D, 0x01, 0x00, 0x00, 0x00, 0x00, 0x80, 0x3F, 0x2B, 0x00, 0x04, 0x00,
            0x08, 0x00, 0x00, 0x00, 0x45, 0x01, 0x00, 0x00, 0x33, 0x33, 0x33, 0x3F, 0x2B, 0x00, 0x04, 0x00,
            0x08, 0x00, 0x00, 0x00, 0x47, 0x01, 0x00, 0x00, 0x00, 0x00, 0x80, 0xBF, 0x2B, 0x00, 0x04, 0x00,
            0x08, 0x00, 0x00, 0x00, 0x50, 0x01, 0x00, 0x00, 0x00, 0x00, 0x80, 0x40, 0x2B, 0x00, 0x04, 0x00,
            0x08, 0x00, 0x00, 0x00, 0x5D, 0x01, 0x00, 0x00, 0x00, 0x00, 0x00, 0x40, 0x2B, 0x00, 0x04, 0x00,
            0x08, 0x00, 0x00, 0x00, 0x84, 0x01, 0x00, 0x00, 0xB9, 0xB8, 0xB8, 0xBD, 0x2B, 0x00, 0x04, 0x00,
            0x08, 0x00, 0x00, 0x00, 0x85, 0x01, 0x00, 0x00, 0xB9, 0xB8, 0xB8, 0x3D, 0x19, 0x00, 0x09, 0x00,
            0x9D, 0x01, 0x00, 0x00, 0x08, 0x00, 0x00, 0x00, 0x01, 0x00, 0x00, 0x00, 0x02, 0x00, 0x00, 0x00,
            0x00, 0x00, 0x00, 0x00, 0x00, 0x00, 0x00, 0x00, 0x02, 0x00, 0x00, 0x00, 0x00, 0x00, 0x00, 0x00,
            0x09, 0x14, 0x04, 0x00, 0x17, 0x00, 0x00, 0x00, 0x9E, 0x01, 0x00, 0x00, 0x9D, 0x01, 0x00, 0x00,
            0x1D, 0x00, 0x03, 0x00, 0x9F, 0x01, 0x00, 0x00, 0x9D, 0x01, 0x00, 0x00, 0x3B, 0x00, 0x04, 0x00,
            0x1A, 0x00, 0x00, 0x00, 0x1B, 0x00, 0x00, 0x00, 0x01, 0x00, 0x00, 0x00, 0x3B, 0x00, 0x04, 0x00,
            0x21, 0x00, 0x00, 0x00, 0x22, 0x00, 0x00, 0x00, 0x02, 0x00, 0x00, 0x00, 0x42, 0x11, 0x04, 0x00,
            0x4B, 0x00, 0x00, 0x00, 0x4D, 0x00, 0x00, 0x00, 0x00, 0x00, 0x00, 0x00, 0x42, 0x11, 0x04, 0x00,
            0x4B, 0x00, 0x00, 0x00, 0x57, 0x00, 0x00, 0x00, 0x00, 0x00, 0x00, 0x00, 0x2B, 0x00, 0x04, 0x00,
            0x17, 0x00, 0x00, 0x00, 0xA7, 0x01, 0x00, 0x00, 0x00, 0x00, 0x00, 0x00, 0x2C, 0x00, 0x05, 0x00,
            0x0C, 0x00, 0x00, 0x00, 0x71, 0x03, 0x00, 0x00, 0x39, 0x00, 0x00, 0x00, 0x39, 0x00, 0x00, 0x00,
            0x2B, 0x00, 0x04, 0x00, 0x08, 0x00, 0x00, 0x00, 0x72, 0x03, 0x00, 0x00, 0xDA, 0xB6, 0xCD, 0x42,
            0x36, 0x00, 0x05, 0x00, 0x01, 0x00, 0x00, 0x00, 0x02, 0x00, 0x00, 0x00, 0x00, 0x00, 0x00, 0x00,
            0x03, 0x00, 0x00, 0x00, 0xF8, 0x00, 0x02, 0x00, 0x04, 0x00, 0x00, 0x00, 0x3B, 0x00, 0x04, 0x00,
            0x60, 0x00, 0x00, 0x00, 0x6A, 0x03, 0x00, 0x00, 0x07, 0x00, 0x00, 0x00, 0x3B, 0x00, 0x04, 0x00,
            0x0D, 0x00, 0x00, 0x00, 0x53, 0x03, 0x00, 0x00, 0x07, 0x00, 0x00, 0x00, 0x3B, 0x00, 0x04, 0x00,
            0x60, 0x00, 0x00, 0x00, 0x4C, 0x03, 0x00, 0x00, 0x07, 0x00, 0x00, 0x00, 0x3B, 0x00, 0x04, 0x00,
            0x0D, 0x00, 0x00, 0x00, 0x35, 0x03, 0x00, 0x00, 0x07, 0x00, 0x00, 0x00, 0x3B, 0x00, 0x04, 0x00,
            0x60, 0x00, 0x00, 0x00, 0x2E, 0x03, 0x00, 0x00, 0x07, 0x00, 0x00, 0x00, 0x3B, 0x00, 0x04, 0x00,
            0x0D, 0x00, 0x00, 0x00, 0x17, 0x03, 0x00, 0x00, 0x07, 0x00, 0x00, 0x00, 0x3B, 0x00, 0x04, 0x00,
            0x60, 0x00, 0x00, 0x00, 0x10, 0x03, 0x00, 0x00, 0x07, 0x00, 0x00, 0x00, 0x3B, 0x00, 0x04, 0x00,
            0x0D, 0x00, 0x00, 0x00, 0xF9, 0x02, 0x00, 0x00, 0x07, 0x00, 0x00, 0x00, 0x3B, 0x00, 0x04, 0x00,
            0x60, 0x00, 0x00, 0x00, 0xF2, 0x02, 0x00, 0x00, 0x07, 0x00, 0x00, 0x00, 0x3B, 0x00, 0x04, 0x00,
            0x0D, 0x00, 0x00, 0x00, 0xDB, 0x02, 0x00, 0x00, 0x07, 0x00, 0x00, 0x00, 0x3B, 0x00, 0x04, 0x00,
            0x60, 0x00, 0x00, 0x00, 0xD4, 0x02, 0x00, 0x00, 0x07, 0x00, 0x00, 0x00, 0x3B, 0x00, 0x04, 0x00,
            0x0D, 0x00, 0x00, 0x00, 0xBD, 0x02, 0x00, 0x00, 0x07, 0x00, 0x00, 0x00, 0x3B, 0x00, 0x04, 0x00,
            0x60, 0x00, 0x00, 0x00, 0xB6, 0x02, 0x00, 0x00, 0x07, 0x00, 0x00, 0x00, 0x3B, 0x00, 0x04, 0x00,
            0x0D, 0x00, 0x00, 0x00, 0x9F, 0x02, 0x00, 0x00, 0x07, 0x00, 0x00, 0x00, 0x3B, 0x00, 0x04, 0x00,
            0x60, 0x00, 0x00, 0x00, 0x98, 0x02, 0x00, 0x00, 0x07, 0x00, 0x00, 0x00, 0x3B, 0x00, 0x04, 0x00,
            0x0D, 0x00, 0x00, 0x00, 0x81, 0x02, 0x00, 0x00, 0x07, 0x00, 0x00, 0x00, 0x3B, 0x00, 0x04, 0x00,
            0x60, 0x00, 0x00, 0x00, 0x7A, 0x02, 0x00, 0x00, 0x07, 0x00, 0x00, 0x00, 0x3B, 0x00, 0x04, 0x00,
            0x0D, 0x00, 0x00, 0x00, 0x63, 0x02, 0x00, 0x00, 0x07, 0x00, 0x00, 0x00, 0x3B, 0x00, 0x04, 0x00,
            0x60, 0x00, 0x00, 0x00, 0x5C, 0x02, 0x00, 0x00, 0x07, 0x00, 0x00, 0x00, 0x3B, 0x00, 0x04, 0x00,
            0x0D, 0x00, 0x00, 0x00, 0x45, 0x02, 0x00, 0x00, 0x07, 0x00, 0x00, 0x00, 0x3B, 0x00, 0x04, 0x00,
            0x60, 0x00, 0x00, 0x00, 0x3E, 0x02, 0x00, 0x00, 0x07, 0x00, 0x00, 0x00, 0x3B, 0x00, 0x04, 0x00,
            0x0D, 0x00, 0x00, 0x00, 0x27, 0x02, 0x00, 0x00, 0x07, 0x00, 0x00, 0x00, 0x3B, 0x00, 0x04, 0x00,
            0x60, 0x00, 0x00, 0x00, 0x20, 0x02, 0x00, 0x00, 0x07, 0x00, 0x00, 0x00, 0x3B, 0x00, 0x04, 0x00,
            0x0D, 0x00, 0x00, 0x00, 0x09, 0x02, 0x00, 0x00, 0x07, 0x00, 0x00, 0x00, 0x3B, 0x00, 0x04, 0x00,
            0x0D, 0x00, 0x00, 0x00, 0xE2, 0x01, 0x00, 0x00, 0x07, 0x00, 0x00, 0x00, 0x3B, 0x00, 0x04, 0x00,
            0x0D, 0x00, 0x00, 0x00, 0xE3, 0x01, 0x00, 0x00, 0x07, 0x00, 0x00, 0x00, 0x3B, 0x00, 0x04, 0x00,
            0x0D, 0x00, 0x00, 0x00, 0xE4, 0x01, 0x00, 0x00, 0x07, 0x00, 0x00, 0x00, 0x3B, 0x00, 0x04, 0x00,
            0x0A, 0x00, 0x00, 0x00, 0xD4, 0x01, 0x00, 0x00, 0x07, 0x00, 0x00, 0x00, 0x3B, 0x00, 0x04, 0x00,
            0x0A, 0x00, 0x00, 0x00, 0xC6, 0x01, 0x00, 0x00, 0x07, 0x00, 0x00, 0x00, 0x3B, 0x00, 0x04, 0x00,
            0x0A, 0x00, 0x00, 0x00, 0xB8, 0x01, 0x00, 0x00, 0x07, 0x00, 0x00, 0x00, 0x3B, 0x00, 0x04, 0x00,
            0x0A, 0x00, 0x00, 0x00, 0xAA, 0x01, 0x00, 0x00, 0x07, 0x00, 0x00, 0x00, 0x3B, 0x00, 0x04, 0x00,
            0x06, 0x00, 0x00, 0x00, 0x07, 0x00, 0x00, 0x00, 0x07, 0x00, 0x00, 0x00, 0x3B, 0x00, 0x04, 0x00,
            0x0A, 0x00, 0x00, 0x00, 0x0B, 0x00, 0x00, 0x00, 0x07, 0x00, 0x00, 0x00, 0x3B, 0x00, 0x04, 0x00,
            0x0D, 0x00, 0x00, 0x00, 0x0E, 0x00, 0x00, 0x00, 0x07, 0x00, 0x00, 0x00, 0x3B, 0x00, 0x04, 0x00,
            0x0A, 0x00, 0x00, 0x00, 0x0F, 0x00, 0x00, 0x00, 0x07, 0x00, 0x00, 0x00, 0xF7, 0x00, 0x03, 0x00,
            0xA5, 0x01, 0x00, 0x00, 0x00, 0x00, 0x00, 0x00, 0xFB, 0x00, 0x03, 0x00, 0xA7, 0x01, 0x00, 0x00,
            0xA6, 0x01, 0x00, 0x00, 0xF8, 0x00, 0x02, 0x00, 0xA6, 0x01, 0x00, 0x00, 0x3D, 0x00, 0x04, 0x00,
            0x18, 0x00, 0x00, 0x00, 0x19, 0x00, 0x00, 0x00, 0x1B, 0x00, 0x00, 0x00, 0x4F, 0x00, 0x07, 0x00,
            0x1C, 0x00, 0x00, 0x00, 0x1D, 0x00, 0x00, 0x00, 0x19, 0x00, 0x00, 0x00, 0x19, 0x00, 0x00, 0x00,
            0x00, 0x00, 0x00, 0x00, 0x01, 0x00, 0x00, 0x00, 0x51, 0x00, 0x05, 0x00, 0x17, 0x00, 0x00, 0x00,
            0x1E, 0x00, 0x00, 0x00, 0x19, 0x00, 0x00, 0x00, 0x00, 0x00, 0x00, 0x00, 0x41, 0x00, 0x05, 0x00,
            0x25, 0x00, 0x00, 0x00, 0x26, 0x00, 0x00, 0x00, 0x22, 0x00, 0x00, 0x00, 0x24, 0x00, 0x00, 0x00,
            0x3D, 0x00, 0x04, 0x00, 0x20, 0x00, 0x00, 0x00, 0x27, 0x00, 0x00, 0x00, 0x26, 0x00, 0x00, 0x00,
            0x51, 0x00, 0x05, 0x00, 0x17, 0x00, 0x00, 0x00, 0x28, 0x00, 0x00, 0x00, 0x27, 0x00, 0x00, 0x00,
            0x02, 0x00, 0x00, 0x00, 0xAE, 0x00, 0x05, 0x00, 0x05, 0x00, 0x00, 0x00, 0x29, 0x00, 0x00, 0x00,
            0x1E, 0x00, 0x00, 0x00, 0x28, 0x00, 0x00, 0x00, 0xF7, 0x00, 0x03, 0x00, 0x12, 0x00, 0x00, 0x00,
            0x00, 0x00, 0x00, 0x00, 0xFA, 0x00, 0x04, 0x00, 0x29, 0x00, 0x00, 0x00, 0x10, 0x00, 0x00, 0x00,
            0x11, 0x00, 0x00, 0x00, 0xF8, 0x00, 0x02, 0x00, 0x10, 0x00, 0x00, 0x00, 0x3E, 0x00, 0x03, 0x00,
            0x07, 0x00, 0x00, 0x00, 0x2B, 0x00, 0x00, 0x00, 0xF9, 0x00, 0x02, 0x00, 0x12, 0x00, 0x00, 0x00,
            0xF8, 0x00, 0x02, 0x00, 0x11, 0x00, 0x00, 0x00, 0x51, 0x00, 0x05, 0x00, 0x17, 0x00, 0x00, 0x00,
            0x2E, 0x00, 0x00, 0x00, 0x19, 0x00, 0x00, 0x00, 0x01, 0x00, 0x00, 0x00, 0x3D, 0x00, 0x04, 0x00,
            0x20, 0x00, 0x00, 0x00, 0x2F, 0x00, 0x00, 0x00, 0x26, 0x00, 0x00, 0x00, 0x51, 0x00, 0x05, 0x00,
            0x17, 0x00, 0x00, 0x00, 0x30, 0x00, 0x00, 0x00, 0x2F, 0x00, 0x00, 0x00, 0x03, 0x00, 0x00, 0x00,
            0xAE, 0x00, 0x05, 0x00, 0x05, 0x00, 0x00, 0x00, 0x31, 0x00, 0x00, 0x00, 0x2E, 0x00, 0x00, 0x00,
            0x30, 0x00, 0x00, 0x00, 0x3E, 0x00, 0x03, 0x00, 0x07, 0x00, 0x00, 0x00, 0x31, 0x00, 0x00, 0x00,
            0xF9, 0x00, 0x02, 0x00, 0x12, 0x00, 0x00, 0x00, 0xF8, 0x00, 0x02, 0x00, 0x12, 0x00, 0x00, 0x00,
            0x3D, 0x00, 0x04, 0x00, 0x05, 0x00, 0x00, 0x00, 0x34, 0x00, 0x00, 0x00, 0x07, 0x00, 0x00, 0x00,
            0xF7, 0x00, 0x03, 0x00, 0x14, 0x00, 0x00, 0x00, 0x00, 0x00, 0x00, 0x00, 0xFA, 0x00, 0x04, 0x00,
            0x34, 0x00, 0x00, 0x00, 0x13, 0x00, 0x00, 0x00, 0x14, 0x00, 0x00, 0x00, 0xF8, 0x00, 0x02, 0x00,
            0x13, 0x00, 0x00, 0x00, 0xF9, 0x00, 0x02, 0x00, 0xA5, 0x01, 0x00, 0x00, 0xF8, 0x00, 0x02, 0x00,
            0x14, 0x00, 0x00, 0x00, 0x70, 0x00, 0x04, 0x00, 0x0C, 0x00, 0x00, 0x00, 0x37, 0x00, 0x00, 0x00,
            0x1D, 0x00, 0x00, 0x00, 0x81, 0x00, 0x05, 0x00, 0x0C, 0x00, 0x00, 0x00, 0x3A, 0x00, 0x00, 0x00,
            0x37, 0x00, 0x00, 0x00, 0x71, 0x03, 0x00, 0x00, 0x3D, 0x00, 0x04, 0x00, 0x20, 0x00, 0x00, 0x00,
            0x3B, 0x00, 0x00, 0x00, 0x26, 0x00, 0x00, 0x00, 0x51, 0x00, 0x05, 0x00, 0x17, 0x00, 0x00, 0x00,
            0x3C, 0x00, 0x00, 0x00, 0x3B, 0x00, 0x00, 0x00, 0x02, 0x00, 0x00, 0x00, 0x70, 0x00, 0x04, 0x00,
            0x08, 0x00, 0x00, 0x00, 0x3D, 0x00, 0x00, 0x00, 0x3C, 0x00, 0x00, 0x00, 0x3D, 0x00, 0x04, 0x00,
            0x20, 0x00, 0x00, 0x00, 0x3E, 0x00, 0x00, 0x00, 0x26, 0x00, 0x00, 0x00, 0x51, 0x00, 0x05, 0x00,
            0x17, 0x00, 0x00, 0x00, 0x3F, 0x00, 0x00, 0x00, 0x3E, 0x00, 0x00, 0x00, 0x03, 0x00, 0x00, 0x00,
            0x70, 0x00, 0x04, 0x00, 0x08, 0x00, 0x00, 0x00, 0x40, 0x00, 0x00, 0x00, 0x3F, 0x00, 0x00, 0x00,
            0x50, 0x00, 0x05, 0x00, 0x0C, 0x00, 0x00, 0x00, 0x41, 0x00, 0x00, 0x00, 0x3D, 0x00, 0x00, 0x00,
            0x40, 0x00, 0x00, 0x00, 0x88, 0x00, 0x05, 0x00, 0x0C, 0x00, 0x00, 0x00, 0x42, 0x00, 0x00, 0x00,
            0x3A, 0x00, 0x00, 0x00, 0x41, 0x00, 0x00, 0x00, 0x41, 0x00, 0x05, 0x00, 0x44, 0x00, 0x00, 0x00,
            0x45, 0x00, 0x00, 0x00, 0x22, 0x00, 0x00, 0x00, 0x43, 0x00, 0x00, 0x00, 0x3D, 0x00, 0x04, 0x00,
            0x1C, 0x00, 0x00, 0x00, 0x46, 0x00, 0x00, 0x00, 0x45, 0x00, 0x00, 0x00, 0x51, 0x00, 0x05, 0x00,
            0x17, 0x00, 0x00, 0x00, 0x47, 0x00, 0x00, 0x00, 0x46, 0x00, 0x00, 0x00, 0x00, 0x00, 0x00, 0x00,
            0x43, 0x11, 0x06, 0x00, 0x4B, 0x00, 0x00, 0x00, 0x4C, 0x00, 0x00, 0x00, 0x4A, 0x00, 0x00, 0x00,
            0x4D, 0x00, 0x00, 0x00, 0x47, 0x00, 0x00, 0x00, 0x3D, 0x00, 0x04, 0x00, 0x48, 0x00, 0x00, 0x00,
            0x4E, 0x00, 0x00, 0x00, 0x4C, 0x00, 0x00, 0x00, 0x41, 0x00, 0x05, 0x00, 0x44, 0x00, 0x00, 0x00,
            0x50, 0x00, 0x00, 0x00, 0x22, 0x00, 0x00, 0x00, 0x4F, 0x00, 0x00, 0x00, 0x3D, 0x00, 0x04, 0x00,
            0x1C, 0x00, 0x00, 0x00, 0x51, 0x00, 0x00, 0x00, 0x50, 0x00, 0x00, 0x00, 0x51, 0x00, 0x05, 0x00,
            0x17, 0x00, 0x00, 0x00, 0x52, 0x00, 0x00, 0x00, 0x51, 0x00, 0x00, 0x00, 0x00, 0x00, 0x00, 0x00,
            0x43, 0x11, 0x06, 0x00, 0x4B, 0x00, 0x00, 0x00, 0x56, 0x00, 0x00, 0x00, 0x55, 0x00, 0x00, 0x00,
            0x57, 0x00, 0x00, 0x00, 0x52, 0x00, 0x00, 0x00, 0x3D, 0x00, 0x04, 0x00, 0x53, 0x00, 0x00, 0x00,
            0x58, 0x00, 0x00, 0x00, 0x56, 0x00, 0x00, 0x00, 0x56, 0x00, 0x05, 0x00, 0x59, 0x00, 0x00, 0x00,
            0x5A, 0x00, 0x00, 0x00, 0x4E, 0x00, 0x00, 0x00, 0x58, 0x00, 0x00, 0x00, 0x58, 0x00, 0x07, 0x00,
            0x09, 0x00, 0x00, 0x00, 0x5B, 0x00, 0x00, 0x00, 0x5A, 0x00, 0x00, 0x00, 0x42, 0x00, 0x00, 0x00,
            0x02, 0x00, 0x00, 0x00, 0x5C, 0x00, 0x00, 0x00, 0x41, 0x00, 0x05, 0x00, 0x60, 0x00, 0x00, 0x00,
            0x61, 0x00, 0x00, 0x00, 0x0B, 0x00, 0x00, 0x00, 0x62, 0x00, 0x00, 0x00, 0x51, 0x00, 0x05, 0x00,
            0x08, 0x00, 0x00, 0x00, 0x63, 0x00, 0x00, 0x00, 0x5B, 0x00, 0x00, 0x00, 0x00, 0x00, 0x00, 0x00,
            0x3E, 0x00, 0x03, 0x00, 0x61, 0x00, 0x00, 0x00, 0x63, 0x00, 0x00, 0x00, 0x41, 0x00, 0x05, 0x00,
            0x60, 0x00, 0x00, 0x00, 0x64, 0x00, 0x00, 0x00, 0x0B, 0x00, 0x00, 0x00, 0x24, 0x00, 0x00, 0x00,
            0x51, 0x00, 0x05, 0x00, 0x08, 0x00, 0x00, 0x00, 0x65, 0x00, 0x00, 0x00, 0x5B, 0x00, 0x00, 0x00,
            0x01, 0x00, 0x00, 0x00, 0x3E, 0x00, 0x03, 0x00, 0x64, 0x00, 0x00, 0x00, 0x65, 0x00, 0x00, 0x00,
            0x41, 0x00, 0x05, 0x00, 0x60, 0x00, 0x00, 0x00, 0x66, 0x00, 0x00, 0x00, 0x0B, 0x00, 0x00, 0x00,
            0x43, 0x00, 0x00, 0x00, 0x51, 0x00, 0x05, 0x00, 0x08, 0x00, 0x00, 0x00, 0x67, 0x00, 0x00, 0x00,
            0x5B, 0x00, 0x00, 0x00, 0x02, 0x00, 0x00, 0x00, 0x3E, 0x00, 0x03, 0x00, 0x66, 0x00, 0x00, 0x00,
            0x67, 0x00, 0x00, 0x00, 0x41, 0x00, 0x05, 0x00, 0x69, 0x00, 0x00, 0x00, 0x6A, 0x00, 0x00, 0x00,
            0x22, 0x00, 0x00, 0x00, 0x62, 0x00, 0x00, 0x00, 0x3D, 0x00, 0x04, 0x00, 0x09, 0x00, 0x00, 0x00,
            0x6B, 0x00, 0x00, 0x00, 0x6A, 0x00, 0x00, 0x00, 0x4F, 0x00, 0x07, 0x00, 0x0C, 0x00, 0x00, 0x00,
            0x6C, 0x00, 0x00, 0x00, 0x6B, 0x00, 0x00, 0x00, 0x6B, 0x00, 0x00, 0x00, 0x02, 0x00, 0x00, 0x00,
            0x03, 0x00, 0x00, 0x00, 0x85, 0x00, 0x05, 0x00, 0x0C, 0x00, 0x00, 0x00, 0x6D, 0x00, 0x00, 0x00,
            0x42, 0x00, 0x00, 0x00, 0x6C, 0x00, 0x00, 0x00, 0x81, 0x00, 0x05, 0x00, 0x0C, 0x00, 0x00, 0x00,
            0x6E, 0x00, 0x00, 0x00, 0x6D, 0x00, 0x00, 0x00, 0x6F, 0x00, 0x00, 0x00, 0x0C, 0x00, 0x06, 0x00,
            0x0C, 0x00, 0x00, 0x00, 0x71, 0x00, 0x00, 0x00, 0x72, 0x00, 0x00, 0x00, 0x08, 0x00, 0x00, 0x00,
            0x6E, 0x00, 0x00, 0x00, 0x3D, 0x00, 0x04, 0x00, 0x09, 0x00, 0x00, 0x00, 0x73, 0x00, 0x00, 0x00,
            0x6A, 0x00, 0x00, 0x00, 0x4F, 0x00, 0x07, 0x00, 0x0C, 0x00, 0x00, 0x00, 0x74, 0x00, 0x00, 0x00,
            0x73, 0x00, 0x00, 0x00, 0x73, 0x00, 0x00, 0x00, 0x00, 0x00, 0x00, 0x00, 0x01, 0x00, 0x00, 0x00,
            0x85, 0x00, 0x05, 0x00, 0x0C, 0x00, 0x00, 0x00, 0x75, 0x00, 0x00, 0x00, 0x71, 0x00, 0x00, 0x00,
            0x74, 0x00, 0x00, 0x00, 0x3E, 0x00, 0x03, 0x00, 0x0E, 0x00, 0x00, 0x00, 0x75, 0x00, 0x00, 0x00,
            0x83, 0x00, 0x05, 0x00, 0x0C, 0x00, 0x00, 0x00, 0x78, 0x00, 0x00, 0x00, 0x6E, 0x00, 0x00, 0x00,
            0x71, 0x00, 0x00, 0x00, 0x41, 0x00, 0x05, 0x00, 0x44, 0x00, 0x00, 0x00, 0xAC, 0x01, 0x00, 0x00,
            0x22, 0x00, 0x00, 0x00, 0x43, 0x00, 0x00, 0x00, 0x3D, 0x00, 0x04, 0x00, 0x1C, 0x00, 0x00, 0x00,
            0xAD, 0x01, 0x00, 0x00, 0xAC, 0x01, 0x00, 0x00, 0x51, 0x00, 0x05, 0x00, 0x17, 0x00, 0x00, 0x00,
            0xAE, 0x01, 0x00, 0x00, 0xAD, 0x01, 0x00, 0x00, 0x00, 0x00, 0x00, 0x00, 0x43, 0x11, 0x06, 0x00,
            0x4B, 0x00, 0x00, 0x00, 0xAF, 0x01, 0x00, 0x00, 0x4A, 0x00, 0x00, 0x00, 0x4D, 0x00, 0x00, 0x00,
            0xAE, 0x01, 0x00, 0x00, 0x3D, 0x00, 0x04, 0x00, 0x48, 0x00, 0x00, 0x00, 0xB0, 0x01, 0x00, 0x00,
            0xAF, 0x01, 0x00, 0x00, 0x41, 0x00, 0x05, 0x00, 0x44, 0x00, 0x00, 0x00, 0xB1, 0x01, 0x00, 0x00,
            0x22, 0x00, 0x00, 0x00, 0x4F, 0x00, 0x00, 0x00, 0x3D, 0x00, 0x04, 0x00, 0x1C, 0x00, 0x00, 0x00,
            0xB2, 0x01, 0x00, 0x00, 0xB1, 0x01, 0x00, 0x00, 0x51, 0x00, 0x05, 0x00, 0x17, 0x00, 0x00, 0x00,
            0xB3, 0x01, 0x00, 0x00, 0xB2, 0x01, 0x00, 0x00, 0x00, 0x00, 0x00, 0x00, 0x43, 0x11, 0x06, 0x00,
            0x4B, 0x00, 0x00, 0x00, 0xB4, 0x01, 0x00, 0x00, 0x55, 0x00, 0x00, 0x00, 0x57, 0x00, 0x00, 0x00,
            0xB3, 0x01, 0x00, 0x00, 0x3D, 0x00, 0x04, 0x00, 0x53, 0x00, 0x00, 0x00, 0xB5, 0x01, 0x00, 0x00,
            0xB4, 0x01, 0x00, 0x00, 0x56, 0x00, 0x05, 0x00, 0x59, 0x00, 0x00, 0x00, 0xB6, 0x01, 0x00, 0x00,
            0xB0, 0x01, 0x00, 0x00, 0xB5, 0x01, 0x00, 0x00, 0x60, 0x00, 0x06, 0x00, 0x09, 0x00, 0x00, 0x00,
            0xB7, 0x01, 0x00, 0x00, 0xB6, 0x01, 0x00, 0x00, 0x75, 0x00, 0x00, 0x00, 0x24, 0x00, 0x00, 0x00,
            0x3E, 0x00, 0x03, 0x00, 0xAA, 0x01, 0x00, 0x00, 0xB7, 0x01, 0x00, 0x00, 0x3D, 0x00, 0x04, 0x00,
            0x09, 0x00, 0x00, 0x00, 0x79, 0x00, 0x00, 0x00, 0xAA, 0x01, 0x00, 0x00, 0x51, 0x00, 0x05, 0x00,
            0x08, 0x00, 0x00, 0x00, 0x8B, 0x00, 0x00, 0x00, 0x79, 0x00, 0x00, 0x00, 0x02, 0x00, 0x00, 0x00,
            0x51, 0x00, 0x05, 0x00, 0x08, 0x00, 0x00, 0x00, 0x8C, 0x00, 0x00, 0x00, 0x79, 0x00, 0x00, 0x00,
            0x01, 0x00, 0x00, 0x00, 0x83, 0x00, 0x05, 0x00, 0x08, 0x00, 0x00, 0x00, 0x8D, 0x00, 0x00, 0x00,
            0x8B, 0x00, 0x00, 0x00, 0x8C, 0x00, 0x00, 0x00, 0x0C, 0x00, 0x06, 0x00, 0x08, 0x00, 0x00, 0x00,
            0x8E, 0x00, 0x00, 0x00, 0x72, 0x00, 0x00, 0x00, 0x04, 0x00, 0x00, 0x00, 0x8D, 0x00, 0x00, 0x00,
            0x41, 0x00, 0x05, 0x00, 0x60, 0x00, 0x00, 0x00, 0x8F, 0x00, 0x00, 0x00, 0x0B, 0x00, 0x00, 0x00,
            0x24, 0x00, 0x00, 0x00, 0x3D, 0x00, 0x04, 0x00, 0x08, 0x00, 0x00, 0x00, 0x90, 0x00, 0x00, 0x00,
            0x8F, 0x00, 0x00, 0x00, 0x83, 0x00, 0x05, 0x00, 0x08, 0x00, 0x00, 0x00, 0x91, 0x00, 0x00, 0x00,
            0x90, 0x00, 0x00, 0x00, 0x8C, 0x00, 0x00, 0x00, 0x0C, 0x00, 0x06, 0x00, 0x08, 0x00, 0x00, 0x00,
            0x92, 0x00, 0x00, 0x00, 0x72, 0x00, 0x00, 0x00, 0x04, 0x00, 0x00, 0x00, 0x91, 0x00, 0x00, 0x00,
            0x81, 0x00, 0x05, 0x00, 0x08, 0x00, 0x00, 0x00, 0x93, 0x00, 0x00, 0x00, 0x8E, 0x00, 0x00, 0x00,
            0x92, 0x00, 0x00, 0x00, 0x3D, 0x00, 0x04, 0x00, 0x08, 0x00, 0x00, 0x00, 0x94, 0x00, 0x00, 0x00,
            0x8F, 0x00, 0x00, 0x00, 0x83, 0x00, 0x05, 0x00, 0x08, 0x00, 0x00, 0x00, 0x95, 0x00, 0x00, 0x00,
            0x94, 0x00, 0x00, 0x00, 0x8B, 0x00, 0x00, 0x00, 0x0C, 0x00, 0x06, 0x00, 0x08, 0x00, 0x00, 0x00,
            0x96, 0x00, 0x00, 0x00, 0x72, 0x00, 0x00, 0x00, 0x04, 0x00, 0x00, 0x00, 0x95, 0x00, 0x00, 0x00,
            0x81, 0x00, 0x05, 0x00, 0x08, 0x00, 0x00, 0x00, 0x97, 0x00, 0x00, 0x00, 0x93, 0x00, 0x00, 0x00,
            0x96, 0x00, 0x00, 0x00, 0xBA, 0x00, 0x05, 0x00, 0x05, 0x00, 0x00, 0x00, 0x98, 0x00, 0x00, 0x00,
            0x97, 0x00, 0x00, 0x00, 0x99, 0x00, 0x00, 0x00, 0xF7, 0x00, 0x03, 0x00, 0x16, 0x00, 0x00, 0x00,
            0x00, 0x00, 0x00, 0x00, 0xFA, 0x00, 0x04, 0x00, 0x98, 0x00, 0x00, 0x00, 0x15, 0x00, 0x00, 0x00,
            0x16, 0x00, 0x00, 0x00, 0xF8, 0x00, 0x02, 0x00, 0x15, 0x00, 0x00, 0x00, 0x41, 0x00, 0x05, 0x00,
            0x60, 0x00, 0x00, 0x00, 0x9B, 0x00, 0x00, 0x00, 0x0E, 0x00, 0x00, 0x00, 0x62, 0x00, 0x00, 0x00,
            0x3D, 0x00, 0x04, 0x00, 0x09, 0x00, 0x00, 0x00, 0x9C, 0x00, 0x00, 0x00, 0x6A, 0x00, 0x00, 0x00,
            0x51, 0x00, 0x05, 0x00, 0x08, 0x00, 0x00, 0x00, 0x9D, 0x00, 0x00, 0x00, 0x9C, 0x00, 0x00, 0x00,
            0x00, 0x00, 0x00, 0x00, 0x3D, 0x00, 0x04, 0x00, 0x08, 0x00, 0x00, 0x00, 0x9E, 0x00, 0x00, 0x00,
            0x9B, 0x00, 0x00, 0x00, 0x81, 0x00, 0x05, 0x00, 0x08, 0x00, 0x00, 0x00, 0x9F, 0x00, 0x00, 0x00,
            0x9E, 0x00, 0x00, 0x00, 0x9D, 0x00, 0x00, 0x00, 0x3E, 0x00, 0x03, 0x00, 0x9B, 0x00, 0x00, 0x00,
            0x9F, 0x00, 0x00, 0x00, 0x3D, 0x00, 0x04, 0x00, 0x0C, 0x00, 0x00, 0x00, 0xA1, 0x00, 0x00, 0x00,
            0x0E, 0x00, 0x00, 0x00, 0x3D, 0x00, 0x04, 0x00, 0x09, 0x00, 0x00, 0x00, 0xA2, 0x00, 0x00, 0x00,
            0x6A, 0x00, 0x00, 0x00, 0x51, 0x00, 0x05, 0x00, 0x08, 0x00, 0x00, 0x00, 0xA3, 0x00, 0x00, 0x00,
            0xA2, 0x00, 0x00, 0x00, 0x00, 0x00, 0x00, 0x00, 0x50, 0x00, 0x05, 0x00, 0x0C, 0x00, 0x00, 0x00,
            0xA4, 0x00, 0x00, 0x00, 0xA3, 0x00, 0x00, 0x00, 0x5C, 0x00, 0x00, 0x00, 0x81, 0x00, 0x05, 0x00,
            0x0C, 0x00, 0x00, 0x00, 0xA5, 0x00, 0x00, 0x00, 0xA1, 0x00, 0x00, 0x00, 0xA4, 0x00, 0x00, 0x00,
            0x41, 0x00, 0x05, 0x00, 0x44, 0x00, 0x00, 0x00, 0xBA, 0x01, 0x00, 0x00, 0x22, 0x00, 0x00, 0x00,
            0x43, 0x00, 0x00, 0x00, 0x3D, 0x00, 0x04, 0x00, 0x1C, 0x00, 0x00, 0x00, 0xBB, 0x01, 0x00, 0x00,
            0xBA, 0x01, 0x00, 0x00, 0x51, 0x00, 0x05, 0x00, 0x17, 0x00, 0x00, 0x00, 0xBC, 0x01, 0x00, 0x00,
            0xBB, 0x01, 0x00, 0x00, 0x00, 0x00, 0x00, 0x00, 0x43, 0x11, 0x06, 0x00, 0x4B, 0x00, 0x00, 0x00,
            0xBD, 0x01, 0x00, 0x00, 0x4A, 0x00, 0x00, 0x00, 0x4D, 0x00, 0x00, 0x00, 0xBC, 0x01, 0x00, 0x00,
            0x3D, 0x00, 0x04, 0x00, 0x48, 0x00, 0x00, 0x00, 0xBE, 0x01, 0x00, 0x00, 0xBD, 0x01, 0x00, 0x00,
            0x41, 0x00, 0x05, 0x00, 0x44, 0x00, 0x00, 0x00, 0xBF, 0x01, 0x00, 0x00, 0x22, 0x00, 0x00, 0x00,
            0x4F, 0x00, 0x00, 0x00, 0x3D, 0x00, 0x04, 0x00, 0x1C, 0x00, 0x00, 0x00, 0xC0, 0x01, 0x00, 0x00,
            0xBF, 0x01, 0x00, 0x00, 0x51, 0x00, 0x05, 0x00, 0x17, 0x00, 0x00, 0x00, 0xC1, 0x01, 0x00, 0x00,
            0xC0, 0x01, 0x00, 0x00, 0x00, 0x00, 0x00, 0x00, 0x43, 0x11, 0x06, 0x00, 0x4B, 0x00, 0x00, 0x00,
            0xC2, 0x01, 0x00, 0x00, 0x55, 0x00, 0x00, 0x00, 0x57, 0x00, 0x00, 0x00, 0xC1, 0x01, 0x00, 0x00,
            0x3D, 0x00, 0x04, 0x00, 0x53, 0x00, 0x00, 0x00, 0xC3, 0x01, 0x00, 0x00, 0xC2, 0x01, 0x00, 0x00,
            0x56, 0x00, 0x05, 0x00, 0x59, 0x00, 0x00, 0x00, 0xC4, 0x01, 0x00, 0x00, 0xBE, 0x01, 0x00, 0x00,
            0xC3, 0x01, 0x00, 0x00, 0x60, 0x00, 0x06, 0x00, 0x09, 0x00, 0x00, 0x00, 0xC5, 0x01, 0x00, 0x00,
            0xC4, 0x01, 0x00, 0x00, 0xA5, 0x00, 0x00, 0x00, 0x24, 0x00, 0x00, 0x00, 0x3E, 0x00, 0x03, 0x00,
            0xB8, 0x01, 0x00, 0x00, 0xC5, 0x01, 0x00, 0x00, 0x3D, 0x00, 0x04, 0x00, 0x09, 0x00, 0x00, 0x00,
            0xA6, 0x00, 0x00, 0x00, 0xB8, 0x01, 0x00, 0x00, 0x3D, 0x00, 0x04, 0x00, 0x0C, 0x00, 0x00, 0x00,
            0xA7, 0x00, 0x00, 0x00, 0x0E, 0x00, 0x00, 0x00, 0x3D, 0x00, 0x04, 0x00, 0x09, 0x00, 0x00, 0x00,
            0xA8, 0x00, 0x00, 0x00, 0x6A, 0x00, 0x00, 0x00, 0x51, 0x00, 0x05, 0x00, 0x08, 0x00, 0x00, 0x00,
            0xA9, 0x00, 0x00, 0x00, 0xA8, 0x00, 0x00, 0x00, 0x01, 0x00, 0x00, 0x00, 0x7F, 0x00, 0x04, 0x00,
            0x08, 0x00, 0x00, 0x00, 0xAA, 0x00, 0x00, 0x00, 0xA9, 0x00, 0x00, 0x00, 0x50, 0x00, 0x05, 0x00,
            0x0C, 0x00, 0x00, 0x00, 0xAB, 0x00, 0x00, 0x00, 0x5C, 0x00, 0x00, 0x00, 0xAA, 0x00, 0x00, 0x00,
            0x81, 0x00, 0x05, 0x00, 0x0C, 0x00, 0x00, 0x00, 0xAC, 0x00, 0x00, 0x00, 0xA7, 0x00, 0x00, 0x00,
            0xAB, 0x00, 0x00, 0x00, 0x41, 0x00, 0x05, 0x00, 0x44, 0x00, 0x00, 0x00, 0xC8, 0x01, 0x00, 0x00,
            0x22, 0x00, 0x00, 0x00, 0x43, 0x00, 0x00, 0x00, 0x3D, 0x00, 0x04, 0x00, 0x1C, 0x00, 0x00, 0x00,
            0xC9, 0x01, 0x00, 0x00, 0xC8, 0x01, 0x00, 0x00, 0x51, 0x00, 0x05, 0x00, 0x17, 0x00, 0x00, 0x00,
            0xCA, 0x01, 0x00, 0x00, 0xC9, 0x01, 0x00, 0x00, 0x00, 0x00, 0x00, 0x00, 0x43, 0x11, 0x06, 0x00,
            0x4B, 0x00, 0x00, 0x00, 0xCB, 0x01, 0x00, 0x00, 0x4A, 0x00, 0x00, 0x00, 0x4D, 0x00, 0x00, 0x00,
            0xCA, 0x01, 0x00, 0x00, 0x3D, 0x00, 0x04, 0x00, 0x48, 0x00, 0x00, 0x00, 0xCC, 0x01, 0x00, 0x00,
            0xCB, 0x01, 0x00, 0x00, 0x41, 0x00, 0x05, 0x00, 0x44, 0x00, 0x00, 0x00, 0xCD, 0x01, 0x00, 0x00,
            0x22, 0x00, 0x00, 0x00, 0x4F, 0x00, 0x00, 0x00, 0x3D, 0x00, 0x04, 0x00, 0x1C, 0x00, 0x00, 0x00,
            0xCE, 0x01, 0x00, 0x00, 0xCD, 0x01, 0x00, 0x00, 0x51, 0x00, 0x05, 0x00, 0x17, 0x00, 0x00, 0x00,
            0xCF, 0x01, 0x00, 0x00, 0xCE, 0x01, 0x00, 0x00, 0x00, 0x00, 0x00, 0x00, 0x43, 0x11, 0x06, 0x00,
            0x4B, 0x00, 0x00, 0x00, 0xD0, 0x01, 0x00, 0x00, 0x55, 0x00, 0x00, 0x00, 0x57, 0x00, 0x00, 0x00,
            0xCF, 0x01, 0x00, 0x00, 0x3D, 0x00, 0x04, 0x00, 0x53, 0x00, 0x00, 0x00, 0xD1, 0x01, 0x00, 0x00,
            0xD0, 0x01, 0x00, 0x00, 0x56, 0x00, 0x05, 0x00, 0x59, 0x00, 0x00, 0x00, 0xD2, 0x01, 0x00, 0x00,
            0xCC, 0x01, 0x00, 0x00, 0xD1, 0x01, 0x00, 0x00, 0x60, 0x00, 0x06, 0x00, 0x09, 0x00, 0x00, 0x00,
            0xD3, 0x01, 0x00, 0x00, 0xD2, 0x01, 0x00, 0x00, 0xAC, 0x00, 0x00, 0x00, 0x24, 0x00, 0x00, 0x00,
            0x3E, 0x00, 0x03, 0x00, 0xC6, 0x01, 0x00, 0x00, 0xD3, 0x01, 0x00, 0x00, 0x3D, 0x00, 0x04, 0x00,
            0x09, 0x00, 0x00, 0x00, 0xAD, 0x00, 0x00, 0x00, 0xC6, 0x01, 0x00, 0x00, 0x41, 0x00, 0x05, 0x00,
            0x60, 0x00, 0x00, 0x00, 0xAF, 0x00, 0x00, 0x00, 0x0F, 0x00, 0x00, 0x00, 0x62, 0x00, 0x00, 0x00,
            0x51, 0x00, 0x05, 0x00, 0x08, 0x00, 0x00, 0x00, 0xB0, 0x00, 0x00, 0x00, 0xAD, 0x00, 0x00, 0x00,
            0x03, 0x00, 0x00, 0x00, 0x3E, 0x00, 0x03, 0x00, 0xAF, 0x00, 0x00, 0x00, 0xB0, 0x00, 0x00, 0x00,
            0x41, 0x00, 0x05, 0x00, 0x60, 0x00, 0x00, 0x00, 0xB1, 0x00, 0x00, 0x00, 0x0F, 0x00, 0x00, 0x00,
            0x24, 0x00, 0x00, 0x00, 0x51, 0x00, 0x05, 0x00, 0x08, 0x00, 0x00, 0x00, 0xB2, 0x00, 0x00, 0x00,
            0xAD, 0x00, 0x00, 0x00, 0x02, 0x00, 0x00, 0x00, 0x3E, 0x00, 0x03, 0x00, 0xB1, 0x00, 0x00, 0x00,
            0xB2, 0x00, 0x00, 0x00, 0x3D, 0x00, 0x04, 0x00, 0x0C, 0x00, 0x00, 0x00, 0xB4, 0x00, 0x00, 0x00,
            0x0E, 0x00, 0x00, 0x00, 0x3D, 0x00, 0x04, 0x00, 0x09, 0x00, 0x00, 0x00, 0xB5, 0x00, 0x00, 0x00,
            0x6A, 0x00, 0x00, 0x00, 0x51, 0x00, 0x05, 0x00, 0x08, 0x00, 0x00, 0x00, 0xB6, 0x00, 0x00, 0x00,
            0xB5, 0x00, 0x00, 0x00, 0x01, 0x00, 0x00, 0x00, 0x50, 0x00, 0x05, 0x00, 0x0C, 0x00, 0x00, 0x00,
            0xB7, 0x00, 0x00, 0x00, 0x5C, 0x00, 0x00, 0x00, 0xB6, 0x00, 0x00, 0x00, 0x81, 0x00, 0x05, 0x00,
            0x0C, 0x00, 0x00, 0x00, 0xB8, 0x00, 0x00, 0x00, 0xB4, 0x00, 0x00, 0x00, 0xB7, 0x00, 0x00, 0x00,
            0x41, 0x00, 0x05, 0x00, 0x44, 0x00, 0x00, 0x00, 0xD6, 0x01, 0x00, 0x00, 0x22, 0x00, 0x00, 0x00,
            0x43, 0x00, 0x00, 0x00, 0x3D, 0x00, 0x04, 0x00, 0x1C, 0x00, 0x00, 0x00, 0xD7, 0x01, 0x00, 0x00,
            0xD6, 0x01, 0x00, 0x00, 0x51, 0x00, 0x05, 0x00, 0x17, 0x00, 0x00, 0x00, 0xD8, 0x01, 0x00, 0x00,
            0xD7, 0x01, 0x00, 0x00, 0x00, 0x00, 0x00, 0x00, 0x43, 0x11, 0x06, 0x00, 0x4B, 0x00, 0x00, 0x00,
            0xD9, 0x01, 0x00, 0x00, 0x4A, 0x00, 0x00, 0x00, 0x4D, 0x00, 0x00, 0x00, 0xD8, 0x01, 0x00, 0x00,
            0x3D, 0x00, 0x04, 0x00, 0x48, 0x00, 0x00, 0x00, 0xDA, 0x01, 0x00, 0x00, 0xD9, 0x01, 0x00, 0x00,
            0x41, 0x00, 0x05, 0x00, 0x44, 0x00, 0x00, 0x00, 0xDB, 0x01, 0x00, 0x00, 0x22, 0x00, 0x00, 0x00,
            0x4F, 0x00, 0x00, 0x00, 0x3D, 0x00, 0x04, 0x00, 0x1C, 0x00, 0x00, 0x00, 0xDC, 0x01, 0x00, 0x00,
            0xDB, 0x01, 0x00, 0x00, 0x51, 0x00, 0x05, 0x00, 0x17, 0x00, 0x00, 0x00, 0xDD, 0x01, 0x00, 0x00,
            0xDC, 0x01, 0x00, 0x00, 0x00, 0x00, 0x00, 0x00, 0x43, 0x11, 0x06, 0x00, 0x4B, 0x00, 0x00, 0x00,
            0xDE, 0x01, 0x00, 0x00, 0x55, 0x00, 0x00, 0x00, 0x57, 0x00, 0x00, 0x00, 0xDD, 0x01, 0x00, 0x00,
            0x3D, 0x00, 0x04, 0x00, 0x53, 0x00, 0x00, 0x00, 0xDF, 0x01, 0x00, 0x00, 0xDE, 0x01, 0x00, 0x00,
            0x56, 0x00, 0x05, 0x00, 0x59, 0x00, 0x00, 0x00, 0xE0, 0x01, 0x00, 0x00, 0xDA, 0x01, 0x00, 0x00,
            0xDF, 0x01, 0x00, 0x00, 0x60, 0x00, 0x06, 0x00, 0x09, 0x00, 0x00, 0x00, 0xE1, 0x01, 0x00, 0x00,
            0xE0, 0x01, 0x00, 0x00, 0xB8, 0x00, 0x00, 0x00, 0x24, 0x00, 0x00, 0x00, 0x3E, 0x00, 0x03, 0x00,
            0xD4, 0x01, 0x00, 0x00, 0xE1, 0x01, 0x00, 0x00, 0x3D, 0x00, 0x04, 0x00, 0x09, 0x00, 0x00, 0x00,
            0xB9, 0x00, 0x00, 0x00, 0xD4, 0x01, 0x00, 0x00, 0x41, 0x00, 0x05, 0x00, 0x60, 0x00, 0x00, 0x00,
            0xBB, 0x00, 0x00, 0x00, 0x0F, 0x00, 0x00, 0x00, 0x43, 0x00, 0x00, 0x00, 0x51, 0x00, 0x05, 0x00,
            0x08, 0x00, 0x00, 0x00, 0xBC, 0x00, 0x00, 0x00, 0xB9, 0x00, 0x00, 0x00, 0x01, 0x00, 0x00, 0x00,
            0x3E, 0x00, 0x03, 0x00, 0xBB, 0x00, 0x00, 0x00, 0xBC, 0x00, 0x00, 0x00, 0x41, 0x00, 0x05, 0x00,
            0x60, 0x00, 0x00, 0x00, 0xBD, 0x00, 0x00, 0x00, 0x0F, 0x00, 0x00, 0x00, 0xBE, 0x00, 0x00, 0x00,
            0x51, 0x00, 0x05, 0x00, 0x08, 0x00, 0x00, 0x00, 0xBF, 0x00, 0x00, 0x00, 0xB9, 0x00, 0x00, 0x00,
            0x00, 0x00, 0x00, 0x00, 0x3E, 0x00, 0x03, 0x00, 0xBD, 0x00, 0x00, 0x00, 0xBF, 0x00, 0x00, 0x00,
            0x81, 0x00, 0x05, 0x00, 0x08, 0x00, 0x00, 0x00, 0xC1, 0x00, 0x00, 0x00, 0x8C, 0x00, 0x00, 0x00,
            0x8B, 0x00, 0x00, 0x00, 0x51, 0x00, 0x05, 0x00, 0x08, 0x00, 0x00, 0x00, 0xC2, 0x00, 0x00, 0x00,
            0xA6, 0x00, 0x00, 0x00, 0x00, 0x00, 0x00, 0x00, 0x81, 0x00, 0x05, 0x00, 0x08, 0x00, 0x00, 0x00,
            0xC3, 0x00, 0x00, 0x00, 0xC1, 0x00, 0x00, 0x00, 0xC2, 0x00, 0x00, 0x00, 0x51, 0x00, 0x05, 0x00,
            0x08, 0x00, 0x00, 0x00, 0xC4, 0x00, 0x00, 0x00, 0xA6, 0x00, 0x00, 0x00, 0x03, 0x00, 0x00, 0x00,
            0x81, 0x00, 0x05, 0x00, 0x08, 0x00, 0x00, 0x00, 0xC5, 0x00, 0x00, 0x00, 0xC3, 0x00, 0x00, 0x00,
            0xC4, 0x00, 0x00, 0x00, 0x85, 0x00, 0x05, 0x00, 0x08, 0x00, 0x00, 0x00, 0xC6, 0x00, 0x00, 0x00,
            0xC5, 0x00, 0x00, 0x00, 0xC7, 0x00, 0x00, 0x00, 0x50, 0x00, 0x07, 0x00, 0x09, 0x00, 0x00, 0x00,
            0xC8, 0x00, 0x00, 0x00, 0xC6, 0x00, 0x00, 0x00, 0xC6, 0x00, 0x00, 0x00, 0xC6, 0x00, 0x00, 0x00,
            0xC6, 0x00, 0x00, 0x00, 0x83, 0x00, 0x05, 0x00, 0x09, 0x00, 0x00, 0x00, 0xC9, 0x00, 0x00, 0x00,
            0x79, 0x00, 0x00, 0x00, 0xC8, 0x00, 0x00, 0x00, 0x83, 0x00, 0x05, 0x00, 0x09, 0x00, 0x00, 0x00,
            0xCA, 0x00, 0x00, 0x00, 0xA6, 0x00, 0x00, 0x00, 0xC8, 0x00, 0x00, 0x00, 0x3D, 0x00, 0x04, 0x00,
            0x09, 0x00, 0x00, 0x00, 0xCB, 0x00, 0x00, 0x00, 0x0F, 0x00, 0x00, 0x00, 0x83, 0x00, 0x05, 0x00,
            0x09, 0x00, 0x00, 0x00, 0xCC, 0x00, 0x00, 0x00, 0xCB, 0x00, 0x00, 0x00, 0xC8, 0x00, 0x00, 0x00,
            0x3E, 0x00, 0x03, 0x00, 0x0F, 0x00, 0x00, 0x00, 0xCC, 0x00, 0x00, 0x00, 0x41, 0x00, 0x05, 0x00,
            0x60, 0x00, 0x00, 0x00, 0xCE, 0x00, 0x00, 0x00, 0x0B, 0x00, 0x00, 0x00, 0xBE, 0x00, 0x00, 0x00,
            0x3D, 0x00, 0x04, 0x00, 0x08, 0x00, 0x00, 0x00, 0xCF, 0x00, 0x00, 0x00, 0x8F, 0x00, 0x00, 0x00,
            0x83, 0x00, 0x05, 0x00, 0x08, 0x00, 0x00, 0x00, 0xD0, 0x00, 0x00, 0x00, 0xCF, 0x00, 0x00, 0x00,
            0xC6, 0x00, 0x00, 0x00, 0x3E, 0x00, 0x03, 0x00, 0xCE, 0x00, 0x00, 0x00, 0xD0, 0x00, 0x00, 0x00,
            0x51, 0x00, 0x05, 0x00, 0x08, 0x00, 0x00, 0x00, 0xD2, 0x00, 0x00, 0x00, 0xC9, 0x00, 0x00, 0x00,
            0x00, 0x00, 0x00, 0x00, 0x0C, 0x00, 0x06, 0x00, 0x08, 0x00, 0x00, 0x00, 0xD3, 0x00, 0x00, 0x00,
            0x72, 0x00, 0x00, 0x00, 0x04, 0x00, 0x00, 0x00, 0xD2, 0x00, 0x00, 0x00, 0x51, 0x00, 0x05, 0x00,
            0x08, 0x00, 0x00, 0x00, 0xD4, 0x00, 0x00, 0x00, 0xC9, 0x00, 0x00, 0x00, 0x01, 0x00, 0x00, 0x00,
            0x0C, 0x00, 0x06, 0x00, 0x08, 0x00, 0x00, 0x00, 0xD5, 0x00, 0x00, 0x00, 0x72, 0x00, 0x00, 0x00,
            0x04, 0x00, 0x00, 0x00, 0xD4, 0x00, 0x00, 0x00, 0x81, 0x00, 0x05, 0x00, 0x08, 0x00, 0x00, 0x00,
            0xD6, 0x00, 0x00, 0x00, 0xD3, 0x00, 0x00, 0x00, 0xD5, 0x00, 0x00, 0x00, 0x51, 0x00, 0x05, 0x00,
            0x08, 0x00, 0x00, 0x00, 0xD7, 0x00, 0x00, 0x00, 0xC9, 0x00, 0x00, 0x00, 0x02, 0x00, 0x00, 0x00,
            0x0C, 0x00, 0x06, 0x00, 0x08, 0x00, 0x00, 0x00, 0xD8, 0x00, 0x00, 0x00, 0x72, 0x00, 0x00, 0x00,
            0x04, 0x00, 0x00, 0x00, 0xD7, 0x00, 0x00, 0x00, 0x81, 0x00, 0x05, 0x00, 0x08, 0x00, 0x00, 0x00,
            0xD9, 0x00, 0x00, 0x00, 0xD6, 0x00, 0x00, 0x00, 0xD8, 0x00, 0x00, 0x00, 0x51, 0x00, 0x05, 0x00,
            0x08, 0x00, 0x00, 0x00, 0xDA, 0x00, 0x00, 0x00, 0xC9, 0x00, 0x00, 0x00, 0x03, 0x00, 0x00, 0x00,
            0x0C, 0x00, 0x06, 0x00, 0x08, 0x00, 0x00, 0x00, 0xDB, 0x00, 0x00, 0x00, 0x72, 0x00, 0x00, 0x00,
            0x04, 0x00, 0x00, 0x00, 0xDA, 0x00, 0x00, 0x00, 0x81, 0x00, 0x05, 0x00, 0x08, 0x00, 0x00, 0x00,
            0xDC, 0x00, 0x00, 0x00, 0xD9, 0x00, 0x00, 0x00, 0xDB, 0x00, 0x00, 0x00, 0x51, 0x00, 0x05, 0x00,
            0x08, 0x00, 0x00, 0x00, 0xDD, 0x00, 0x00, 0x00, 0xCA, 0x00, 0x00, 0x00, 0x00, 0x00, 0x00, 0x00,
            0x0C, 0x00, 0x06, 0x00, 0x08, 0x00, 0x00, 0x00, 0xDE, 0x00, 0x00, 0x00, 0x72, 0x00, 0x00, 0x00,
            0x04, 0x00, 0x00, 0x00, 0xDD, 0x00, 0x00, 0x00, 0x51, 0x00, 0x05, 0x00, 0x08, 0x00, 0x00, 0x00,
            0xDF, 0x00, 0x00, 0x00, 0xCA, 0x00, 0x00, 0x00, 0x01, 0x00, 0x00, 0x00, 0x0C, 0x00, 0x06, 0x00,
            0x08, 0x00, 0x00, 0x00, 0xE0, 0x00, 0x00, 0x00, 0x72, 0x00, 0x00, 0x00, 0x04, 0x00, 0x00, 0x00,
            0xDF, 0x00, 0x00, 0x00, 0x81, 0x00, 0x05, 0x00, 0x08, 0x00, 0x00, 0x00, 0xE1, 0x00, 0x00, 0x00,
            0xDE, 0x00, 0x00, 0x00, 0xE0, 0x00, 0x00, 0x00, 0x51, 0x00, 0x05, 0x00, 0x08, 0x00, 0x00, 0x00,
            0xE2, 0x00, 0x00, 0x00, 0xCA, 0x00, 0x00, 0x00, 0x02, 0x00, 0x00, 0x00, 0x0C, 0x00, 0x06, 0x00,
            0x08, 0x00, 0x00, 0x00, 0xE3, 0x00, 0x00, 0x00, 0x72, 0x00, 0x00, 0x00, 0x04, 0x00, 0x00, 0x00,
            0xE2, 0x00, 0x00, 0x00, 0x81, 0x00, 0x05, 0x00, 0x08, 0x00, 0x00, 0x00, 0xE4, 0x00, 0x00, 0x00,
            0xE1, 0x00, 0x00, 0x00, 0xE3, 0x00, 0x00, 0x00, 0x51, 0x00, 0x05, 0x00, 0x08, 0x00, 0x00, 0x00,
            0xE5, 0x00, 0x00, 0x00, 0xCA, 0x00, 0x00, 0x00, 0x03, 0x00, 0x00, 0x00, 0x0C, 0x00, 0x06, 0x00,
            0x08, 0x00, 0x00, 0x00, 0xE6, 0x00, 0x00, 0x00, 0x72, 0x00, 0x00, 0x00, 0x04, 0x00, 0x00, 0x00,
            0xE5, 0x00, 0x00, 0x00, 0x81, 0x00, 0x05, 0x00, 0x08, 0x00, 0x00, 0x00, 0xE7, 0x00, 0x00, 0x00,
            0xE4, 0x00, 0x00, 0x00, 0xE6, 0x00, 0x00, 0x00, 0x81, 0x00, 0x05, 0x00, 0x08, 0x00, 0x00, 0x00,
            0xE8, 0x00, 0x00, 0x00, 0xDC, 0x00, 0x00, 0x00, 0xE7, 0x00, 0x00, 0x00, 0x51, 0x00, 0x05, 0x00,
            0x08, 0x00, 0x00, 0x00, 0xE9, 0x00, 0x00, 0x00, 0xCC, 0x00, 0x00, 0x00, 0x00, 0x00, 0x00, 0x00,
            0x0C, 0x00, 0x06, 0x00, 0x08, 0x00, 0x00, 0x00, 0xEA, 0x00, 0x00, 0x00, 0x72, 0x00, 0x00, 0x00,
            0x04, 0x00, 0x00, 0x00, 0xE9, 0x00, 0x00, 0x00, 0x51, 0x00, 0x05, 0x00, 0x08, 0x00, 0x00, 0x00,
            0xEB, 0x00, 0x00, 0x00, 0xCC, 0x00, 0x00, 0x00, 0x01, 0x00, 0x00, 0x00, 0x0C, 0x00, 0x06, 0x00,
            0x08, 0x00, 0x00, 0x00, 0xEC, 0x00, 0x00, 0x00, 0x72, 0x00, 0x00, 0x00, 0x04, 0x00, 0x00, 0x00,
            0xEB, 0x00, 0x00, 0x00, 0x81, 0x00, 0x05, 0x00, 0x08, 0x00, 0x00, 0x00, 0xED, 0x00, 0x00, 0x00,
            0xEA, 0x00, 0x00, 0x00, 0xEC, 0x00, 0x00, 0x00, 0x51, 0x00, 0x05, 0x00, 0x08, 0x00, 0x00, 0x00,
            0xEE, 0x00, 0x00, 0x00, 0xCC, 0x00, 0x00, 0x00, 0x02, 0x00, 0x00, 0x00, 0x0C, 0x00, 0x06, 0x00,
            0x08, 0x00, 0x00, 0x00, 0xEF, 0x00, 0x00, 0x00, 0x72, 0x00, 0x00, 0x00, 0x04, 0x00, 0x00, 0x00,
            0xEE, 0x00, 0x00, 0x00, 0x81, 0x00, 0x05, 0x00, 0x08, 0x00, 0x00, 0x00, 0xF0, 0x00, 0x00, 0x00,
            0xED, 0x00, 0x00, 0x00, 0xEF, 0x00, 0x00, 0x00, 0x51, 0x00, 0x05, 0x00, 0x08, 0x00, 0x00, 0x00,
            0xF1, 0x00, 0x00, 0x00, 0xCC, 0x00, 0x00, 0x00, 0x03, 0x00, 0x00, 0x00, 0x0C, 0x00, 0x06, 0x00,
            0x08, 0x00, 0x00, 0x00, 0xF2, 0x00, 0x00, 0x00, 0x72, 0x00, 0x00, 0x00, 0x04, 0x00, 0x00, 0x00,
            0xF1, 0x00, 0x00, 0x00, 0x81, 0x00, 0x05, 0x00, 0x08, 0x00, 0x00, 0x00, 0xF3, 0x00, 0x00, 0x00,
            0xF0, 0x00, 0x00, 0x00, 0xF2, 0x00, 0x00, 0x00, 0x81, 0x00, 0x05, 0x00, 0x08, 0x00, 0x00, 0x00,
            0xF4, 0x00, 0x00, 0x00, 0xE8, 0x00, 0x00, 0x00, 0xF3, 0x00, 0x00, 0x00, 0x85, 0x00, 0x05, 0x00,
            0x08, 0x00, 0x00, 0x00, 0x73, 0x03, 0x00, 0x00, 0xF4, 0x00, 0x00, 0x00, 0xF4, 0x00, 0x00, 0x00,
            0x88, 0x00, 0x05, 0x00, 0x08, 0x00, 0x00, 0x00, 0xF7, 0x00, 0x00, 0x00, 0x72, 0x03, 0x00, 0x00,
            0x73, 0x03, 0x00, 0x00, 0x51, 0x00, 0x05, 0x00, 0x08, 0x00, 0x00, 0x00, 0xE6, 0x01, 0x00, 0x00,
            0xCA, 0x00, 0x00, 0x00, 0x00, 0x00, 0x00, 0x00, 0x51, 0x00, 0x05, 0x00, 0x08, 0x00, 0x00, 0x00,
            0xE7, 0x01, 0x00, 0x00, 0xC9, 0x00, 0x00, 0x00, 0x02, 0x00, 0x00, 0x00, 0x83, 0x00, 0x05, 0x00,
            0x08, 0x00, 0x00, 0x00, 0xE9, 0x01, 0x00, 0x00, 0xE6, 0x01, 0x00, 0x00, 0xE7, 0x01, 0x00, 0x00,
            0x51, 0x00, 0x05, 0x00, 0x08, 0x00, 0x00, 0x00, 0xEA, 0x01, 0x00, 0x00, 0xCA, 0x00, 0x00, 0x00,
            0x03, 0x00, 0x00, 0x00, 0x51, 0x00, 0x05, 0x00, 0x08, 0x00, 0x00, 0x00, 0xEB, 0x01, 0x00, 0x00,
            0xC9, 0x00, 0x00, 0x00, 0x01, 0x00, 0x00, 0x00, 0x83, 0x00, 0x05, 0x00, 0x08, 0x00, 0x00, 0x00,
            0xED, 0x01, 0x00, 0x00, 0xEA, 0x01, 0x00, 0x00, 0xEB, 0x01, 0x00, 0x00, 0x41, 0x00, 0x05, 0x00,
            0x60, 0x00, 0x00, 0x00, 0xEE, 0x01, 0x00, 0x00, 0xE3, 0x01, 0x00, 0x00, 0x62, 0x00, 0x00, 0x00,
            0x81, 0x00, 0x05, 0x00, 0x08, 0x00, 0x00, 0x00, 0xEF, 0x01, 0x00, 0x00, 0xE9, 0x01, 0x00, 0x00,
            0xED, 0x01, 0x00, 0x00, 0x3E, 0x00, 0x03, 0x00, 0xEE, 0x01, 0x00, 0x00, 0xEF, 0x01, 0x00, 0x00,
            0x41, 0x00, 0x05, 0x00, 0x60, 0x00, 0x00, 0x00, 0xF0, 0x01, 0x00, 0x00, 0xE3, 0x01, 0x00, 0x00,
            0x24, 0x00, 0x00, 0x00, 0x83, 0x00, 0x05, 0x00, 0x08, 0x00, 0x00, 0x00, 0xF2, 0x01, 0x00, 0x00,
            0xE9, 0x01, 0x00, 0x00, 0xED, 0x01, 0x00, 0x00, 0x3E, 0x00, 0x03, 0x00, 0xF0, 0x01, 0x00, 0x00,
            0xF2, 0x01, 0x00, 0x00, 0x3D, 0x00, 0x04, 0x00, 0x0C, 0x00, 0x00, 0x00, 0xF3, 0x01, 0x00, 0x00,
            0xE3, 0x01, 0x00, 0x00, 0x51, 0x00, 0x05, 0x00, 0x08, 0x00, 0x00, 0x00, 0xF4, 0x01, 0x00, 0x00,
            0xF3, 0x01, 0x00, 0x00, 0x00, 0x00, 0x00, 0x00, 0x3D, 0x00, 0x04, 0x00, 0x0C, 0x00, 0x00, 0x00,
            0xF5, 0x01, 0x00, 0x00, 0xE3, 0x01, 0x00, 0x00, 0x51, 0x00, 0x05, 0x00, 0x08, 0x00, 0x00, 0x00,
            0xF6, 0x01, 0x00, 0x00, 0xF5, 0x01, 0x00, 0x00, 0x00, 0x00, 0x00, 0x00, 0x85, 0x00, 0x05, 0x00,
            0x08, 0x00, 0x00, 0x00, 0xF7, 0x01, 0x00, 0x00, 0xF4, 0x01, 0x00, 0x00, 0xF6, 0x01, 0x00, 0x00,
            0x81, 0x00, 0x05, 0x00, 0x08, 0x00, 0x00, 0x00, 0xF8, 0x01, 0x00, 0x00, 0xF7, 0x01, 0x00, 0x00,
            0x15, 0x01, 0x00, 0x00, 0x3D, 0x00, 0x04, 0x00, 0x0C, 0x00, 0x00, 0x00, 0xF9, 0x01, 0x00, 0x00,
            0xE3, 0x01, 0x00, 0x00, 0x51, 0x00, 0x05, 0x00, 0x08, 0x00, 0x00, 0x00, 0xFA, 0x01, 0x00, 0x00,
            0xF9, 0x01, 0x00, 0x00, 0x01, 0x00, 0x00, 0x00, 0x3D, 0x00, 0x04, 0x00, 0x0C, 0x00, 0x00, 0x00,
            0xFB, 0x01, 0x00, 0x00, 0xE3, 0x01, 0x00, 0x00, 0x51, 0x00, 0x05, 0x00, 0x08, 0x00, 0x00, 0x00,
            0xFC, 0x01, 0x00, 0x00, 0xFB, 0x01, 0x00, 0x00, 0x01, 0x00, 0x00, 0x00, 0x85, 0x00, 0x05, 0x00,
            0x08, 0x00, 0x00, 0x00, 0xFD, 0x01, 0x00, 0x00, 0xFA, 0x01, 0x00, 0x00, 0xFC, 0x01, 0x00, 0x00,
            0x81, 0x00, 0x05, 0x00, 0x08, 0x00, 0x00, 0x00, 0xFE, 0x01, 0x00, 0x00, 0xF8, 0x01, 0x00, 0x00,
            0xFD, 0x01, 0x00, 0x00, 0x0C, 0x00, 0x06, 0x00, 0x08, 0x00, 0x00, 0x00, 0xFF, 0x01, 0x00, 0x00,
            0x72, 0x00, 0x00, 0x00, 0x20, 0x00, 0x00, 0x00, 0xFE, 0x01, 0x00, 0x00, 0x41, 0x00, 0x05, 0x00,
            0x60, 0x00, 0x00, 0x00, 0x00, 0x02, 0x00, 0x00, 0xE2, 0x01, 0x00, 0x00, 0x62, 0x00, 0x00, 0x00,
            0x3D, 0x00, 0x04, 0x00, 0x0C, 0x00, 0x00, 0x00, 0x01, 0x02, 0x00, 0x00, 0xE3, 0x01, 0x00, 0x00,
            0x51, 0x00, 0x05, 0x00, 0x08, 0x00, 0x00, 0x00, 0x02, 0x02, 0x00, 0x00, 0x01, 0x02, 0x00, 0x00,
            0x00, 0x00, 0x00, 0x00, 0x85, 0x00, 0x05, 0x00, 0x08, 0x00, 0x00, 0x00, 0x03, 0x02, 0x00, 0x00,
            0x02, 0x02, 0x00, 0x00, 0xFF, 0x01, 0x00, 0x00, 0x3E, 0x00, 0x03, 0x00, 0x00, 0x02, 0x00, 0x00,
            0x03, 0x02, 0x00, 0x00, 0x41, 0x00, 0x05, 0x00, 0x60, 0x00, 0x00, 0x00, 0x04, 0x02, 0x00, 0x00,
            0xE2, 0x01, 0x00, 0x00, 0x24, 0x00, 0x00, 0x00, 0x3D, 0x00, 0x04, 0x00, 0x0C, 0x00, 0x00, 0x00,
            0x05, 0x02, 0x00, 0x00, 0xE3, 0x01, 0x00, 0x00, 0x51, 0x00, 0x05, 0x00, 0x08, 0x00, 0x00, 0x00,
            0x06, 0x02, 0x00, 0x00, 0x05, 0x02, 0x00, 0x00, 0x01, 0x00, 0x00, 0x00, 0x85, 0x00, 0x05, 0x00,
            0x08, 0x00, 0x00, 0x00, 0x07, 0x02, 0x00, 0x00, 0x06, 0x02, 0x00, 0x00, 0xFF, 0x01, 0x00, 0x00,
            0x3E, 0x00, 0x03, 0x00, 0x04, 0x02, 0x00, 0x00, 0x07, 0x02, 0x00, 0x00, 0x3D, 0x00, 0x04, 0x00,
            0x0C, 0x00, 0x00, 0x00, 0x08, 0x02, 0x00, 0x00, 0xE2, 0x01, 0x00, 0x00, 0x3E, 0x00, 0x03, 0x00,
            0xE4, 0x01, 0x00, 0x00, 0x08, 0x02, 0x00, 0x00, 0x3D, 0x00, 0x04, 0x00, 0x0C, 0x00, 0x00, 0x00,
            0xF8, 0x00, 0x00, 0x00, 0xE4, 0x01, 0x00, 0x00, 0x51, 0x00, 0x05, 0x00, 0x08, 0x00, 0x00, 0x00,
            0x2A, 0x01, 0x00, 0x00, 0x78, 0x00, 0x00, 0x00, 0x00, 0x00, 0x00, 0x00, 0x51, 0x00, 0x05, 0x00,
            0x08, 0x00, 0x00, 0x00, 0x2B, 0x01, 0x00, 0x00, 0x78, 0x00, 0x00, 0x00, 0x01, 0x00, 0x00, 0x00,
            0x81, 0x00, 0x05, 0x00, 0x08, 0x00, 0x00, 0x00, 0x2C, 0x01, 0x00, 0x00, 0x2B, 0x01, 0x00, 0x00,
            0x2D, 0x01, 0x00, 0x00, 0x51, 0x00, 0x05, 0x00, 0x08, 0x00, 0x00, 0x00, 0x0D, 0x02, 0x00, 0x00,
            0xF8, 0x00, 0x00, 0x00, 0x01, 0x00, 0x00, 0x00, 0x85, 0x00, 0x05, 0x00, 0x08, 0x00, 0x00, 0x00,
            0x0E, 0x02, 0x00, 0x00, 0x2A, 0x01, 0x00, 0x00, 0x0D, 0x02, 0x00, 0x00, 0x51, 0x00, 0x05, 0x00,
            0x08, 0x00, 0x00, 0x00, 0x0F, 0x02, 0x00, 0x00, 0xF8, 0x00, 0x00, 0x00, 0x00, 0x00, 0x00, 0x00,
            0x85, 0x00, 0x05, 0x00, 0x08, 0x00, 0x00, 0x00, 0x10, 0x02, 0x00, 0x00, 0x2C, 0x01, 0x00, 0x00,
            0x0F, 0x02, 0x00, 0x00, 0x81, 0x00, 0x05, 0x00, 0x08, 0x00, 0x00, 0x00, 0x11, 0x02, 0x00, 0x00,
            0x0E, 0x02, 0x00, 0x00, 0x10, 0x02, 0x00, 0x00, 0x85, 0x00, 0x05, 0x00, 0x08, 0x00, 0x00, 0x00,
            0x12, 0x02, 0x00, 0x00, 0x2A, 0x01, 0x00, 0x00, 0x2A, 0x01, 0x00, 0x00, 0x85, 0x00, 0x05, 0x00,
            0x08, 0x00, 0x00, 0x00, 0x13, 0x02, 0x00, 0x00, 0x2C, 0x01, 0x00, 0x00, 0x2C, 0x01, 0x00, 0x00,
            0x81, 0x00, 0x05, 0x00, 0x08, 0x00, 0x00, 0x00, 0x14, 0x02, 0x00, 0x00, 0x12, 0x02, 0x00, 0x00,
            0x13, 0x02, 0x00, 0x00, 0x85, 0x00, 0x05, 0x00, 0x08, 0x00, 0x00, 0x00, 0x15, 0x02, 0x00, 0x00,
            0x11, 0x02, 0x00, 0x00, 0x11, 0x02, 0x00, 0x00, 0x85, 0x00, 0x05, 0x00, 0x08, 0x00, 0x00, 0x00,
            0x16, 0x02, 0x00, 0x00, 0xE9, 0x00, 0x00, 0x00, 0xE9, 0x00, 0x00, 0x00, 0x85, 0x00, 0x05, 0x00,
            0x08, 0x00, 0x00, 0x00, 0x17, 0x02, 0x00, 0x00, 0x16, 0x02, 0x00, 0x00, 0xF7, 0x00, 0x00, 0x00,
            0x0C, 0x00, 0x08, 0x00, 0x08, 0x00, 0x00, 0x00, 0x18, 0x02, 0x00, 0x00, 0x72, 0x00, 0x00, 0x00,
            0x2B, 0x00, 0x00, 0x00, 0x17, 0x02, 0x00, 0x00, 0x5C, 0x00, 0x00, 0x00, 0x2D, 0x01, 0x00, 0x00,
            0x85, 0x00, 0x05, 0x00, 0x08, 0x00, 0x00, 0x00, 0x19, 0x02, 0x00, 0x00, 0x18, 0x02, 0x00, 0x00,
            0x45, 0x01, 0x00, 0x00, 0x81, 0x00, 0x05, 0x00, 0x08, 0x00, 0x00, 0x00, 0x1A, 0x02, 0x00, 0x00,
            0x19, 0x02, 0x00, 0x00, 0x47, 0x01, 0x00, 0x00, 0x85, 0x00, 0x05, 0x00, 0x08, 0x00, 0x00, 0x00,
            0x1B, 0x02, 0x00, 0x00, 0x15, 0x02, 0x00, 0x00, 0x1A, 0x02, 0x00, 0x00, 0x81, 0x00, 0x05, 0x00,
            0x08, 0x00, 0x00, 0x00, 0x1C, 0x02, 0x00, 0x00, 0x14, 0x02, 0x00, 0x00, 0x1B, 0x02, 0x00, 0x00,
            0x83, 0x00, 0x05, 0x00, 0x08, 0x00, 0x00, 0x00, 0x22, 0x02, 0x00, 0x00, 0x1C, 0x02, 0x00, 0x00,
            0x50, 0x01, 0x00, 0x00, 0x85, 0x00, 0x05, 0x00, 0x08, 0x00, 0x00, 0x00, 0x23, 0x02, 0x00, 0x00,
            0x1C, 0x02, 0x00, 0x00, 0x22, 0x02, 0x00, 0x00, 0x83, 0x00, 0x05, 0x00, 0x08, 0x00, 0x00, 0x00,
            0x24, 0x02, 0x00, 0x00, 0x23, 0x02, 0x00, 0x00, 0x22, 0x02, 0x00, 0x00, 0x85, 0x00, 0x05, 0x00,
            0x08, 0x00, 0x00, 0x00, 0x25, 0x02, 0x00, 0x00, 0x22, 0x02, 0x00, 0x00, 0x22, 0x02, 0x00, 0x00,
            0x85, 0x00, 0x05, 0x00, 0x08, 0x00, 0x00, 0x00, 0x26, 0x02, 0x00, 0x00, 0x24, 0x02, 0x00, 0x00,
            0x25, 0x02, 0x00, 0x00, 0x3E, 0x00, 0x03, 0x00, 0x20, 0x02, 0x00, 0x00, 0x26, 0x02, 0x00, 0x00,
            0x3D, 0x00, 0x04, 0x00, 0x08, 0x00, 0x00, 0x00, 0x1D, 0x02, 0x00, 0x00, 0x20, 0x02, 0x00, 0x00,
            0x85, 0x00, 0x05, 0x00, 0x08, 0x00, 0x00, 0x00, 0x1E, 0x02, 0x00, 0x00, 0x1D, 0x02, 0x00, 0x00,
            0xE9, 0x00, 0x00, 0x00, 0x50, 0x00, 0x05, 0x00, 0x0C, 0x00, 0x00, 0x00, 0x1F, 0x02, 0x00, 0x00,
            0x1D, 0x02, 0x00, 0x00, 0x1E, 0x02, 0x00, 0x00, 0x3E, 0x00, 0x03, 0x00, 0x09, 0x02, 0x00, 0x00,
            0x1F, 0x02, 0x00, 0x00, 0x3D, 0x00, 0x04, 0x00, 0x0C, 0x00, 0x00, 0x00, 0x2E, 0x01, 0x00, 0x00,
            0x09, 0x02, 0x00, 0x00, 0x83, 0x00, 0x05, 0x00, 0x08, 0x00, 0x00, 0x00, 0x59, 0x01, 0x00, 0x00,
            0x2A, 0x01, 0x00, 0x00, 0x2D, 0x01, 0x00, 0x00, 0x51, 0x00, 0x05, 0x00, 0x08, 0x00, 0x00, 0x00,
            0x2B, 0x02, 0x00, 0x00, 0xF8, 0x00, 0x00, 0x00, 0x01, 0x00, 0x00, 0x00, 0x85, 0x00, 0x05, 0x00,
            0x08, 0x00, 0x00, 0x00, 0x2C, 0x02, 0x00, 0x00, 0x59, 0x01, 0x00, 0x00, 0x2B, 0x02, 0x00, 0x00,
            0x51, 0x00, 0x05, 0x00, 0x08, 0x00, 0x00, 0x00, 0x2D, 0x02, 0x00, 0x00, 0xF8, 0x00, 0x00, 0x00,
            0x00, 0x00, 0x00, 0x00, 0x85, 0x00, 0x05, 0x00, 0x08, 0x00, 0x00, 0x00, 0x2E, 0x02, 0x00, 0x00,
            0x2C, 0x01, 0x00, 0x00, 0x2D, 0x02, 0x00, 0x00, 0x81, 0x00, 0x05, 0x00, 0x08, 0x00, 0x00, 0x00,
            0x2F, 0x02, 0x00, 0x00, 0x2C, 0x02, 0x00, 0x00, 0x2E, 0x02, 0x00, 0x00, 0x85, 0x00, 0x05, 0x00,
            0x08, 0x00, 0x00, 0x00, 0x30, 0x02, 0x00, 0x00, 0x59, 0x01, 0x00, 0x00, 0x59, 0x01, 0x00, 0x00,
            0x85, 0x00, 0x05, 0x00, 0x08, 0x00, 0x00, 0x00, 0x31, 0x02, 0x00, 0x00, 0x2C, 0x01, 0x00, 0x00,
            0x2C, 0x01, 0x00, 0x00, 0x81, 0x00, 0x05, 0x00, 0x08, 0x00, 0x00, 0x00, 0x32, 0x02, 0x00, 0x00,
            0x30, 0x02, 0x00, 0x00, 0x31, 0x02, 0x00, 0x00, 0x85, 0x00, 0x05, 0x00, 0x08, 0x00, 0x00, 0x00,
            0x33, 0x02, 0x00, 0x00, 0x2F, 0x02, 0x00, 0x00, 0x2F, 0x02, 0x00, 0x00, 0x85, 0x00, 0x05, 0x00,
            0x08, 0x00, 0x00, 0x00, 0x34, 0x02, 0x00, 0x00, 0xEB, 0x00, 0x00, 0x00, 0xEB, 0x00, 0x00, 0x00,
            0x85, 0x00, 0x05, 0x00, 0x08, 0x00, 0x00, 0x00, 0x35, 0x02, 0x00, 0x00, 0x34, 0x02, 0x00, 0x00,
            0xF7, 0x00, 0x00, 0x00, 0x0C, 0x00, 0x08, 0x00, 0x08, 0x00, 0x00, 0x00, 0x36, 0x02, 0x00, 0x00,
            0x72, 0x00, 0x00, 0x00, 0x2B, 0x00, 0x00, 0x00, 0x35, 0x02, 0x00, 0x00, 0x5C, 0x00, 0x00, 0x00,
            0x2D, 0x01, 0x00, 0x00, 0x85, 0x00, 0x05, 0x00, 0x08, 0x00, 0x00, 0x00, 0x37, 0x02, 0x00, 0x00,
            0x36, 0x02, 0x00, 0x00, 0x45, 0x01, 0x00, 0x00, 0x81, 0x00, 0x05, 0x00, 0x08, 0x00, 0x00, 0x00,
            0x38, 0x02, 0x00, 0x00, 0x37, 0x02, 0x00, 0x00, 0x47, 0x01, 0x00, 0x00, 0x85, 0x00, 0x05, 0x00,
            0x08, 0x00, 0x00, 0x00, 0x39, 0x02, 0x00, 0x00, 0x33, 0x02, 0x00, 0x00, 0x38, 0x02, 0x00, 0x00,
            0x81, 0x00, 0x05, 0x00, 0x08, 0x00, 0x00, 0x00, 0x3A, 0x02, 0x00, 0x00, 0x32, 0x02, 0x00, 0x00,
            0x39, 0x02, 0x00, 0x00, 0x83, 0x00, 0x05, 0x00, 0x08, 0x00, 0x00, 0x00, 0x40, 0x02, 0x00, 0x00,
            0x3A, 0x02, 0x00, 0x00, 0x50, 0x01, 0x00, 0x00, 0x85, 0x00, 0x05, 0x00, 0x08, 0x00, 0x00, 0x00,
            0x41, 0x02, 0x00, 0x00, 0x3A, 0x02, 0x00, 0x00, 0x40, 0x02, 0x00, 0x00, 0x83, 0x00, 0x05, 0x00,
            0x08, 0x00, 0x00, 0x00, 0x42, 0x02, 0x00, 0x00, 0x41, 0x02, 0x00, 0x00, 0x40, 0x02, 0x00, 0x00,
            0x85, 0x00, 0x05, 0x00, 0x08, 0x00, 0x00, 0x00, 0x43, 0x02, 0x00, 0x00, 0x40, 0x02, 0x00, 0x00,
            0x40, 0x02, 0x00, 0x00, 0x85, 0x00, 0x05, 0x00, 0x08, 0x00, 0x00, 0x00, 0x44, 0x02, 0x00, 0x00,
            0x42, 0x02, 0x00, 0x00, 0x43, 0x02, 0x00, 0x00, 0x3E, 0x00, 0x03, 0x00, 0x3E, 0x02, 0x00, 0x00,
            0x44, 0x02, 0x00, 0x00, 0x3D, 0x00, 0x04, 0x00, 0x08, 0x00, 0x00, 0x00, 0x3B, 0x02, 0x00, 0x00,
            0x3E, 0x02, 0x00, 0x00, 0x85, 0x00, 0x05, 0x00, 0x08, 0x00, 0x00, 0x00, 0x3C, 0x02, 0x00, 0x00,
            0x3B, 0x02, 0x00, 0x00, 0xEB, 0x00, 0x00, 0x00, 0x50, 0x00, 0x05, 0x00, 0x0C, 0x00, 0x00, 0x00,
            0x3D, 0x02, 0x00, 0x00, 0x3B, 0x02, 0x00, 0x00, 0x3C, 0x02, 0x00, 0x00, 0x3E, 0x00, 0x03, 0x00,
            0x27, 0x02, 0x00, 0x00, 0x3D, 0x02, 0x00, 0x00, 0x3D, 0x00, 0x04, 0x00, 0x0C, 0x00, 0x00, 0x00,
            0x5A, 0x01, 0x00, 0x00, 0x27, 0x02, 0x00, 0x00, 0x81, 0x00, 0x05, 0x00, 0x0C, 0x00, 0x00, 0x00,
            0x5B, 0x01, 0x00, 0x00, 0x2E, 0x01, 0x00, 0x00, 0x5A, 0x01, 0x00, 0x00, 0x83, 0x00, 0x05, 0x00,
            0x08, 0x00, 0x00, 0x00, 0x5C, 0x01, 0x00, 0x00, 0x2B, 0x01, 0x00, 0x00, 0x5D, 0x01, 0x00, 0x00,
            0x51, 0x00, 0x05, 0x00, 0x08, 0x00, 0x00, 0x00, 0x49, 0x02, 0x00, 0x00, 0xF8, 0x00, 0x00, 0x00,
            0x01, 0x00, 0x00, 0x00, 0x85, 0x00, 0x05, 0x00, 0x08, 0x00, 0x00, 0x00, 0x4A, 0x02, 0x00, 0x00,
            0x59, 0x01, 0x00, 0x00, 0x49, 0x02, 0x00, 0x00, 0x51, 0x00, 0x05, 0x00, 0x08, 0x00, 0x00, 0x00,
            0x4B, 0x02, 0x00, 0x00, 0xF8, 0x00, 0x00, 0x00, 0x00, 0x00, 0x00, 0x00, 0x85, 0x00, 0x05, 0x00,
            0x08, 0x00, 0x00, 0x00, 0x4C, 0x02, 0x00, 0x00, 0x5C, 0x01, 0x00, 0x00, 0x4B, 0x02, 0x00, 0x00,
            0x81, 0x00, 0x05, 0x00, 0x08, 0x00, 0x00, 0x00, 0x4D, 0x02, 0x00, 0x00, 0x4A, 0x02, 0x00, 0x00,
            0x4C, 0x02, 0x00, 0x00, 0x85, 0x00, 0x05, 0x00, 0x08, 0x00, 0x00, 0x00, 0x4E, 0x02, 0x00, 0x00,
            0x59, 0x01, 0x00, 0x00, 0x59, 0x01, 0x00, 0x00, 0x85, 0x00, 0x05, 0x00, 0x08, 0x00, 0x00, 0x00,
            0x4F, 0x02, 0x00, 0x00, 0x5C, 0x01, 0x00, 0x00, 0x5C, 0x01, 0x00, 0x00, 0x81, 0x00, 0x05, 0x00,
            0x08, 0x00, 0x00, 0x00, 0x50, 0x02, 0x00, 0x00, 0x4E, 0x02, 0x00, 0x00, 0x4F, 0x02, 0x00, 0x00,
            0x85, 0x00, 0x05, 0x00, 0x08, 0x00, 0x00, 0x00, 0x51, 0x02, 0x00, 0x00, 0x4D, 0x02, 0x00, 0x00,
            0x4D, 0x02, 0x00, 0x00, 0x85, 0x00, 0x05, 0x00, 0x08, 0x00, 0x00, 0x00, 0x52, 0x02, 0x00, 0x00,
            0xEE, 0x00, 0x00, 0x00, 0xEE, 0x00, 0x00, 0x00, 0x85, 0x00, 0x05, 0x00, 0x08, 0x00, 0x00, 0x00,
            0x53, 0x02, 0x00, 0x00, 0x52, 0x02, 0x00, 0x00, 0xF7, 0x00, 0x00, 0x00, 0x0C, 0x00, 0x08, 0x00,
            0x08, 0x00, 0x00, 0x00, 0x54, 0x02, 0x00, 0x00, 0x72, 0x00, 0x00, 0x00, 0x2B, 0x00, 0x00, 0x00,
            0x53, 0x02, 0x00, 0x00, 0x5C, 0x00, 0x00, 0x00, 0x2D, 0x01, 0x00, 0x00, 0x85, 0x00, 0x05, 0x00,
            0x08, 0x00, 0x00, 0x00, 0x55, 0x02, 0x00, 0x00, 0x54, 0x02, 0x00, 0x00, 0x45, 0x01, 0x00, 0x00,
            0x81, 0x00, 0x05, 0x00, 0x08, 0x00, 0x00, 0x00, 0x56, 0x02, 0x00, 0x00, 0x55, 0x02, 0x00, 0x00,
            0x47, 0x01, 0x00, 0x00, 0x85, 0x00, 0x05, 0x00, 0x08, 0x00, 0x00, 0x00, 0x57, 0x02, 0x00, 0x00,
            0x51, 0x02, 0x00, 0x00, 0x56, 0x02, 0x00, 0x00, 0x81, 0x00, 0x05, 0x00, 0x08, 0x00, 0x00, 0x00,
            0x58, 0x02, 0x00, 0x00, 0x50, 0x02, 0x00, 0x00, 0x57, 0x02, 0x00, 0x00, 0x83, 0x00, 0x05, 0x00,
            0x08, 0x00, 0x00, 0x00, 0x5E, 0x02, 0x00, 0x00, 0x58, 0x02, 0x00, 0x00, 0x50, 0x01, 0x00, 0x00,
            0x85, 0x00, 0x05, 0x00, 0x08, 0x00, 0x00, 0x00, 0x5F, 0x02, 0x00, 0x00, 0x58, 0x02, 0x00, 0x00,
            0x5E, 0x02, 0x00, 0x00, 0x83, 0x00, 0x05, 0x00, 0x08, 0x00, 0x00, 0x00, 0x60, 0x02, 0x00, 0x00,
            0x5F, 0x02, 0x00, 0x00, 0x5E, 0x02, 0x00, 0x00, 0x85, 0x00, 0x05, 0x00, 0x08, 0x00, 0x00, 0x00,
            0x61, 0x02, 0x00, 0x00, 0x5E, 0x02, 0x00, 0x00, 0x5E, 0x02, 0x00, 0x00, 0x85, 0x00, 0x05, 0x00,
            0x08, 0x00, 0x00, 0x00, 0x62, 0x02, 0x00, 0x00, 0x60, 0x02, 0x00, 0x00, 0x61, 0x02, 0x00, 0x00,
            0x3E, 0x00, 0x03, 0x00, 0x5C, 0x02, 0x00, 0x00, 0x62, 0x02, 0x00, 0x00, 0x3D, 0x00, 0x04, 0x00,
            0x08, 0x00, 0x00, 0x00, 0x59, 0x02, 0x00, 0x00, 0x5C, 0x02, 0x00, 0x00, 0x85, 0x00, 0x05, 0x00,
            0x08, 0x00, 0x00, 0x00, 0x5A, 0x02, 0x00, 0x00, 0x59, 0x02, 0x00, 0x00, 0xEE, 0x00, 0x00, 0x00,
            0x50, 0x00, 0x05, 0x00, 0x0C, 0x00, 0x00, 0x00, 0x5B, 0x02, 0x00, 0x00, 0x59, 0x02, 0x00, 0x00,
            0x5A, 0x02, 0x00, 0x00, 0x3E, 0x00, 0x03, 0x00, 0x45, 0x02, 0x00, 0x00, 0x5B, 0x02, 0x00, 0x00,
            0x3D, 0x00, 0x04, 0x00, 0x0C, 0x00, 0x00, 0x00, 0x5E, 0x01, 0x00, 0x00, 0x45, 0x02, 0x00, 0x00,
            0x81, 0x00, 0x05, 0x00, 0x0C, 0x00, 0x00, 0x00, 0x5F, 0x01, 0x00, 0x00, 0x5B, 0x01, 0x00, 0x00,
            0x5E, 0x01, 0x00, 0x00, 0x51, 0x00, 0x05, 0x00, 0x08, 0x00, 0x00, 0x00, 0x67, 0x02, 0x00, 0x00,
            0xF8, 0x00, 0x00, 0x00, 0x01, 0x00, 0x00, 0x00, 0x85, 0x00, 0x05, 0x00, 0x08, 0x00, 0x00, 0x00,
            0x68, 0x02, 0x00, 0x00, 0x2A, 0x01, 0x00, 0x00, 0x67, 0x02, 0x00, 0x00, 0x51, 0x00, 0x05, 0x00,
            0x08, 0x00, 0x00, 0x00, 0x69, 0x02, 0x00, 0x00, 0xF8, 0x00, 0x00, 0x00, 0x00, 0x00, 0x00, 0x00,
            0x85, 0x00, 0x05, 0x00, 0x08, 0x00, 0x00, 0x00, 0x6A, 0x02, 0x00, 0x00, 0x5C, 0x01, 0x00, 0x00,
            0x69, 0x02, 0x00, 0x00, 0x81, 0x00, 0x05, 0x00, 0x08, 0x00, 0x00, 0x00, 0x6B, 0x02, 0x00, 0x00,
            0x68, 0x02, 0x00, 0x00, 0x6A, 0x02, 0x00, 0x00, 0x85, 0x00, 0x05, 0x00, 0x08, 0x00, 0x00, 0x00,
            0x6C, 0x02, 0x00, 0x00, 0x2A, 0x01, 0x00, 0x00, 0x2A, 0x01, 0x00, 0x00, 0x85, 0x00, 0x05, 0x00,
            0x08, 0x00, 0x00, 0x00, 0x6D, 0x02, 0x00, 0x00, 0x5C, 0x01, 0x00, 0x00, 0x5C, 0x01, 0x00, 0x00,
            0x81, 0x00, 0x05, 0x00, 0x08, 0x00, 0x00, 0x00, 0x6E, 0x02, 0x00, 0x00, 0x6C, 0x02, 0x00, 0x00,
            0x6D, 0x02, 0x00, 0x00, 0x85, 0x00, 0x05, 0x00, 0x08, 0x00, 0x00, 0x00, 0x6F, 0x02, 0x00, 0x00,
            0x6B, 0x02, 0x00, 0x00, 0x6B, 0x02, 0x00, 0x00, 0x85, 0x00, 0x05, 0x00, 0x08, 0x00, 0x00, 0x00,
            0x70, 0x02, 0x00, 0x00, 0xF1, 0x00, 0x00, 0x00, 0xF1, 0x00, 0x00, 0x00, 0x85, 0x00, 0x05, 0x00,
            0x08, 0x00, 0x00, 0x00, 0x71, 0x02, 0x00, 0x00, 0x70, 0x02, 0x00, 0x00, 0xF7, 0x00, 0x00, 0x00,
            0x0C, 0x00, 0x08, 0x00, 0x08, 0x00, 0x00, 0x00, 0x72, 0x02, 0x00, 0x00, 0x72, 0x00, 0x00, 0x00,
            0x2B, 0x00, 0x00, 0x00, 0x71, 0x02, 0x00, 0x00, 0x5C, 0x00, 0x00, 0x00, 0x2D, 0x01, 0x00, 0x00,
            0x85, 0x00, 0x05, 0x00, 0x08, 0x00, 0x00, 0x00, 0x73, 0x02, 0x00, 0x00, 0x72, 0x02, 0x00, 0x00,
            0x45, 0x01, 0x00, 0x00, 0x81, 0x00, 0x05, 0x00, 0x08, 0x00, 0x00, 0x00, 0x74, 0x02, 0x00, 0x00,
            0x73, 0x02, 0x00, 0x00, 0x47, 0x01, 0x00, 0x00, 0x85, 0x00, 0x05, 0x00, 0x08, 0x00, 0x00, 0x00,
            0x75, 0x02, 0x00, 0x00, 0x6F, 0x02, 0x00, 0x00, 0x74, 0x02, 0x00, 0x00, 0x81, 0x00, 0x05, 0x00,
            0x08, 0x00, 0x00, 0x00, 0x76, 0x02, 0x00, 0x00, 0x6E, 0x02, 0x00, 0x00, 0x75, 0x02, 0x00, 0x00,
            0x83, 0x00, 0x05, 0x00, 0x08, 0x00, 0x00, 0x00, 0x7C, 0x02, 0x00, 0x00, 0x76, 0x02, 0x00, 0x00,
            0x50, 0x01, 0x00, 0x00, 0x85, 0x00, 0x05, 0x00, 0x08, 0x00, 0x00, 0x00, 0x7D, 0x02, 0x00, 0x00,
            0x76, 0x02, 0x00, 0x00, 0x7C, 0x02, 0x00, 0x00, 0x83, 0x00, 0x05, 0x00, 0x08, 0x00, 0x00, 0x00,
            0x7E, 0x02, 0x00, 0x00, 0x7D, 0x02, 0x00, 0x00, 0x7C, 0x02, 0x00, 0x00, 0x85, 0x00, 0x05, 0x00,
            0x08, 0x00, 0x00, 0x00, 0x7F, 0x02, 0x00, 0x00, 0x7C, 0x02, 0x00, 0x00, 0x7C, 0x02, 0x00, 0x00,
            0x85, 0x00, 0x05, 0x00, 0x08, 0x00, 0x00, 0x00, 0x80, 0x02, 0x00, 0x00, 0x7E, 0x02, 0x00, 0x00,
            0x7F, 0x02, 0x00, 0x00, 0x3E, 0x00, 0x03, 0x00, 0x7A, 0x02, 0x00, 0x00, 0x80, 0x02, 0x00, 0x00,
            0x3D, 0x00, 0x04, 0x00, 0x08, 0x00, 0x00, 0x00, 0x77, 0x02, 0x00, 0x00, 0x7A, 0x02, 0x00, 0x00,
            0x85, 0x00, 0x05, 0x00, 0x08, 0x00, 0x00, 0x00, 0x78, 0x02, 0x00, 0x00, 0x77, 0x02, 0x00, 0x00,
            0xF1, 0x00, 0x00, 0x00, 0x50, 0x00, 0x05, 0x00, 0x0C, 0x00, 0x00, 0x00, 0x79, 0x02, 0x00, 0x00,
            0x77, 0x02, 0x00, 0x00, 0x78, 0x02, 0x00, 0x00, 0x3E, 0x00, 0x03, 0x00, 0x63, 0x02, 0x00, 0x00,
            0x79, 0x02, 0x00, 0x00, 0x3D, 0x00, 0x04, 0x00, 0x0C, 0x00, 0x00, 0x00, 0x60, 0x01, 0x00, 0x00,
            0x63, 0x02, 0x00, 0x00, 0x81, 0x00, 0x05, 0x00, 0x0C, 0x00, 0x00, 0x00, 0x61, 0x01, 0x00, 0x00,
            0x5F, 0x01, 0x00, 0x00, 0x60, 0x01, 0x00, 0x00, 0x81, 0x00, 0x05, 0x00, 0x08, 0x00, 0x00, 0x00,
            0x62, 0x01, 0x00, 0x00, 0x2A, 0x01, 0x00, 0x00, 0x2D, 0x01, 0x00, 0x00, 0x83, 0x00, 0x05, 0x00,
            0x08, 0x00, 0x00, 0x00, 0x63, 0x01, 0x00, 0x00, 0x2B, 0x01, 0x00, 0x00, 0x2D, 0x01, 0x00, 0x00,
            0x51, 0x00, 0x05, 0x00, 0x08, 0x00, 0x00, 0x00, 0x85, 0x02, 0x00, 0x00, 0xF8, 0x00, 0x00, 0x00,
            0x01, 0x00, 0x00, 0x00, 0x85, 0x00, 0x05, 0x00, 0x08, 0x00, 0x00, 0x00, 0x86, 0x02, 0x00, 0x00,
            0x62, 0x01, 0x00, 0x00, 0x85, 0x02, 0x00, 0x00, 0x51, 0x00, 0x05, 0x00, 0x08, 0x00, 0x00, 0x00,
            0x87, 0x02, 0x00, 0x00, 0xF8, 0x00, 0x00, 0x00, 0x00, 0x00, 0x00, 0x00, 0x85, 0x00, 0x05, 0x00,
            0x08, 0x00, 0x00, 0x00, 0x88, 0x02, 0x00, 0x00, 0x63, 0x01, 0x00, 0x00, 0x87, 0x02, 0x00, 0x00,
            0x81, 0x00, 0x05, 0x00, 0x08, 0x00, 0x00, 0x00, 0x89, 0x02, 0x00, 0x00, 0x86, 0x02, 0x00, 0x00,
            0x88, 0x02, 0x00, 0x00, 0x85, 0x00, 0x05, 0x00, 0x08, 0x00, 0x00, 0x00, 0x8A, 0x02, 0x00, 0x00,
            0x62, 0x01, 0x00, 0x00, 0x62, 0x01, 0x00, 0x00, 0x85, 0x00, 0x05, 0x00, 0x08, 0x00, 0x00, 0x00,
            0x8B, 0x02, 0x00, 0x00, 0x63, 0x01, 0x00, 0x00, 0x63, 0x01, 0x00, 0x00, 0x81, 0x00, 0x05, 0x00,
            0x08, 0x00, 0x00, 0x00, 0x8C, 0x02, 0x00, 0x00, 0x8A, 0x02, 0x00, 0x00, 0x8B, 0x02, 0x00, 0x00,
            0x85, 0x00, 0x05, 0x00, 0x08, 0x00, 0x00, 0x00, 0x8D, 0x02, 0x00, 0x00, 0x89, 0x02, 0x00, 0x00,
            0x89, 0x02, 0x00, 0x00, 0x85, 0x00, 0x05, 0x00, 0x08, 0x00, 0x00, 0x00, 0x8E, 0x02, 0x00, 0x00,
            0xD2, 0x00, 0x00, 0x00, 0xD2, 0x00, 0x00, 0x00, 0x85, 0x00, 0x05, 0x00, 0x08, 0x00, 0x00, 0x00,
            0x8F, 0x02, 0x00, 0x00, 0x8E, 0x02, 0x00, 0x00, 0xF7, 0x00, 0x00, 0x00, 0x0C, 0x00, 0x08, 0x00,
            0x08, 0x00, 0x00, 0x00, 0x90, 0x02, 0x00, 0x00, 0x72, 0x00, 0x00, 0x00, 0x2B, 0x00, 0x00, 0x00,
            0x8F, 0x02, 0x00, 0x00, 0x5C, 0x00, 0x00, 0x00, 0x2D, 0x01, 0x00, 0x00, 0x85, 0x00, 0x05, 0x00,
            0x08, 0x00, 0x00, 0x00, 0x91, 0x02, 0x00, 0x00, 0x90, 0x02, 0x00, 0x00, 0x45, 0x01, 0x00, 0x00,
            0x81, 0x00, 0x05, 0x00, 0x08, 0x00, 0x00, 0x00, 0x92, 0x02, 0x00, 0x00, 0x91, 0x02, 0x00, 0x00,
            0x47, 0x01, 0x00, 0x00, 0x85, 0x00, 0x05, 0x00, 0x08, 0x00, 0x00, 0x00, 0x93, 0x02, 0x00, 0x00,
            0x8D, 0x02, 0x00, 0x00, 0x92, 0x02, 0x00, 0x00, 0x81, 0x00, 0x05, 0x00, 0x08, 0x00, 0x00, 0x00,
            0x94, 0x02, 0x00, 0x00, 0x8C, 0x02, 0x00, 0x00, 0x93, 0x02, 0x00, 0x00, 0x83, 0x00, 0x05, 0x00,
            0x08, 0x00, 0x00, 0x00, 0x9A, 0x02, 0x00, 0x00, 0x94, 0x02, 0x00, 0x00, 0x50, 0x01, 0x00, 0x00,
            0x85, 0x00, 0x05, 0x00, 0x08, 0x00, 0x00, 0x00, 0x9B, 0x02, 0x00, 0x00, 0x94, 0x02, 0x00, 0x00,
            0x9A, 0x02, 0x00, 0x00, 0x83, 0x00, 0x05, 0x00, 0x08, 0x00, 0x00, 0x00, 0x9C, 0x02, 0x00, 0x00,
            0x9B, 0x02, 0x00, 0x00, 0x9A, 0x02, 0x00, 0x00, 0x85, 0x00, 0x05, 0x00, 0x08, 0x00, 0x00, 0x00,
            0x9D, 0x02, 0x00, 0x00, 0x9A, 0x02, 0x00, 0x00, 0x9A, 0x02, 0x00, 0x00, 0x85, 0x00, 0x05, 0x00,
            0x08, 0x00, 0x00, 0x00, 0x9E, 0x02, 0x00, 0x00, 0x9C, 0x02, 0x00, 0x00, 0x9D, 0x02, 0x00, 0x00,
            0x3E, 0x00, 0x03, 0x00, 0x98, 0x02, 0x00, 0x00, 0x9E, 0x02, 0x00, 0x00, 0x3D, 0x00, 0x04, 0x00,
            0x08, 0x00, 0x00, 0x00, 0x95, 0x02, 0x00, 0x00, 0x98, 0x02, 0x00, 0x00, 0x85, 0x00, 0x05, 0x00,
            0x08, 0x00, 0x00, 0x00, 0x96, 0x02, 0x00, 0x00, 0x95, 0x02, 0x00, 0x00, 0xD2, 0x00, 0x00, 0x00,
            0x50, 0x00, 0x05, 0x00, 0x0C, 0x00, 0x00, 0x00, 0x97, 0x02, 0x00, 0x00, 0x95, 0x02, 0x00, 0x00,
            0x96, 0x02, 0x00, 0x00, 0x3E, 0x00, 0x03, 0x00, 0x81, 0x02, 0x00, 0x00, 0x97, 0x02, 0x00, 0x00,
            0x3D, 0x00, 0x04, 0x00, 0x0C, 0x00, 0x00, 0x00, 0x64, 0x01, 0x00, 0x00, 0x81, 0x02, 0x00, 0x00,
            0x81, 0x00, 0x05, 0x00, 0x0C, 0x00, 0x00, 0x00, 0x65, 0x01, 0x00, 0x00, 0x61, 0x01, 0x00, 0x00,
            0x64, 0x01, 0x00, 0x00, 0x51, 0x00, 0x05, 0x00, 0x08, 0x00, 0x00, 0x00, 0xA3, 0x02, 0x00, 0x00,
            0xF8, 0x00, 0x00, 0x00, 0x01, 0x00, 0x00, 0x00, 0x85, 0x00, 0x05, 0x00, 0x08, 0x00, 0x00, 0x00,
            0xA4, 0x02, 0x00, 0x00, 0x2A, 0x01, 0x00, 0x00, 0xA3, 0x02, 0x00, 0x00, 0x51, 0x00, 0x05, 0x00,
            0x08, 0x00, 0x00, 0x00, 0xA5, 0x02, 0x00, 0x00, 0xF8, 0x00, 0x00, 0x00, 0x00, 0x00, 0x00, 0x00,
            0x85, 0x00, 0x05, 0x00, 0x08, 0x00, 0x00, 0x00, 0xA6, 0x02, 0x00, 0x00, 0x63, 0x01, 0x00, 0x00,
            0xA5, 0x02, 0x00, 0x00, 0x81, 0x00, 0x05, 0x00, 0x08, 0x00, 0x00, 0x00, 0xA7, 0x02, 0x00, 0x00,
            0xA4, 0x02, 0x00, 0x00, 0xA6, 0x02, 0x00, 0x00, 0x85, 0x00, 0x05, 0x00, 0x08, 0x00, 0x00, 0x00,
            0xA8, 0x02, 0x00, 0x00, 0x2A, 0x01, 0x00, 0x00, 0x2A, 0x01, 0x00, 0x00, 0x85, 0x00, 0x05, 0x00,
            0x08, 0x00, 0x00, 0x00, 0xA9, 0x02, 0x00, 0x00, 0x63, 0x01, 0x00, 0x00, 0x63, 0x01, 0x00, 0x00,
            0x81, 0x00, 0x05, 0x00, 0x08, 0x00, 0x00, 0x00, 0xAA, 0x02, 0x00, 0x00, 0xA8, 0x02, 0x00, 0x00,
            0xA9, 0x02, 0x00, 0x00, 0x85, 0x00, 0x05, 0x00, 0x08, 0x00, 0x00, 0x00, 0xAB, 0x02, 0x00, 0x00,
            0xA7, 0x02, 0x00, 0x00, 0xA7, 0x02, 0x00, 0x00, 0x85, 0x00, 0x05, 0x00, 0x08, 0x00, 0x00, 0x00,
            0xAC, 0x02, 0x00, 0x00, 0xD4, 0x00, 0x00, 0x00, 0xD4, 0x00, 0x00, 0x00, 0x85, 0x00, 0x05, 0x00,
            0x08, 0x00, 0x00, 0x00, 0xAD, 0x02, 0x00, 0x00, 0xAC, 0x02, 0x00, 0x00, 0xF7, 0x00, 0x00, 0x00,
            0x0C, 0x00, 0x08, 0x00, 0x08, 0x00, 0x00, 0x00, 0xAE, 0x02, 0x00, 0x00, 0x72, 0x00, 0x00, 0x00,
            0x2B, 0x00, 0x00, 0x00, 0xAD, 0x02, 0x00, 0x00, 0x5C, 0x00, 0x00, 0x00, 0x2D, 0x01, 0x00, 0x00,
            0x85, 0x00, 0x05, 0x00, 0x08, 0x00, 0x00, 0x00, 0xAF, 0x02, 0x00, 0x00, 0xAE, 0x02, 0x00, 0x00,
            0x45, 0x01, 0x00, 0x00, 0x81, 0x00, 0x05, 0x00, 0x08, 0x00, 0x00, 0x00, 0xB0, 0x02, 0x00, 0x00,
            0xAF, 0x02, 0x00, 0x00, 0x47, 0x01, 0x00, 0x00, 0x85, 0x00, 0x05, 0x00, 0x08, 0x00, 0x00, 0x00,
            0xB1, 0x02, 0x00, 0x00, 0xAB, 0x02, 0x00, 0x00, 0xB0, 0x02, 0x00, 0x00, 0x81, 0x00, 0x05, 0x00,
            0x08, 0x00, 0x00, 0x00, 0xB2, 0x02, 0x00, 0x00, 0xAA, 0x02, 0x00, 0x00, 0xB1, 0x02, 0x00, 0x00,
            0x83, 0x00, 0x05, 0x00, 0x08, 0x00, 0x00, 0x00, 0xB8, 0x02, 0x00, 0x00, 0xB2, 0x02, 0x00, 0x00,
            0x50, 0x01, 0x00, 0x00, 0x85, 0x00, 0x05, 0x00, 0x08, 0x00, 0x00, 0x00, 0xB9, 0x02, 0x00, 0x00,
            0xB2, 0x02, 0x00, 0x00, 0xB8, 0x02, 0x00, 0x00, 0x83, 0x00, 0x05, 0x00, 0x08, 0x00, 0x00, 0x00,
            0xBA, 0x02, 0x00, 0x00, 0xB9, 0x02, 0x00, 0x00, 0xB8, 0x02, 0x00, 0x00, 0x85, 0x00, 0x05, 0x00,
            0x08, 0x00, 0x00, 0x00, 0xBB, 0x02, 0x00, 0x00, 0xB8, 0x02, 0x00, 0x00, 0xB8, 0x02, 0x00, 0x00,
            0x85, 0x00, 0x05, 0x00, 0x08, 0x00, 0x00, 0x00, 0xBC, 0x02, 0x00, 0x00, 0xBA, 0x02, 0x00, 0x00,
            0xBB, 0x02, 0x00, 0x00, 0x3E, 0x00, 0x03, 0x00, 0xB6, 0x02, 0x00, 0x00, 0xBC, 0x02, 0x00, 0x00,
            0x3D, 0x00, 0x04, 0x00, 0x08, 0x00, 0x00, 0x00, 0xB3, 0x02, 0x00, 0x00, 0xB6, 0x02, 0x00, 0x00,
            0x85, 0x00, 0x05, 0x00, 0x08, 0x00, 0x00, 0x00, 0xB4, 0x02, 0x00, 0x00, 0xB3, 0x02, 0x00, 0x00,
            0xD4, 0x00, 0x00, 0x00, 0x50, 0x00, 0x05, 0x00, 0x0C, 0x00, 0x00, 0x00, 0xB5, 0x02, 0x00, 0x00,
            0xB3, 0x02, 0x00, 0x00, 0xB4, 0x02, 0x00, 0x00, 0x3E, 0x00, 0x03, 0x00, 0x9F, 0x02, 0x00, 0x00,
            0xB5, 0x02, 0x00, 0x00, 0x3D, 0x00, 0x04, 0x00, 0x0C, 0x00, 0x00, 0x00, 0x66, 0x01, 0x00, 0x00,
            0x9F, 0x02, 0x00, 0x00, 0x81, 0x00, 0x05, 0x00, 0x0C, 0x00, 0x00, 0x00, 0x67, 0x01, 0x00, 0x00,
            0x65, 0x01, 0x00, 0x00, 0x66, 0x01, 0x00, 0x00, 0x51, 0x00, 0x05, 0x00, 0x08, 0x00, 0x00, 0x00,
            0xC1, 0x02, 0x00, 0x00, 0xF8, 0x00, 0x00, 0x00, 0x01, 0x00, 0x00, 0x00, 0x85, 0x00, 0x05, 0x00,
            0x08, 0x00, 0x00, 0x00, 0xC2, 0x02, 0x00, 0x00, 0x2A, 0x01, 0x00, 0x00, 0xC1, 0x02, 0x00, 0x00,
            0x51, 0x00, 0x05, 0x00, 0x08, 0x00, 0x00, 0x00, 0xC3, 0x02, 0x00, 0x00, 0xF8, 0x00, 0x00, 0x00,
            0x00, 0x00, 0x00, 0x00, 0x85, 0x00, 0x05, 0x00, 0x08, 0x00, 0x00, 0x00, 0xC4, 0x02, 0x00, 0x00,
            0x2B, 0x01, 0x00, 0x00, 0xC3, 0x02, 0x00, 0x00, 0x81, 0x00, 0x05, 0x00, 0x08, 0x00, 0x00, 0x00,
            0xC5, 0x02, 0x00, 0x00, 0xC2, 0x02, 0x00, 0x00, 0xC4, 0x02, 0x00, 0x00, 0x85, 0x00, 0x05, 0x00,
            0x08, 0x00, 0x00, 0x00, 0xC6, 0x02, 0x00, 0x00, 0x2A, 0x01, 0x00, 0x00, 0x2A, 0x01, 0x00, 0x00,
            0x85, 0x00, 0x05, 0x00, 0x08, 0x00, 0x00, 0x00, 0xC7, 0x02, 0x00, 0x00, 0x2B, 0x01, 0x00, 0x00,
            0x2B, 0x01, 0x00, 0x00, 0x81, 0x00, 0x05, 0x00, 0x08, 0x00, 0x00, 0x00, 0xC8, 0x02, 0x00, 0x00,
            0xC6, 0x02, 0x00, 0x00, 0xC7, 0x02, 0x00, 0x00, 0x85, 0x00, 0x05, 0x00, 0x08, 0x00, 0x00, 0x00,
            0xC9, 0x02, 0x00, 0x00, 0xC5, 0x02, 0x00, 0x00, 0xC5, 0x02, 0x00, 0x00, 0x85, 0x00, 0x05, 0x00,
            0x08, 0x00, 0x00, 0x00, 0xCA, 0x02, 0x00, 0x00, 0xD7, 0x00, 0x00, 0x00, 0xD7, 0x00, 0x00, 0x00,
            0x85, 0x00, 0x05, 0x00, 0x08, 0x00, 0x00, 0x00, 0xCB, 0x02, 0x00, 0x00, 0xCA, 0x02, 0x00, 0x00,
            0xF7, 0x00, 0x00, 0x00, 0x0C, 0x00, 0x08, 0x00, 0x08, 0x00, 0x00, 0x00, 0xCC, 0x02, 0x00, 0x00,
            0x72, 0x00, 0x00, 0x00, 0x2B, 0x00, 0x00, 0x00, 0xCB, 0x02, 0x00, 0x00, 0x5C, 0x00, 0x00, 0x00,
            0x2D, 0x01, 0x00, 0x00, 0x85, 0x00, 0x05, 0x00, 0x08, 0x00, 0x00, 0x00, 0xCD, 0x02, 0x00, 0x00,
            0xCC, 0x02, 0x00, 0x00, 0x45, 0x01, 0x00, 0x00, 0x81, 0x00, 0x05, 0x00, 0x08, 0x00, 0x00, 0x00,
            0xCE, 0x02, 0x00, 0x00, 0xCD, 0x02, 0x00, 0x00, 0x47, 0x01, 0x00, 0x00, 0x85, 0x00, 0x05, 0x00,
            0x08, 0x00, 0x00, 0x00, 0xCF, 0x02, 0x00, 0x00, 0xC9, 0x02, 0x00, 0x00, 0xCE, 0x02, 0x00, 0x00,
            0x81, 0x00, 0x05, 0x00, 0x08, 0x00, 0x00, 0x00, 0xD0, 0x02, 0x00, 0x00, 0xC8, 0x02, 0x00, 0x00,
            0xCF, 0x02, 0x00, 0x00, 0x83, 0x00, 0x05, 0x00, 0x08, 0x00, 0x00, 0x00, 0xD6, 0x02, 0x00, 0x00,
            0xD0, 0x02, 0x00, 0x00, 0x50, 0x01, 0x00, 0x00, 0x85, 0x00, 0x05, 0x00, 0x08, 0x00, 0x00, 0x00,
            0xD7, 0x02, 0x00, 0x00, 0xD0, 0x02, 0x00, 0x00, 0xD6, 0x02, 0x00, 0x00, 0x83, 0x00, 0x05, 0x00,
            0x08, 0x00, 0x00, 0x00, 0xD8, 0x02, 0x00, 0x00, 0xD7, 0x02, 0x00, 0x00, 0xD6, 0x02, 0x00, 0x00,
            0x85, 0x00, 0x05, 0x00, 0x08, 0x00, 0x00, 0x00, 0xD9, 0x02, 0x00, 0x00, 0xD6, 0x02, 0x00, 0x00,
            0xD6, 0x02, 0x00, 0x00, 0x85, 0x00, 0x05, 0x00, 0x08, 0x00, 0x00, 0x00, 0xDA, 0x02, 0x00, 0x00,
            0xD8, 0x02, 0x00, 0x00, 0xD9, 0x02, 0x00, 0x00, 0x3E, 0x00, 0x03, 0x00, 0xD4, 0x02, 0x00, 0x00,
            0xDA, 0x02, 0x00, 0x00, 0x3D, 0x00, 0x04, 0x00, 0x08, 0x00, 0x00, 0x00, 0xD1, 0x02, 0x00, 0x00,
            0xD4, 0x02, 0x00, 0x00, 0x85, 0x00, 0x05, 0x00, 0x08, 0x00, 0x00, 0x00, 0xD2, 0x02, 0x00, 0x00,
            0xD1, 0x02, 0x00, 0x00, 0xD7, 0x00, 0x00, 0x00, 0x50, 0x00, 0x05, 0x00, 0x0C, 0x00, 0x00, 0x00,
            0xD3, 0x02, 0x00, 0x00, 0xD1, 0x02, 0x00, 0x00, 0xD2, 0x02, 0x00, 0x00, 0x3E, 0x00, 0x03, 0x00,
            0xBD, 0x02, 0x00, 0x00, 0xD3, 0x02, 0x00, 0x00, 0x3D, 0x00, 0x04, 0x00, 0x0C, 0x00, 0x00, 0x00,
            0x68, 0x01, 0x00, 0x00, 0xBD, 0x02, 0x00, 0x00, 0x81, 0x00, 0x05, 0x00, 0x0C, 0x00, 0x00, 0x00,
            0x69, 0x01, 0x00, 0x00, 0x67, 0x01, 0x00, 0x00, 0x68, 0x01, 0x00, 0x00, 0x51, 0x00, 0x05, 0x00,
            0x08, 0x00, 0x00, 0x00, 0xDF, 0x02, 0x00, 0x00, 0xF8, 0x00, 0x00, 0x00, 0x01, 0x00, 0x00, 0x00,
            0x85, 0x00, 0x05, 0x00, 0x08, 0x00, 0x00, 0x00, 0xE0, 0x02, 0x00, 0x00, 0x62, 0x01, 0x00, 0x00,
            0xDF, 0x02, 0x00, 0x00, 0x51, 0x00, 0x05, 0x00, 0x08, 0x00, 0x00, 0x00, 0xE1, 0x02, 0x00, 0x00,
            0xF8, 0x00, 0x00, 0x00, 0x00, 0x00, 0x00, 0x00, 0x85, 0x00, 0x05, 0x00, 0x08, 0x00, 0x00, 0x00,
            0xE2, 0x02, 0x00, 0x00, 0x2B, 0x01, 0x00, 0x00, 0xE1, 0x02, 0x00, 0x00, 0x81, 0x00, 0x05, 0x00,
            0x08, 0x00, 0x00, 0x00, 0xE3, 0x02, 0x00, 0x00, 0xE0, 0x02, 0x00, 0x00, 0xE2, 0x02, 0x00, 0x00,
            0x85, 0x00, 0x05, 0x00, 0x08, 0x00, 0x00, 0x00, 0xE4, 0x02, 0x00, 0x00, 0x62, 0x01, 0x00, 0x00,
            0x62, 0x01, 0x00, 0x00, 0x85, 0x00, 0x05, 0x00, 0x08, 0x00, 0x00, 0x00, 0xE5, 0x02, 0x00, 0x00,
            0x2B, 0x01, 0x00, 0x00, 0x2B, 0x01, 0x00, 0x00, 0x81, 0x00, 0x05, 0x00, 0x08, 0x00, 0x00, 0x00,
            0xE6, 0x02, 0x00, 0x00, 0xE4, 0x02, 0x00, 0x00, 0xE5, 0x02, 0x00, 0x00, 0x85, 0x00, 0x05, 0x00,
            0x08, 0x00, 0x00, 0x00, 0xE7, 0x02, 0x00, 0x00, 0xE3, 0x02, 0x00, 0x00, 0xE3, 0x02, 0x00, 0x00,
            0x85, 0x00, 0x05, 0x00, 0x08, 0x00, 0x00, 0x00, 0xE8, 0x02, 0x00, 0x00, 0xDA, 0x00, 0x00, 0x00,
            0xDA, 0x00, 0x00, 0x00, 0x85, 0x00, 0x05, 0x00, 0x08, 0x00, 0x00, 0x00, 0xE9, 0x02, 0x00, 0x00,
            0xE8, 0x02, 0x00, 0x00, 0xF7, 0x00, 0x00, 0x00, 0x0C, 0x00, 0x08, 0x00, 0x08, 0x00, 0x00, 0x00,
            0xEA, 0x02, 0x00, 0x00, 0x72, 0x00, 0x00, 0x00, 0x2B, 0x00, 0x00, 0x00, 0xE9, 0x02, 0x00, 0x00,
            0x5C, 0x00, 0x00, 0x00, 0x2D, 0x01, 0x00, 0x00, 0x85, 0x00, 0x05, 0x00, 0x08, 0x00, 0x00, 0x00,
            0xEB, 0x02, 0x00, 0x00, 0xEA, 0x02, 0x00, 0x00, 0x45, 0x01, 0x00, 0x00, 0x81, 0x00, 0x05, 0x00,
            0x08, 0x00, 0x00, 0x00, 0xEC, 0x02, 0x00, 0x00, 0xEB, 0x02, 0x00, 0x00, 0x47, 0x01, 0x00, 0x00,
            0x85, 0x00, 0x05, 0x00, 0x08, 0x00, 0x00, 0x00, 0xED, 0x02, 0x00, 0x00, 0xE7, 0x02, 0x00, 0x00,
            0xEC, 0x02, 0x00, 0x00, 0x81, 0x00, 0x05, 0x00, 0x08, 0x00, 0x00, 0x00, 0xEE, 0x02, 0x00, 0x00,
            0xE6, 0x02, 0x00, 0x00, 0xED, 0x02, 0x00, 0x00, 0x83, 0x00, 0x05, 0x00, 0x08, 0x00, 0x00, 0x00,
            0xF4, 0x02, 0x00, 0x00, 0xEE, 0x02, 0x00, 0x00, 0x50, 0x01, 0x00, 0x00, 0x85, 0x00, 0x05, 0x00,
            0x08, 0x00, 0x00, 0x00, 0xF5, 0x02, 0x00, 0x00, 0xEE, 0x02, 0x00, 0x00, 0xF4, 0x02, 0x00, 0x00,
            0x83, 0x00, 0x05, 0x00, 0x08, 0x00, 0x00, 0x00, 0xF6, 0x02, 0x00, 0x00, 0xF5, 0x02, 0x00, 0x00,
            0xF4, 0x02, 0x00, 0x00, 0x85, 0x00, 0x05, 0x00, 0x08, 0x00, 0x00, 0x00, 0xF7, 0x02, 0x00, 0x00,
            0xF4, 0x02, 0x00, 0x00, 0xF4, 0x02, 0x00, 0x00, 0x85, 0x00, 0x05, 0x00, 0x08, 0x00, 0x00, 0x00,
            0xF8, 0x02, 0x00, 0x00, 0xF6, 0x02, 0x00, 0x00, 0xF7, 0x02, 0x00, 0x00, 0x3E, 0x00, 0x03, 0x00,
            0xF2, 0x02, 0x00, 0x00, 0xF8, 0x02, 0x00, 0x00, 0x3D, 0x00, 0x04, 0x00, 0x08, 0x00, 0x00, 0x00,
            0xEF, 0x02, 0x00, 0x00, 0xF2, 0x02, 0x00, 0x00, 0x85, 0x00, 0x05, 0x00, 0x08, 0x00, 0x00, 0x00,
            0xF0, 0x02, 0x00, 0x00, 0xEF, 0x02, 0x00, 0x00, 0xDA, 0x00, 0x00, 0x00, 0x50, 0x00, 0x05, 0x00,
            0x0C, 0x00, 0x00, 0x00, 0xF1, 0x02, 0x00, 0x00, 0xEF, 0x02, 0x00, 0x00, 0xF0, 0x02, 0x00, 0x00,
            0x3E, 0x00, 0x03, 0x00, 0xDB, 0x02, 0x00, 0x00, 0xF1, 0x02, 0x00, 0x00, 0x3D, 0x00, 0x04, 0x00,
            0x0C, 0x00, 0x00, 0x00, 0x6A, 0x01, 0x00, 0x00, 0xDB, 0x02, 0x00, 0x00, 0x81, 0x00, 0x05, 0x00,
            0x0C, 0x00, 0x00, 0x00, 0x6B, 0x01, 0x00, 0x00, 0x69, 0x01, 0x00, 0x00, 0x6A, 0x01, 0x00, 0x00,
            0x51, 0x00, 0x05, 0x00, 0x08, 0x00, 0x00, 0x00, 0xFD, 0x02, 0x00, 0x00, 0xF8, 0x00, 0x00, 0x00,
            0x01, 0x00, 0x00, 0x00, 0x85, 0x00, 0x05, 0x00, 0x08, 0x00, 0x00, 0x00, 0xFE, 0x02, 0x00, 0x00,
            0x59, 0x01, 0x00, 0x00, 0xFD, 0x02, 0x00, 0x00, 0x51, 0x00, 0x05, 0x00, 0x08, 0x00, 0x00, 0x00,
            0xFF, 0x02, 0x00, 0x00, 0xF8, 0x00, 0x00, 0x00, 0x00, 0x00, 0x00, 0x00, 0x85, 0x00, 0x05, 0x00,
            0x08, 0x00, 0x00, 0x00, 0x00, 0x03, 0x00, 0x00, 0x63, 0x01, 0x00, 0x00, 0xFF, 0x02, 0x00, 0x00,
            0x81, 0x00, 0x05, 0x00, 0x08, 0x00, 0x00, 0x00, 0x01, 0x03, 0x00, 0x00, 0xFE, 0x02, 0x00, 0x00,
            0x00, 0x03, 0x00, 0x00, 0x85, 0x00, 0x05, 0x00, 0x08, 0x00, 0x00, 0x00, 0x02, 0x03, 0x00, 0x00,
            0x59, 0x01, 0x00, 0x00, 0x59, 0x01, 0x00, 0x00, 0x85, 0x00, 0x05, 0x00, 0x08, 0x00, 0x00, 0x00,
            0x03, 0x03, 0x00, 0x00, 0x63, 0x01, 0x00, 0x00, 0x63, 0x01, 0x00, 0x00, 0x81, 0x00, 0x05, 0x00,
            0x08, 0x00, 0x00, 0x00, 0x04, 0x03, 0x00, 0x00, 0x02, 0x03, 0x00, 0x00, 0x03, 0x03, 0x00, 0x00,
            0x85, 0x00, 0x05, 0x00, 0x08, 0x00, 0x00, 0x00, 0x05, 0x03, 0x00, 0x00, 0x01, 0x03, 0x00, 0x00,
            0x01, 0x03, 0x00, 0x00, 0x85, 0x00, 0x05, 0x00, 0x08, 0x00, 0x00, 0x00, 0x06, 0x03, 0x00, 0x00,
            0xDD, 0x00, 0x00, 0x00, 0xDD, 0x00, 0x00, 0x00, 0x85, 0x00, 0x05, 0x00, 0x08, 0x00, 0x00, 0x00,
            0x07, 0x03, 0x00, 0x00, 0x06, 0x03, 0x00, 0x00, 0xF7, 0x00, 0x00, 0x00, 0x0C, 0x00, 0x08, 0x00,
            0x08, 0x00, 0x00, 0x00, 0x08, 0x03, 0x00, 0x00, 0x72, 0x00, 0x00, 0x00, 0x2B, 0x00, 0x00, 0x00,
            0x07, 0x03, 0x00, 0x00, 0x5C, 0x00, 0x00, 0x00, 0x2D, 0x01, 0x00, 0x00, 0x85, 0x00, 0x05, 0x00,
            0x08, 0x00, 0x00, 0x00, 0x09, 0x03, 0x00, 0x00, 0x08, 0x03, 0x00, 0x00, 0x45, 0x01, 0x00, 0x00,
            0x81, 0x00, 0x05, 0x00, 0x08, 0x00, 0x00, 0x00, 0x0A, 0x03, 0x00, 0x00, 0x09, 0x03, 0x00, 0x00,
            0x47, 0x01, 0x00, 0x00, 0x85, 0x00, 0x05, 0x00, 0x08, 0x00, 0x00, 0x00, 0x0B, 0x03, 0x00, 0x00,
            0x05, 0x03, 0x00, 0x00, 0x0A, 0x03, 0x00, 0x00, 0x81, 0x00, 0x05, 0x00, 0x08, 0x00, 0x00, 0x00,
            0x0C, 0x03, 0x00, 0x00, 0x04, 0x03, 0x00, 0x00, 0x0B, 0x03, 0x00, 0x00, 0x83, 0x00, 0x05, 0x00,
            0x08, 0x00, 0x00, 0x00, 0x12, 0x03, 0x00, 0x00, 0x0C, 0x03, 0x00, 0x00, 0x50, 0x01, 0x00, 0x00,
            0x85, 0x00, 0x05, 0x00, 0x08, 0x00, 0x00, 0x00, 0x13, 0x03, 0x00, 0x00, 0x0C, 0x03, 0x00, 0x00,
            0x12, 0x03, 0x00, 0x00, 0x83, 0x00, 0x05, 0x00, 0x08, 0x00, 0x00, 0x00, 0x14, 0x03, 0x00, 0x00,
            0x13, 0x03, 0x00, 0x00, 0x12, 0x03, 0x00, 0x00, 0x85, 0x00, 0x05, 0x00, 0x08, 0x00, 0x00, 0x00,
            0x15, 0x03, 0x00, 0x00, 0x12, 0x03, 0x00, 0x00, 0x12, 0x03, 0x00, 0x00, 0x85, 0x00, 0x05, 0x00,
            0x08, 0x00, 0x00, 0x00, 0x16, 0x03, 0x00, 0x00, 0x14, 0x03, 0x00, 0x00, 0x15, 0x03, 0x00, 0x00,
            0x3E, 0x00, 0x03, 0x00, 0x10, 0x03, 0x00, 0x00, 0x16, 0x03, 0x00, 0x00, 0x3D, 0x00, 0x04, 0x00,
            0x08, 0x00, 0x00, 0x00, 0x0D, 0x03, 0x00, 0x00, 0x10, 0x03, 0x00, 0x00, 0x85, 0x00, 0x05, 0x00,
            0x08, 0x00, 0x00, 0x00, 0x0E, 0x03, 0x00, 0x00, 0x0D, 0x03, 0x00, 0x00, 0xDD, 0x00, 0x00, 0x00,
            0x50, 0x00, 0x05, 0x00, 0x0C, 0x00, 0x00, 0x00, 0x0F, 0x03, 0x00, 0x00, 0x0D, 0x03, 0x00, 0x00,
            0x0E, 0x03, 0x00, 0x00, 0x3E, 0x00, 0x03, 0x00, 0xF9, 0x02, 0x00, 0x00, 0x0F, 0x03, 0x00, 0x00,
            0x3D, 0x00, 0x04, 0x00, 0x0C, 0x00, 0x00, 0x00, 0x6C, 0x01, 0x00, 0x00, 0xF9, 0x02, 0x00, 0x00,
            0x81, 0x00, 0x05, 0x00, 0x0C, 0x00, 0x00, 0x00, 0x6D, 0x01, 0x00, 0x00, 0x6B, 0x01, 0x00, 0x00,
            0x6C, 0x01, 0x00, 0x00, 0x83, 0x00, 0x05, 0x00, 0x08, 0x00, 0x00, 0x00, 0x6E, 0x01, 0x00, 0x00,
            0x2A, 0x01, 0x00, 0x00, 0x5D, 0x01, 0x00, 0x00, 0x51, 0x00, 0x05, 0x00, 0x08, 0x00, 0x00, 0x00,
            0x1B, 0x03, 0x00, 0x00, 0xF8, 0x00, 0x00, 0x00, 0x01, 0x00, 0x00, 0x00, 0x85, 0x00, 0x05, 0x00,
            0x08, 0x00, 0x00, 0x00, 0x1C, 0x03, 0x00, 0x00, 0x6E, 0x01, 0x00, 0x00, 0x1B, 0x03, 0x00, 0x00,
            0x51, 0x00, 0x05, 0x00, 0x08, 0x00, 0x00, 0x00, 0x1D, 0x03, 0x00, 0x00, 0xF8, 0x00, 0x00, 0x00,
            0x00, 0x00, 0x00, 0x00, 0x85, 0x00, 0x05, 0x00, 0x08, 0x00, 0x00, 0x00, 0x1E, 0x03, 0x00, 0x00,
            0x63, 0x01, 0x00, 0x00, 0x1D, 0x03, 0x00, 0x00, 0x81, 0x00, 0x05, 0x00, 0x08, 0x00, 0x00, 0x00,
            0x1F, 0x03, 0x00, 0x00, 0x1C, 0x03, 0x00, 0x00, 0x1E, 0x03, 0x00, 0x00, 0x85, 0x00, 0x05, 0x00,
            0x08, 0x00, 0x00, 0x00, 0x20, 0x03, 0x00, 0x00, 0x6E, 0x01, 0x00, 0x00, 0x6E, 0x01, 0x00, 0x00,
            0x85, 0x00, 0x05, 0x00, 0x08, 0x00, 0x00, 0x00, 0x21, 0x03, 0x00, 0x00, 0x63, 0x01, 0x00, 0x00,
            0x63, 0x01, 0x00, 0x00, 0x81, 0x00, 0x05, 0x00, 0x08, 0x00, 0x00, 0x00, 0x22, 0x03, 0x00, 0x00,
            0x20, 0x03, 0x00, 0x00, 0x21, 0x03, 0x00, 0x00, 0x85, 0x00, 0x05, 0x00, 0x08, 0x00, 0x00, 0x00,
            0x23, 0x03, 0x00, 0x00, 0x1F, 0x03, 0x00, 0x00, 0x1F, 0x03, 0x00, 0x00, 0x85, 0x00, 0x05, 0x00,
            0x08, 0x00, 0x00, 0x00, 0x24, 0x03, 0x00, 0x00, 0xDF, 0x00, 0x00, 0x00, 0xDF, 0x00, 0x00, 0x00,
            0x85, 0x00, 0x05, 0x00, 0x08, 0x00, 0x00, 0x00, 0x25, 0x03, 0x00, 0x00, 0x24, 0x03, 0x00, 0x00,
            0xF7, 0x00, 0x00, 0x00, 0x0C, 0x00, 0x08, 0x00, 0x08, 0x00, 0x00, 0x00, 0x26, 0x03, 0x00, 0x00,
            0x72, 0x00, 0x00, 0x00, 0x2B, 0x00, 0x00, 0x00, 0x25, 0x03, 0x00, 0x00, 0x5C, 0x00, 0x00, 0x00,
            0x2D, 0x01, 0x00, 0x00, 0x85, 0x00, 0x05, 0x00, 0x08, 0x00, 0x00, 0x00, 0x27, 0x03, 0x00, 0x00,
            0x26, 0x03, 0x00, 0x00, 0x45, 0x01, 0x00, 0x00, 0x81, 0x00, 0x05, 0x00, 0x08, 0x00, 0x00, 0x00,
            0x28, 0x03, 0x00, 0x00, 0x27, 0x03, 0x00, 0x00, 0x47, 0x01, 0x00, 0x00, 0x85, 0x00, 0x05, 0x00,
            0x08, 0x00, 0x00, 0x00, 0x29, 0x03, 0x00, 0x00, 0x23, 0x03, 0x00, 0x00, 0x28, 0x03, 0x00, 0x00,
            0x81, 0x00, 0x05, 0x00, 0x08, 0x00, 0x00, 0x00, 0x2A, 0x03, 0x00, 0x00, 0x22, 0x03, 0x00, 0x00,
            0x29, 0x03, 0x00, 0x00, 0x83, 0x00, 0x05, 0x00, 0x08, 0x00, 0x00, 0x00, 0x30, 0x03, 0x00, 0x00,
            0x2A, 0x03, 0x00, 0x00, 0x50, 0x01, 0x00, 0x00, 0x85, 0x00, 0x05, 0x00, 0x08, 0x00, 0x00, 0x00,
            0x31, 0x03, 0x00, 0x00, 0x2A, 0x03, 0x00, 0x00, 0x30, 0x03, 0x00, 0x00, 0x83, 0x00, 0x05, 0x00,
            0x08, 0x00, 0x00, 0x00, 0x32, 0x03, 0x00, 0x00, 0x31, 0x03, 0x00, 0x00, 0x30, 0x03, 0x00, 0x00,
            0x85, 0x00, 0x05, 0x00, 0x08, 0x00, 0x00, 0x00, 0x33, 0x03, 0x00, 0x00, 0x30, 0x03, 0x00, 0x00,
            0x30, 0x03, 0x00, 0x00, 0x85, 0x00, 0x05, 0x00, 0x08, 0x00, 0x00, 0x00, 0x34, 0x03, 0x00, 0x00,
            0x32, 0x03, 0x00, 0x00, 0x33, 0x03, 0x00, 0x00, 0x3E, 0x00, 0x03, 0x00, 0x2E, 0x03, 0x00, 0x00,
            0x34, 0x03, 0x00, 0x00, 0x3D, 0x00, 0x04, 0x00, 0x08, 0x00, 0x00, 0x00, 0x2B, 0x03, 0x00, 0x00,
            0x2E, 0x03, 0x00, 0x00, 0x85, 0x00, 0x05, 0x00, 0x08, 0x00, 0x00, 0x00, 0x2C, 0x03, 0x00, 0x00,
            0x2B, 0x03, 0x00, 0x00, 0xDF, 0x00, 0x00, 0x00, 0x50, 0x00, 0x05, 0x00, 0x0C, 0x00, 0x00, 0x00,
            0x2D, 0x03, 0x00, 0x00, 0x2B, 0x03, 0x00, 0x00, 0x2C, 0x03, 0x00, 0x00, 0x3E, 0x00, 0x03, 0x00,
            0x17, 0x03, 0x00, 0x00, 0x2D, 0x03, 0x00, 0x00, 0x3D, 0x00, 0x04, 0x00, 0x0C, 0x00, 0x00, 0x00,
            0x6F, 0x01, 0x00, 0x00, 0x17, 0x03, 0x00, 0x00, 0x81, 0x00, 0x05, 0x00, 0x0C, 0x00, 0x00, 0x00,
            0x70, 0x01, 0x00, 0x00, 0x6D, 0x01, 0x00, 0x00, 0x6F, 0x01, 0x00, 0x00, 0x51, 0x00, 0x05, 0x00,
            0x08, 0x00, 0x00, 0x00, 0x39, 0x03, 0x00, 0x00, 0xF8, 0x00, 0x00, 0x00, 0x01, 0x00, 0x00, 0x00,
            0x85, 0x00, 0x05, 0x00, 0x08, 0x00, 0x00, 0x00, 0x3A, 0x03, 0x00, 0x00, 0x6E, 0x01, 0x00, 0x00,
            0x39, 0x03, 0x00, 0x00, 0x51, 0x00, 0x05, 0x00, 0x08, 0x00, 0x00, 0x00, 0x3B, 0x03, 0x00, 0x00,
            0xF8, 0x00, 0x00, 0x00, 0x00, 0x00, 0x00, 0x00, 0x85, 0x00, 0x05, 0x00, 0x08, 0x00, 0x00, 0x00,
            0x3C, 0x03, 0x00, 0x00, 0x2B, 0x01, 0x00, 0x00, 0x3B, 0x03, 0x00, 0x00, 0x81, 0x00, 0x05, 0x00,
            0x08, 0x00, 0x00, 0x00, 0x3D, 0x03, 0x00, 0x00, 0x3A, 0x03, 0x00, 0x00, 0x3C, 0x03, 0x00, 0x00,
            0x85, 0x00, 0x05, 0x00, 0x08, 0x00, 0x00, 0x00, 0x3E, 0x03, 0x00, 0x00, 0x6E, 0x01, 0x00, 0x00,
            0x6E, 0x01, 0x00, 0x00, 0x85, 0x00, 0x05, 0x00, 0x08, 0x00, 0x00, 0x00, 0x3F, 0x03, 0x00, 0x00,
            0x2B, 0x01, 0x00, 0x00, 0x2B, 0x01, 0x00, 0x00, 0x81, 0x00, 0x05, 0x00, 0x08, 0x00, 0x00, 0x00,
            0x40, 0x03, 0x00, 0x00, 0x3E, 0x03, 0x00, 0x00, 0x3F, 0x03, 0x00, 0x00, 0x85, 0x00, 0x05, 0x00,
            0x08, 0x00, 0x00, 0x00, 0x41, 0x03, 0x00, 0x00, 0x3D, 0x03, 0x00, 0x00, 0x3D, 0x03, 0x00, 0x00,
            0x85, 0x00, 0x05, 0x00, 0x08, 0x00, 0x00, 0x00, 0x42, 0x03, 0x00, 0x00, 0xE2, 0x00, 0x00, 0x00,
            0xE2, 0x00, 0x00, 0x00, 0x85, 0x00, 0x05, 0x00, 0x08, 0x00, 0x00, 0x00, 0x43, 0x03, 0x00, 0x00,
            0x42, 0x03, 0x00, 0x00, 0xF7, 0x00, 0x00, 0x00, 0x0C, 0x00, 0x08, 0x00, 0x08, 0x00, 0x00, 0x00,
            0x44, 0x03, 0x00, 0x00, 0x72, 0x00, 0x00, 0x00, 0x2B, 0x00, 0x00, 0x00, 0x43, 0x03, 0x00, 0x00,
            0x5C, 0x00, 0x00, 0x00, 0x2D, 0x01, 0x00, 0x00, 0x85, 0x00, 0x05, 0x00, 0x08, 0x00, 0x00, 0x00,
            0x45, 0x03, 0x00, 0x00, 0x44, 0x03, 0x00, 0x00, 0x45, 0x01, 0x00, 0x00, 0x81, 0x00, 0x05, 0x00,
            0x08, 0x00, 0x00, 0x00, 0x46, 0x03, 0x00, 0x00, 0x45, 0x03, 0x00, 0x00, 0x47, 0x01, 0x00, 0x00,
            0x85, 0x00, 0x05, 0x00, 0x08, 0x00, 0x00, 0x00, 0x47, 0x03, 0x00, 0x00, 0x41, 0x03, 0x00, 0x00,
            0x46, 0x03, 0x00, 0x00, 0x81, 0x00, 0x05, 0x00, 0x08, 0x00, 0x00, 0x00, 0x48, 0x03, 0x00, 0x00,
            0x40, 0x03, 0x00, 0x00, 0x47, 0x03, 0x00, 0x00, 0x83, 0x00, 0x05, 0x00, 0x08, 0x00, 0x00, 0x00,
            0x4E, 0x03, 0x00, 0x00, 0x48, 0x03, 0x00, 0x00, 0x50, 0x01, 0x00, 0x00, 0x85, 0x00, 0x05, 0x00,
            0x08, 0x00, 0x00, 0x00, 0x4F, 0x03, 0x00, 0x00, 0x48, 0x03, 0x00, 0x00, 0x4E, 0x03, 0x00, 0x00,
            0x83, 0x00, 0x05, 0x00, 0x08, 0x00, 0x00, 0x00, 0x50, 0x03, 0x00, 0x00, 0x4F, 0x03, 0x00, 0x00,
            0x4E, 0x03, 0x00, 0x00, 0x85, 0x00, 0x05, 0x00, 0x08, 0x00, 0x00, 0x00, 0x51, 0x03, 0x00, 0x00,
            0x4E, 0x03, 0x00, 0x00, 0x4E, 0x03, 0x00, 0x00, 0x85, 0x00, 0x05, 0x00, 0x08, 0x00, 0x00, 0x00,
            0x52, 0x03, 0x00, 0x00, 0x50, 0x03, 0x00, 0x00, 0x51, 0x03, 0x00, 0x00, 0x3E, 0x00, 0x03, 0x00,
            0x4C, 0x03, 0x00, 0x00, 0x52, 0x03, 0x00, 0x00, 0x3D, 0x00, 0x04, 0x00, 0x08, 0x00, 0x00, 0x00,
            0x49, 0x03, 0x00, 0x00, 0x4C, 0x03, 0x00, 0x00, 0x85, 0x00, 0x05, 0x00, 0x08, 0x00, 0x00, 0x00,
            0x4A, 0x03, 0x00, 0x00, 0x49, 0x03, 0x00, 0x00, 0xE2, 0x00, 0x00, 0x00, 0x50, 0x00, 0x05, 0x00,
            0x0C, 0x00, 0x00, 0x00, 0x4B, 0x03, 0x00, 0x00, 0x49, 0x03, 0x00, 0x00, 0x4A, 0x03, 0x00, 0x00,
            0x3E, 0x00, 0x03, 0x00, 0x35, 0x03, 0x00, 0x00, 0x4B, 0x03, 0x00, 0x00, 0x3D, 0x00, 0x04, 0x00,
            0x0C, 0x00, 0x00, 0x00, 0x71, 0x01, 0x00, 0x00, 0x35, 0x03, 0x00, 0x00, 0x81, 0x00, 0x05, 0x00,
            0x0C, 0x00, 0x00, 0x00, 0x72, 0x01, 0x00, 0x00, 0x70, 0x01, 0x00, 0x00, 0x71, 0x01, 0x00, 0x00,
            0x51, 0x00, 0x05, 0x00, 0x08, 0x00, 0x00, 0x00, 0x57, 0x03, 0x00, 0x00, 0xF8, 0x00, 0x00, 0x00,
            0x01, 0x00, 0x00, 0x00, 0x85, 0x00, 0x05, 0x00, 0x08, 0x00, 0x00, 0x00, 0x58, 0x03, 0x00, 0x00,
            0x59, 0x01, 0x00, 0x00, 0x57, 0x03, 0x00, 0x00, 0x51, 0x00, 0x05, 0x00, 0x08, 0x00, 0x00, 0x00,
            0x59, 0x03, 0x00, 0x00, 0xF8, 0x00, 0x00, 0x00, 0x00, 0x00, 0x00, 0x00, 0x85, 0x00, 0x05, 0x00,
            0x08, 0x00, 0x00, 0x00, 0x5A, 0x03, 0x00, 0x00, 0x2B, 0x01, 0x00, 0x00, 0x59, 0x03, 0x00, 0x00,
            0x81, 0x00, 0x05, 0x00, 0x08, 0x00, 0x00, 0x00, 0x5B, 0x03, 0x00, 0x00, 0x58, 0x03, 0x00, 0x00,
            0x5A, 0x03, 0x00, 0x00, 0x85, 0x00, 0x05, 0x00, 0x08, 0x00, 0x00, 0x00, 0x5C, 0x03, 0x00, 0x00,
            0x59, 0x01, 0x00, 0x00, 0x59, 0x01, 0x00, 0x00, 0x85, 0x00, 0x05, 0x00, 0x08, 0x00, 0x00, 0x00,
            0x5D, 0x03, 0x00, 0x00, 0x2B, 0x01, 0x00, 0x00, 0x2B, 0x01, 0x00, 0x00, 0x81, 0x00, 0x05, 0x00,
            0x08, 0x00, 0x00, 0x00, 0x5E, 0x03, 0x00, 0x00, 0x5C, 0x03, 0x00, 0x00, 0x5D, 0x03, 0x00, 0x00,
            0x85, 0x00, 0x05, 0x00, 0x08, 0x00, 0x00, 0x00, 0x5F, 0x03, 0x00, 0x00, 0x5B, 0x03, 0x00, 0x00,
            0x5B, 0x03, 0x00, 0x00, 0x85, 0x00, 0x05, 0x00, 0x08, 0x00, 0x00, 0x00, 0x60, 0x03, 0x00, 0x00,
            0xE5, 0x00, 0x00, 0x00, 0xE5, 0x00, 0x00, 0x00, 0x85, 0x00, 0x05, 0x00, 0x08, 0x00, 0x00, 0x00,
            0x61, 0x03, 0x00, 0x00, 0x60, 0x03, 0x00, 0x00, 0xF7, 0x00, 0x00, 0x00, 0x0C, 0x00, 0x08, 0x00,
            0x08, 0x00, 0x00, 0x00, 0x62, 0x03, 0x00, 0x00, 0x72, 0x00, 0x00, 0x00, 0x2B, 0x00, 0x00, 0x00,
            0x61, 0x03, 0x00, 0x00, 0x5C, 0x00, 0x00, 0x00, 0x2D, 0x01, 0x00, 0x00, 0x85, 0x00, 0x05, 0x00,
            0x08, 0x00, 0x00, 0x00, 0x63, 0x03, 0x00, 0x00, 0x62, 0x03, 0x00, 0x00, 0x45, 0x01, 0x00, 0x00,
            0x81, 0x00, 0x05, 0x00, 0x08, 0x00, 0x00, 0x00, 0x64, 0x03, 0x00, 0x00, 0x63, 0x03, 0x00, 0x00,
            0x47, 0x01, 0x00, 0x00, 0x85, 0x00, 0x05, 0x00, 0x08, 0x00, 0x00, 0x00, 0x65, 0x03, 0x00, 0x00,
            0x5F, 0x03, 0x00, 0x00, 0x64, 0x03, 0x00, 0x00, 0x81, 0x00, 0x05, 0x00, 0x08, 0x00, 0x00, 0x00,
            0x66, 0x03, 0x00, 0x00, 0x5E, 0x03, 0x00, 0x00, 0x65, 0x03, 0x00, 0x00, 0x83, 0x00, 0x05, 0x00,
            0x08, 0x00, 0x00, 0x00, 0x6C, 0x03, 0x00, 0x00, 0x66, 0x03, 0x00, 0x00, 0x50, 0x01, 0x00, 0x00,
            0x85, 0x00, 0x05, 0x00, 0x08, 0x00, 0x00, 0x00, 0x6D, 0x03, 0x00, 0x00, 0x66, 0x03, 0x00, 0x00,
            0x6C, 0x03, 0x00, 0x00, 0x83, 0x00, 0x05, 0x00, 0x08, 0x00, 0x00, 0x00, 0x6E, 0x03, 0x00, 0x00,
            0x6D, 0x03, 0x00, 0x00, 0x6C, 0x03, 0x00, 0x00, 0x85, 0x00, 0x05, 0x00, 0x08, 0x00, 0x00, 0x00,
            0x6F, 0x03, 0x00, 0x00, 0x6C, 0x03, 0x00, 0x00, 0x6C, 0x03, 0x00, 0x00, 0x85, 0x00, 0x05, 0x00,
            0x08, 0x00, 0x00, 0x00, 0x70, 0x03, 0x00, 0x00, 0x6E, 0x03, 0x00, 0x00, 0x6F, 0x03, 0x00, 0x00,
            0x3E, 0x00, 0x03, 0x00, 0x6A, 0x03, 0x00, 0x00, 0x70, 0x03, 0x00, 0x00, 0x3D, 0x00, 0x04, 0x00,
            0x08, 0x00, 0x00, 0x00, 0x67, 0x03, 0x00, 0x00, 0x6A, 0x03, 0x00, 0x00, 0x85, 0x00, 0x05, 0x00,
            0x08, 0x00, 0x00, 0x00, 0x68, 0x03, 0x00, 0x00, 0x67, 0x03, 0x00, 0x00, 0xE5, 0x00, 0x00, 0x00,
            0x50, 0x00, 0x05, 0x00, 0x0C, 0x00, 0x00, 0x00, 0x69, 0x03, 0x00, 0x00, 0x67, 0x03, 0x00, 0x00,
            0x68, 0x03, 0x00, 0x00, 0x3E, 0x00, 0x03, 0x00, 0x53, 0x03, 0x00, 0x00, 0x69, 0x03, 0x00, 0x00,
            0x3D, 0x00, 0x04, 0x00, 0x0C, 0x00, 0x00, 0x00, 0x73, 0x01, 0x00, 0x00, 0x53, 0x03, 0x00, 0x00,
            0x81, 0x00, 0x05, 0x00, 0x0C, 0x00, 0x00, 0x00, 0x74, 0x01, 0x00, 0x00, 0x72, 0x01, 0x00, 0x00,
            0x73, 0x01, 0x00, 0x00, 0x51, 0x00, 0x05, 0x00, 0x08, 0x00, 0x00, 0x00, 0x75, 0x01, 0x00, 0x00,
            0x74, 0x01, 0x00, 0x00, 0x01, 0x00, 0x00, 0x00, 0x51, 0x00, 0x05, 0x00, 0x08, 0x00, 0x00, 0x00,
            0x76, 0x01, 0x00, 0x00, 0x74, 0x01, 0x00, 0x00, 0x00, 0x00, 0x00, 0x00, 0x88, 0x00, 0x05, 0x00,
            0x08, 0x00, 0x00, 0x00, 0x77, 0x01, 0x00, 0x00, 0x75, 0x01, 0x00, 0x00, 0x76, 0x01, 0x00, 0x00,
            0x0C, 0x00, 0x07, 0x00, 0x08, 0x00, 0x00, 0x00, 0x78, 0x01, 0x00, 0x00, 0x72, 0x00, 0x00, 0x00,
            0x28, 0x00, 0x00, 0x00, 0xD4, 0x00, 0x00, 0x00, 0xD7, 0x00, 0x00, 0x00, 0x0C, 0x00, 0x07, 0x00,
            0x08, 0x00, 0x00, 0x00, 0x79, 0x01, 0x00, 0x00, 0x72, 0x00, 0x00, 0x00, 0x28, 0x00, 0x00, 0x00,
            0xDD, 0x00, 0x00, 0x00, 0xE5, 0x00, 0x00, 0x00, 0x0C, 0x00, 0x07, 0x00, 0x08, 0x00, 0x00, 0x00,
            0x7A, 0x01, 0x00, 0x00, 0x72, 0x00, 0x00, 0x00, 0x28, 0x00, 0x00, 0x00, 0x78, 0x01, 0x00, 0x00,
            0x79, 0x01, 0x00, 0x00, 0x0C, 0x00, 0x07, 0x00, 0x08, 0x00, 0x00, 0x00, 0x7B, 0x01, 0x00, 0x00,
            0x72, 0x00, 0x00, 0x00, 0x25, 0x00, 0x00, 0x00, 0xD4, 0x00, 0x00, 0x00, 0xD7, 0x00, 0x00, 0x00,
            0x0C, 0x00, 0x07, 0x00, 0x08, 0x00, 0x00, 0x00, 0x7C, 0x01, 0x00, 0x00, 0x72, 0x00, 0x00, 0x00,
            0x25, 0x00, 0x00, 0x00, 0xDD, 0x00, 0x00, 0x00, 0xE5, 0x00, 0x00, 0x00, 0x0C, 0x00, 0x07, 0x00,
            0x08, 0x00, 0x00, 0x00, 0x7D, 0x01, 0x00, 0x00, 0x72, 0x00, 0x00, 0x00, 0x25, 0x00, 0x00, 0x00,
            0x7B, 0x01, 0x00, 0x00, 0x7C, 0x01, 0x00, 0x00, 0x85, 0x00, 0x05, 0x00, 0x08, 0x00, 0x00, 0x00,
            0x7E, 0x01, 0x00, 0x00, 0x5D, 0x01, 0x00, 0x00, 0x77, 0x01, 0x00, 0x00, 0x0C, 0x00, 0x08, 0x00,
            0x08, 0x00, 0x00, 0x00, 0x7F, 0x01, 0x00, 0x00, 0x72, 0x00, 0x00, 0x00, 0x2B, 0x00, 0x00, 0x00,
            0x7E, 0x01, 0x00, 0x00, 0x7D, 0x01, 0x00, 0x00, 0x7A, 0x01, 0x00, 0x00, 0x3D, 0x00, 0x04, 0x00,
            0x09, 0x00, 0x00, 0x00, 0x80, 0x01, 0x00, 0x00, 0x0B, 0x00, 0x00, 0x00, 0x51, 0x00, 0x05, 0x00,
            0x08, 0x00, 0x00, 0x00, 0x81, 0x01, 0x00, 0x00, 0x80, 0x01, 0x00, 0x00, 0x03, 0x00, 0x00, 0x00,
            0x83, 0x00, 0x05, 0x00, 0x08, 0x00, 0x00, 0x00, 0x82, 0x01, 0x00, 0x00, 0x7F, 0x01, 0x00, 0x00,
            0x81, 0x01, 0x00, 0x00, 0x0C, 0x00, 0x08, 0x00, 0x08, 0x00, 0x00, 0x00, 0x83, 0x01, 0x00, 0x00,
            0x72, 0x00, 0x00, 0x00, 0x2B, 0x00, 0x00, 0x00, 0x82, 0x01, 0x00, 0x00, 0x84, 0x01, 0x00, 0x00,
            0x85, 0x01, 0x00, 0x00, 0x41, 0x00, 0x05, 0x00, 0x60, 0x00, 0x00, 0x00, 0x86, 0x01, 0x00, 0x00,
            0x0B, 0x00, 0x00, 0x00, 0x62, 0x00, 0x00, 0x00, 0x3D, 0x00, 0x04, 0x00, 0x09, 0x00, 0x00, 0x00,
            0x87, 0x01, 0x00, 0x00, 0x0B, 0x00, 0x00, 0x00, 0x51, 0x00, 0x05, 0x00, 0x08, 0x00, 0x00, 0x00,
            0x88, 0x01, 0x00, 0x00, 0x87, 0x01, 0x00, 0x00, 0x00, 0x00, 0x00, 0x00, 0x81, 0x00, 0x05, 0x00,
            0x08, 0x00, 0x00, 0x00, 0x89, 0x01, 0x00, 0x00, 0x88, 0x01, 0x00, 0x00, 0x83, 0x01, 0x00, 0x00,
            0x0C, 0x00, 0x08, 0x00, 0x08, 0x00, 0x00, 0x00, 0x8A, 0x01, 0x00, 0x00, 0x72, 0x00, 0x00, 0x00,
            0x2B, 0x00, 0x00, 0x00, 0x89, 0x01, 0x00, 0x00, 0x5C, 0x00, 0x00, 0x00, 0x2D, 0x01, 0x00, 0x00,
            0x3E, 0x00, 0x03, 0x00, 0x86, 0x01, 0x00, 0x00, 0x8A, 0x01, 0x00, 0x00, 0x3D, 0x00, 0x04, 0x00,
            0x09, 0x00, 0x00, 0x00, 0x8C, 0x01, 0x00, 0x00, 0x0B, 0x00, 0x00, 0x00, 0x51, 0x00, 0x05, 0x00,
            0x08, 0x00, 0x00, 0x00, 0x8D, 0x01, 0x00, 0x00, 0x8C, 0x01, 0x00, 0x00, 0x01, 0x00, 0x00, 0x00,
            0x81, 0x00, 0x05, 0x00, 0x08, 0x00, 0x00, 0x00, 0x8E, 0x01, 0x00, 0x00, 0x8D, 0x01, 0x00, 0x00,
            0x83, 0x01, 0x00, 0x00, 0x0C, 0x00, 0x08, 0x00, 0x08, 0x00, 0x00, 0x00, 0x8F, 0x01, 0x00, 0x00,
            0x72, 0x00, 0x00, 0x00, 0x2B, 0x00, 0x00, 0x00, 0x8E, 0x01, 0x00, 0x00, 0x5C, 0x00, 0x00, 0x00,
            0x2D, 0x01, 0x00, 0x00, 0x3E, 0x00, 0x03, 0x00, 0x8F, 0x00, 0x00, 0x00, 0x8F, 0x01, 0x00, 0x00,
            0x41, 0x00, 0x05, 0x00, 0x60, 0x00, 0x00, 0x00, 0x91, 0x01, 0x00, 0x00, 0x0B, 0x00, 0x00, 0x00,
            0x43, 0x00, 0x00, 0x00, 0x3D, 0x00, 0x04, 0x00, 0x09, 0x00, 0x00, 0x00, 0x92, 0x01, 0x00, 0x00,
            0x0B, 0x00, 0x00, 0x00, 0x51, 0x00, 0x05, 0x00, 0x08, 0x00, 0x00, 0x00, 0x93, 0x01, 0x00, 0x00,
            0x92, 0x01, 0x00, 0x00, 0x02, 0x00, 0x00, 0x00, 0x81, 0x00, 0x05, 0x00, 0x08, 0x00, 0x00, 0x00,
            0x94, 0x01, 0x00, 0x00, 0x93, 0x01, 0x00, 0x00, 0x83, 0x01, 0x00, 0x00, 0x0C, 0x00, 0x08, 0x00,
            0x08, 0x00, 0x00, 0x00, 0x95, 0x01, 0x00, 0x00, 0x72, 0x00, 0x00, 0x00, 0x2B, 0x00, 0x00, 0x00,
            0x94, 0x01, 0x00, 0x00, 0x5C, 0x00, 0x00, 0x00, 0x2D, 0x01, 0x00, 0x00, 0x3E, 0x00, 0x03, 0x00,
            0x91, 0x01, 0x00, 0x00, 0x95, 0x01, 0x00, 0x00, 0xF9, 0x00, 0x02, 0x00, 0x16, 0x00, 0x00, 0x00,
            0xF8, 0x00, 0x02, 0x00, 0x16, 0x00, 0x00, 0x00, 0x41, 0x00, 0x05, 0x00, 0x60, 0x00, 0x00, 0x00,
            0x98, 0x01, 0x00, 0x00, 0x0B, 0x00, 0x00, 0x00, 0xBE, 0x00, 0x00, 0x00, 0x3E, 0x00, 0x03, 0x00,
            0x98, 0x01, 0x00, 0x00, 0x2D, 0x01, 0x00, 0x00, 0x41, 0x00, 0x05, 0x00, 0x44, 0x00, 0x00, 0x00,
            0x9A, 0x01, 0x00, 0x00, 0x22, 0x00, 0x00, 0x00, 0xBE, 0x00, 0x00, 0x00, 0x3D, 0x00, 0x04, 0x00,
            0x1C, 0x00, 0x00, 0x00, 0x9B, 0x01, 0x00, 0x00, 0x9A, 0x01, 0x00, 0x00, 0x51, 0x00, 0x05, 0x00,
            0x17, 0x00, 0x00, 0x00, 0x9C, 0x01, 0x00, 0x00, 0x9B, 0x01, 0x00, 0x00, 0x00, 0x00, 0x00, 0x00,
            0x43, 0x11, 0x06, 0x00, 0x4B, 0x00, 0x00, 0x00, 0xA0, 0x01, 0x00, 0x00, 0x9F, 0x01, 0x00, 0x00,
            0x4D, 0x00, 0x00, 0x00, 0x9C, 0x01, 0x00, 0x00, 0x3D, 0x00, 0x04, 0x00, 0x9D, 0x01, 0x00, 0x00,
            0xA1, 0x01, 0x00, 0x00, 0xA0, 0x01, 0x00, 0x00, 0x3D, 0x00, 0x04, 0x00, 0x09, 0x00, 0x00, 0x00,
            0xA2, 0x01, 0x00, 0x00, 0x0B, 0x00, 0x00, 0x00, 0x63, 0x00, 0x04, 0x00, 0xA1, 0x01, 0x00, 0x00,
            0x1D, 0x00, 0x00, 0x00, 0xA2, 0x01, 0x00, 0x00, 0xF9, 0x00, 0x02, 0x00, 0xA5, 0x01, 0x00, 0x00,
            0xF8, 0x00, 0x02, 0x00, 0xA5, 0x01, 0x00, 0x00, 0xFD, 0x00, 0x01, 0x00, 0x38, 0x00, 0x01, 0x00
        ],
        ThreadGroupSize = new()
        {
            X = 8,
            Y = 8,
            Z = 1
        }
    };
    #endregion
}
