namespace Zenith.NET.Extensions.Upscaling.Passes;

internal unsafe partial class Sgsr2ConvertPass
{
    private static readonly ShaderDesc DirectX12SpeedMain = new()
    {
        Name = "Main",
        CodeBytes =
        [
        ],
        ThreadGroupSize = new()
        {
            X = 0,
            Y = 0,
            Z = 0
        }
    };

    private static readonly ShaderDesc DirectX12QualityMain = new()
    {
        Name = "Main",
        CodeBytes =
        [
        ],
        ThreadGroupSize = new()
        {
            X = 0,
            Y = 0,
            Z = 0
        }
    };

    private static readonly ShaderDesc MetalSpeedMain = new()
    {
        Name = "Main",
        CodeBytes =
        [
            0x4D, 0x54, 0x4C, 0x42, 0x01, 0x80, 0x02, 0x00, 0x09, 0x00, 0x00, 0x81, 0x1A, 0x00, 0x00, 0x00,
            0x64, 0x24, 0x00, 0x00, 0x00, 0x00, 0x00, 0x00, 0x58, 0x00, 0x00, 0x00, 0x00, 0x00, 0x00, 0x00,
            0x88, 0x00, 0x00, 0x00, 0x00, 0x00, 0x00, 0x00, 0x2A, 0x01, 0x00, 0x00, 0x00, 0x00, 0x00, 0x00,
            0x08, 0x00, 0x00, 0x00, 0x00, 0x00, 0x00, 0x00, 0x32, 0x01, 0x00, 0x00, 0x00, 0x00, 0x00, 0x00,
            0x08, 0x00, 0x00, 0x00, 0x00, 0x00, 0x00, 0x00, 0x3A, 0x01, 0x00, 0x00, 0x00, 0x00, 0x00, 0x00,
            0x90, 0x1B, 0x00, 0x00, 0x00, 0x00, 0x00, 0x00, 0x01, 0x00, 0x00, 0x00, 0x88, 0x00, 0x00, 0x00,
            0x4E, 0x41, 0x4D, 0x45, 0x05, 0x00, 0x4D, 0x61, 0x69, 0x6E, 0x00, 0x54, 0x59, 0x50, 0x45, 0x01,
            0x00, 0x02, 0x48, 0x41, 0x53, 0x48, 0x20, 0x00, 0x05, 0xDB, 0x9F, 0x52, 0xFC, 0xB7, 0x5C, 0xF6,
            0xB9, 0x3E, 0x04, 0x8D, 0x63, 0x7B, 0x57, 0x8D, 0x59, 0x20, 0x5E, 0x35, 0x98, 0xE0, 0x67, 0x4A,
            0x21, 0x5D, 0x91, 0x0A, 0x18, 0xAF, 0xB3, 0x4F, 0x4F, 0x46, 0x46, 0x54, 0x18, 0x00, 0x00, 0x00,
            0x00, 0x00, 0x00, 0x00, 0x00, 0x00, 0x00, 0x00, 0x00, 0x00, 0x00, 0x00, 0x00, 0x00, 0x00, 0x00,
            0x00, 0x00, 0x00, 0x00, 0x00, 0x00, 0x56, 0x45, 0x52, 0x53, 0x08, 0x00, 0x02, 0x00, 0x08, 0x00,
            0x04, 0x00, 0x00, 0x00, 0x4D, 0x44, 0x53, 0x5A, 0x08, 0x00, 0x90, 0x1B, 0x00, 0x00, 0x00, 0x00,
            0x00, 0x00, 0x52, 0x46, 0x4C, 0x54, 0x08, 0x00, 0x04, 0x00, 0x00, 0x00, 0x00, 0x00, 0x00, 0x00,
            0x45, 0x4E, 0x44, 0x54, 0x48, 0x44, 0x59, 0x4E, 0x10, 0x00, 0xCA, 0x1C, 0x00, 0x00, 0x00, 0x00,
            0x00, 0x00, 0x2A, 0x00, 0x00, 0x00, 0x00, 0x00, 0x00, 0x00, 0x52, 0x4C, 0x53, 0x54, 0x10, 0x00,
            0xF4, 0x1C, 0x00, 0x00, 0x00, 0x00, 0x00, 0x00, 0x70, 0x07, 0x00, 0x00, 0x00, 0x00, 0x00, 0x00,
            0x55, 0x55, 0x49, 0x44, 0x10, 0x00, 0xF9, 0x6E, 0x17, 0x3B, 0xA6, 0x32, 0x3E, 0x96, 0x98, 0xB2,
            0x0D, 0x60, 0xAB, 0x4B, 0x5E, 0xA2, 0x45, 0x4E, 0x44, 0x54, 0x08, 0x00, 0x00, 0x00, 0x45, 0x4E,
            0x44, 0x54, 0x08, 0x00, 0x00, 0x00, 0x45, 0x4E, 0x44, 0x54, 0xDE, 0xC0, 0x17, 0x0B, 0x00, 0x00,
            0x00, 0x00, 0x14, 0x00, 0x00, 0x00, 0x7C, 0x1B, 0x00, 0x00, 0xFF, 0xFF, 0xFF, 0xFF, 0x42, 0x43,
            0xC0, 0xDE, 0x35, 0x14, 0x00, 0x00, 0x03, 0x00, 0x00, 0x00, 0x62, 0x0C, 0x30, 0x24, 0x80, 0x10,
            0x05, 0xC8, 0x14, 0x00, 0x00, 0x00, 0x21, 0x0C, 0x00, 0x00, 0x14, 0x06, 0x00, 0x00, 0x0B, 0x02,
            0x21, 0x00, 0x02, 0x00, 0x00, 0x00, 0x16, 0x00, 0x00, 0x00, 0x07, 0x81, 0x23, 0x91, 0x41, 0xC8,
            0x04, 0x49, 0x06, 0x10, 0x32, 0x39, 0x92, 0x01, 0x84, 0x0C, 0x25, 0x05, 0x08, 0x19, 0x1E, 0x04,
            0x8B, 0x62, 0x80, 0x18, 0x45, 0x02, 0x42, 0x92, 0x0B, 0x42, 0xC4, 0x10, 0x32, 0x14, 0x38, 0x08,
            0x18, 0x4B, 0x0A, 0x32, 0x62, 0x88, 0x48, 0x70, 0xC4, 0x21, 0x23, 0x44, 0x12, 0x87, 0x8C, 0x10,
            0x41, 0x92, 0x02, 0x64, 0xC8, 0x08, 0xB1, 0x14, 0x20, 0x43, 0x46, 0x88, 0x20, 0xC9, 0x01, 0x32,
            0x62, 0x84, 0x18, 0x2A, 0x28, 0x2A, 0x90, 0x31, 0x7C, 0xB0, 0x5C, 0x91, 0x20, 0xC6, 0xC8, 0x00,
            0x00, 0x00, 0x89, 0x20, 0x00, 0x00, 0x56, 0x00, 0x00, 0x00, 0x32, 0x22, 0x88, 0x09, 0x20, 0x62,
            0x46, 0x00, 0x21, 0x2B, 0x24, 0x98, 0x18, 0x21, 0x25, 0x24, 0x98, 0x18, 0x19, 0x27, 0x0C, 0x85,
            0xA4, 0x90, 0x60, 0x62, 0x64, 0x5C, 0x20, 0x24, 0x66, 0x82, 0xA0, 0x0E, 0x46, 0x00, 0xE6, 0x08,
            0xC0, 0x60, 0x18, 0x61, 0x08, 0x86, 0x11, 0x88, 0x60, 0x06, 0x60, 0x18, 0x81, 0x20, 0x94, 0xA0,
            0x98, 0x89, 0x9A, 0x07, 0x7A, 0x90, 0x87, 0x7A, 0x18, 0x07, 0x7A, 0x70, 0x83, 0x76, 0x28, 0x07,
            0x7A, 0x08, 0x07, 0x76, 0xD0, 0x03, 0x3D, 0x68, 0x87, 0x70, 0xA0, 0x07, 0x79, 0x48, 0x07, 0x7C,
            0x48, 0x81, 0x81, 0x94, 0x34, 0x45, 0x94, 0x30, 0xF9, 0xFF, 0x44, 0x5C, 0x13, 0x15, 0x11, 0xBF,
            0x3D, 0xFC, 0xD3, 0x18, 0x01, 0x30, 0x88, 0x80, 0x04, 0x33, 0x5D, 0xF3, 0x40, 0x0F, 0xF2, 0x50,
            0x0F, 0xE3, 0x40, 0x0F, 0x6E, 0xD0, 0x0E, 0xE5, 0x40, 0x0F, 0xE1, 0xC0, 0x0E, 0x7A, 0xA0, 0x07,
            0xF4, 0x50, 0x0E, 0xF8, 0x40, 0x0F, 0xF5, 0x20, 0x0F, 0xE5, 0x20, 0x07, 0xE4, 0x90, 0x82, 0x04,
            0x23, 0x69, 0x8A, 0x28, 0x61, 0xF2, 0x7F, 0x09, 0x60, 0x9E, 0x85, 0x88, 0xFE, 0x69, 0x8C, 0x00,
            0x18, 0x44, 0x58, 0x84, 0x99, 0xAA, 0x79, 0xA0, 0x07, 0x79, 0xA8, 0x87, 0x71, 0xA0, 0x07, 0x37,
            0x68, 0x87, 0x72, 0xA0, 0x87, 0x70, 0x60, 0x07, 0x3D, 0xD0, 0x83, 0x79, 0x08, 0x87, 0x76, 0x80,
            0x07, 0x76, 0x28, 0x07, 0x79, 0x48, 0x01, 0x33, 0x8C, 0x20, 0x04, 0x28, 0x49, 0x53, 0x44, 0x09,
            0x93, 0xCF, 0x39, 0x8D, 0x34, 0x01, 0xCD, 0x24, 0xFD, 0x74, 0x72, 0x86, 0xA2, 0x38, 0x8A, 0x41,
            0x51, 0x14, 0x45, 0x51, 0x1A, 0x67, 0x10, 0xE1, 0x11, 0xCC, 0x00, 0x08, 0x10, 0x45, 0xC6, 0x00,
            0x12, 0xA7, 0x08, 0x02, 0x9A, 0x8C, 0x01, 0x24, 0xCE, 0x10, 0x04, 0x54, 0x19, 0x21, 0x20, 0xE8,
            0x32, 0x04, 0x41, 0x10, 0x04, 0x65, 0x66, 0x20, 0x08, 0x82, 0xB6, 0x39, 0x02, 0xE4, 0x08, 0x45,
            0x67, 0x0E, 0x2F, 0x61, 0x1C, 0x27, 0x08, 0xE8, 0x33, 0x01, 0x43, 0xA1, 0x11, 0x08, 0x82, 0xC6,
            0x61, 0x04, 0x81, 0x30, 0x03, 0x51, 0x96, 0x64, 0x1A, 0xA1, 0x74, 0x08, 0x9D, 0x23, 0x08, 0x0C,
            0xE2, 0x25, 0x4C, 0xA9, 0x3A, 0x41, 0x40, 0xEB, 0x40, 0xC0, 0x1C, 0x01, 0x28, 0x0C, 0x22, 0x14,
            0xC2, 0x20, 0x02, 0x23, 0x0C, 0x22, 0x24, 0xC2, 0x14, 0xC0, 0x20, 0xC2, 0x20, 0x0C, 0x23, 0x0C,
            0x04, 0x00, 0x51, 0x18, 0x00, 0x00, 0x99, 0x00, 0x00, 0x00, 0x1B, 0xC8, 0x24, 0xF8, 0xFF, 0xFF,
            0xFF, 0xFF, 0x01, 0x30, 0x05, 0x40, 0x02, 0x26, 0xA0, 0x0F, 0x88, 0x70, 0x80, 0x07, 0x78, 0x90,
            0x87, 0x77, 0xC0, 0x87, 0x36, 0x30, 0x87, 0x7A, 0x70, 0x87, 0x71, 0x68, 0x03, 0x73, 0x80, 0x87,
            0x36, 0x68, 0x87, 0x70, 0xA0, 0x07, 0x74, 0x00, 0xE8, 0x41, 0x1E, 0xEA, 0xA1, 0x1C, 0x00, 0xC2,
            0x1C, 0xE4, 0x21, 0x1C, 0xDA, 0xA1, 0x1C, 0xDA, 0x00, 0x1E, 0xDE, 0x21, 0x1D, 0xDC, 0x81, 0x1E,
            0xCA, 0x41, 0x1E, 0x80, 0x70, 0x60, 0x07, 0x76, 0x00, 0x88, 0x76, 0x08, 0x07, 0x7C, 0x68, 0x83,
            0x7B, 0x78, 0x07, 0x79, 0x58, 0x87, 0x36, 0x38, 0x07, 0x79, 0x78, 0x87, 0x7A, 0x80, 0x87, 0x36,
            0x98, 0x87, 0x74, 0xD0, 0x87, 0x72, 0x00, 0xEC, 0x80, 0x0E, 0x00, 0xA2, 0x1D, 0xD2, 0xC1, 0x1D,
            0xDA, 0x80, 0x1D, 0xCA, 0xE1, 0x1C, 0xC2, 0x81, 0x1D, 0xDA, 0xC0, 0x1E, 0xCA, 0x61, 0x1C, 0xE8,
            0xE1, 0x1D, 0xE4, 0xA1, 0x0D, 0xEE, 0x21, 0x1D, 0xC8, 0x81, 0x1E, 0xD0, 0x01, 0x88, 0x03, 0x39,
            0xC0, 0x03, 0x60, 0x70, 0x87, 0x77, 0x68, 0x03, 0x71, 0xA8, 0x87, 0x74, 0x60, 0x07, 0x7A, 0x48,
            0x07, 0x77, 0x98, 0x07, 0x80, 0x70, 0x87, 0x77, 0x68, 0x83, 0x74, 0x70, 0x07, 0x73, 0x98, 0x87,
            0x36, 0x30, 0x07, 0x78, 0x68, 0x83, 0x76, 0x08, 0x07, 0x7A, 0x40, 0x07, 0x80, 0x1E, 0xE4, 0xA1,
            0x1E, 0xCA, 0x01, 0x20, 0xDC, 0xE1, 0x1D, 0xDA, 0xC0, 0x1D, 0xC2, 0xC1, 0x1D, 0xE6, 0xA1, 0x0D,
            0xCC, 0x01, 0x1E, 0xDA, 0xA0, 0x1D, 0xC2, 0x81, 0x1E, 0xD0, 0x01, 0xA0, 0x07, 0x79, 0xA8, 0x87,
            0x72, 0x00, 0x08, 0x77, 0x78, 0x87, 0x36, 0x98, 0x87, 0x74, 0x38, 0x07, 0x77, 0x28, 0x07, 0x72,
            0x68, 0x03, 0x7D, 0x28, 0x07, 0x79, 0x78, 0x87, 0x79, 0x68, 0x03, 0x73, 0x80, 0x87, 0x36, 0x68,
            0x87, 0x70, 0xA0, 0x07, 0x74, 0x00, 0xE8, 0x41, 0x1E, 0xEA, 0xA1, 0x1C, 0x00, 0xC2, 0x1D, 0xDE,
            0xA1, 0x0D, 0xE8, 0x41, 0x1E, 0xC2, 0x01, 0x1E, 0xE0, 0x21, 0x1D, 0xDC, 0xE1, 0x1C, 0xDA, 0xA0,
            0x1D, 0xC2, 0x81, 0x1E, 0xD0, 0x01, 0xA0, 0x07, 0x79, 0xA8, 0x87, 0x72, 0x00, 0x88, 0x79, 0xA0,
            0x87, 0x70, 0x18, 0x87, 0x75, 0x68, 0x03, 0x78, 0x90, 0x87, 0x77, 0xA0, 0x87, 0x72, 0x18, 0x07,
            0x7A, 0x78, 0x07, 0x79, 0x68, 0x03, 0x71, 0xA8, 0x07, 0x73, 0x30, 0x87, 0x72, 0x90, 0x87, 0x36,
            0x98, 0x87, 0x74, 0xD0, 0x87, 0x72, 0x00, 0xF0, 0x00, 0x20, 0xEA, 0xC1, 0x1D, 0xE6, 0x21, 0x1C,
            0xCC, 0xA1, 0x1C, 0xDA, 0xC0, 0x1C, 0xE0, 0xA1, 0x0D, 0xDA, 0x21, 0x1C, 0xE8, 0x01, 0x1D, 0x00,
            0x7A, 0x90, 0x87, 0x7A, 0x28, 0x07, 0x80, 0xB8, 0x87, 0x77, 0x90, 0x87, 0x75, 0x68, 0x83, 0x73,
            0x90, 0x87, 0x77, 0xA8, 0x07, 0x78, 0x68, 0x83, 0x79, 0x48, 0x07, 0x7D, 0x28, 0x07, 0x00, 0x0F,
            0xD8, 0x00, 0x0F, 0xD8, 0x20, 0x0E, 0x80, 0x0D, 0x84, 0x10, 0x00, 0xA4, 0xB0, 0xA1, 0x1B, 0x04,
            0x60, 0x01, 0x48, 0x01, 0xA8, 0x86, 0x70, 0x48, 0x07, 0x79, 0x68, 0x03, 0x71, 0xA8, 0x07, 0x73,
            0x30, 0x87, 0x72, 0x90, 0x87, 0x36, 0x70, 0x87, 0x77, 0x68, 0x83, 0x70, 0x60, 0x87, 0x74, 0x08,
            0x87, 0x79, 0x00, 0x36, 0x28, 0xC4, 0xFF, 0xFF, 0xFF, 0xFF, 0x0F, 0x40, 0x1B, 0x00, 0xA6, 0x00,
            0x48, 0x40, 0x1F, 0x6C, 0x20, 0x8A, 0x00, 0x58, 0x36, 0x38, 0xC6, 0xFF, 0xFF, 0xFF, 0xFF, 0x0F,
            0x80, 0x29, 0x00, 0x7E, 0x00, 0xFC, 0x01, 0x20, 0x01, 0x14, 0xD0, 0x07, 0x1B, 0x9C, 0xE3, 0xFF,
            0xFF, 0xFF, 0xFF, 0x07, 0xA0, 0x0D, 0x00, 0x53, 0x00, 0xFC, 0x00, 0x90, 0x80, 0x0A, 0xE8, 0x83,
            0x0D, 0x06, 0x12, 0x00, 0x0B, 0x50, 0x6D, 0x70, 0x92, 0xFF, 0xFF, 0xFF, 0xFF, 0x1F, 0x80, 0x38,
            0x00, 0x4C, 0x01, 0xF0, 0x03, 0x40, 0x02, 0x2A, 0xA0, 0x0F, 0x36, 0x18, 0x8A, 0x00, 0x2C, 0x40,
            0xB5, 0x01, 0x59, 0xFE, 0xFF, 0xFF, 0xFF, 0x7F, 0x00, 0x24, 0x80, 0x02, 0xFA, 0x60, 0x83, 0xC2,
            0xFC, 0xFF, 0xFF, 0xFF, 0xFF, 0x00, 0xB4, 0x01, 0x20, 0x01, 0x15, 0xD0, 0x07, 0x1B, 0x94, 0xE6,
            0xFF, 0xFF, 0xFF, 0xFF, 0x07, 0x20, 0x0E, 0x00, 0x09, 0xA8, 0x80, 0x3E, 0xD8, 0x80, 0x38, 0xFF,
            0xFF, 0xFF, 0xFF, 0x3F, 0x00, 0x6D, 0x00, 0x48, 0x40, 0x1F, 0x00, 0x00, 0x00, 0x00, 0x49, 0x18,
            0x00, 0x00, 0x0A, 0x00, 0x00, 0x00, 0x13, 0x86, 0x40, 0x18, 0x26, 0x08, 0x44, 0x31, 0x21, 0x30,
            0x26, 0x08, 0x07, 0x32, 0x21, 0x48, 0x26, 0x0C, 0x07, 0xA2, 0x4C, 0x08, 0x96, 0x09, 0x03, 0x83,
            0x28, 0x13, 0x82, 0x66, 0x82, 0xC0, 0x20, 0x13, 0x04, 0xA7, 0x00, 0x00, 0x00, 0x00, 0x13, 0xB8,
            0x70, 0x48, 0x07, 0x79, 0xB0, 0x03, 0x3A, 0xF8, 0x05, 0x7B, 0x90, 0x03, 0x3C, 0x68, 0x83, 0x70,
            0x80, 0x07, 0x78, 0x60, 0x87, 0x72, 0x68, 0x83, 0x76, 0x08, 0x87, 0x71, 0x78, 0x87, 0x79, 0xC0,
            0x07, 0x39, 0xB0, 0x03, 0x37, 0x80, 0x03, 0x37, 0x80, 0x83, 0x0D, 0xB7, 0x51, 0x0E, 0x6D, 0x00,
            0x0F, 0x7A, 0x60, 0x07, 0x74, 0xA0, 0x07, 0x76, 0x40, 0x07, 0x7A, 0x60, 0x07, 0x74, 0xD0, 0x06,
            0xE9, 0x10, 0x07, 0x7A, 0x80, 0x07, 0x7A, 0x80, 0x07, 0x6D, 0x90, 0x0E, 0x78, 0xA0, 0x07, 0x78,
            0xA0, 0x07, 0x78, 0xD0, 0x06, 0xE9, 0x10, 0x07, 0x76, 0xA0, 0x07, 0x71, 0x60, 0x07, 0x7A, 0x10,
            0x07, 0x76, 0xD0, 0x06, 0xE9, 0x30, 0x07, 0x72, 0xA0, 0x07, 0x73, 0x20, 0x07, 0x7A, 0x30, 0x07,
            0x72, 0xD0, 0x06, 0xE9, 0x60, 0x07, 0x74, 0xA0, 0x07, 0x76, 0x40, 0x07, 0x7A, 0x60, 0x07, 0x74,
            0xD0, 0x06, 0xE6, 0x30, 0x07, 0x72, 0xA0, 0x07, 0x73, 0x20, 0x07, 0x7A, 0x30, 0x07, 0x72, 0xD0,
            0x06, 0xE6, 0x60, 0x07, 0x74, 0xA0, 0x07, 0x76, 0x40, 0x07, 0x7A, 0x60, 0x07, 0x74, 0xD0, 0x06,
            0xF6, 0x10, 0x07, 0x76, 0xA0, 0x07, 0x71, 0x60, 0x07, 0x7A, 0x10, 0x07, 0x76, 0xD0, 0x06, 0xF6,
            0x20, 0x07, 0x74, 0xA0, 0x07, 0x73, 0x20, 0x07, 0x7A, 0x30, 0x07, 0x72, 0xD0, 0x06, 0xF6, 0x30,
            0x07, 0x72, 0xA0, 0x07, 0x73, 0x20, 0x07, 0x7A, 0x30, 0x07, 0x72, 0xD0, 0x06, 0xF6, 0x40, 0x07,
            0x78, 0xA0, 0x07, 0x76, 0x40, 0x07, 0x7A, 0x60, 0x07, 0x74, 0xD0, 0x06, 0xF6, 0x60, 0x07, 0x74,
            0xA0, 0x07, 0x76, 0x40, 0x07, 0x7A, 0x60, 0x07, 0x74, 0xD0, 0x06, 0xF6, 0x90, 0x07, 0x76, 0xA0,
            0x07, 0x71, 0x20, 0x07, 0x78, 0xA0, 0x07, 0x71, 0x20, 0x07, 0x78, 0xD0, 0x06, 0xF6, 0x10, 0x07,
            0x72, 0x80, 0x07, 0x7A, 0x10, 0x07, 0x72, 0x80, 0x07, 0x7A, 0x10, 0x07, 0x72, 0x80, 0x07, 0x6D,
            0x60, 0x0F, 0x71, 0x90, 0x07, 0x72, 0xA0, 0x07, 0x72, 0x50, 0x07, 0x76, 0xA0, 0x07, 0x72, 0x50,
            0x07, 0x76, 0xD0, 0x06, 0xF6, 0x20, 0x07, 0x75, 0x60, 0x07, 0x7A, 0x20, 0x07, 0x75, 0x60, 0x07,
            0x7A, 0x20, 0x07, 0x75, 0x60, 0x07, 0x6D, 0x60, 0x0F, 0x75, 0x10, 0x07, 0x72, 0xA0, 0x07, 0x75,
            0x10, 0x07, 0x72, 0xA0, 0x07, 0x75, 0x10, 0x07, 0x72, 0xD0, 0x06, 0xF6, 0x10, 0x07, 0x70, 0x20,
            0x07, 0x74, 0xA0, 0x07, 0x71, 0x00, 0x07, 0x72, 0x40, 0x07, 0x7A, 0x10, 0x07, 0x70, 0x20, 0x07,
            0x74, 0xD0, 0x06, 0xEE, 0x80, 0x07, 0x7A, 0x10, 0x07, 0x76, 0xA0, 0x07, 0x73, 0x20, 0x07, 0x1A,
            0x21, 0x0C, 0x49, 0x98, 0x00, 0xD2, 0x0C, 0xA9, 0x00, 0x22, 0x02, 0x00, 0x20, 0x00, 0x00, 0x00,
            0x10, 0x00, 0x00, 0x00, 0x00, 0x00, 0x20, 0x80, 0x21, 0x15, 0xA1, 0x4D, 0x40, 0x00, 0x08, 0x00,
            0x00, 0x00, 0x02, 0x00, 0x00, 0x00, 0x00, 0x00, 0x04, 0x30, 0xA4, 0xF2, 0xB8, 0x0A, 0x08, 0x00,
            0x01, 0x00, 0x00, 0x40, 0x00, 0x00, 0x00, 0x00, 0x00, 0x80, 0x00, 0x86, 0x54, 0x7A, 0x70, 0x5D,
            0x40, 0x00, 0x0C, 0x00, 0x00, 0x00, 0x02, 0x00, 0x00, 0x00, 0x00, 0x00, 0x04, 0x30, 0xA4, 0x8A,
            0x05, 0x29, 0x03, 0x02, 0x60, 0x00, 0x00, 0x00, 0x10, 0x00, 0x00, 0x00, 0x00, 0x00, 0x20, 0x80,
            0x21, 0xD5, 0x38, 0x44, 0x1B, 0x10, 0x00, 0x03, 0x00, 0x00, 0x80, 0x00, 0x00, 0x00, 0x00, 0x00,
            0x00, 0x01, 0x0C, 0xA9, 0xE8, 0x21, 0xFB, 0x80, 0x00, 0x20, 0x00, 0x00, 0x00, 0x04, 0x00, 0x00,
            0x00, 0x00, 0x00, 0x08, 0x60, 0x48, 0xD5, 0x12, 0x54, 0x18, 0x00, 0x01, 0x50, 0x00, 0x00, 0x00,
            0x08, 0x00, 0x00, 0x00, 0x00, 0x00, 0x10, 0xC0, 0x90, 0x2A, 0x2C, 0xA2, 0x31, 0x00, 0x02, 0x60,
            0x00, 0x00, 0x00, 0x10, 0x00, 0x00, 0x00, 0x00, 0x00, 0x20, 0x80, 0x21, 0x95, 0x5C, 0x44, 0x1B,
            0x10, 0x00, 0x03, 0x00, 0x00, 0x80, 0x00, 0x00, 0x00, 0x00, 0x00, 0x00, 0x01, 0x0C, 0xA9, 0x46,
            0x23, 0x1A, 0x03, 0x20, 0x00, 0x06, 0x00, 0x00, 0x00, 0x01, 0x00, 0x00, 0x00, 0x00, 0x00, 0x02,
            0x18, 0x52, 0xD1, 0x46, 0x63, 0x06, 0x40, 0x00, 0x0C, 0x00, 0x00, 0x00, 0x02, 0x00, 0x00, 0x00,
            0x00, 0x00, 0x04, 0x30, 0xA4, 0x0A, 0x8F, 0x0D, 0x0D, 0x80, 0x00, 0x18, 0x00, 0x00, 0x00, 0x04,
            0x00, 0x00, 0x00, 0x00, 0x00, 0x08, 0x60, 0x48, 0xC5, 0x1F, 0xDB, 0x1A, 0x00, 0x01, 0x60, 0x00,
            0x00, 0x00, 0x08, 0x00, 0x00, 0x00, 0x00, 0x00, 0x10, 0x80, 0xC4, 0x06, 0x81, 0xA2, 0x16, 0x06,
            0x00, 0x00, 0x59, 0x20, 0x00, 0x00, 0x13, 0x00, 0x00, 0x00, 0x32, 0x1E, 0x98, 0x18, 0x19, 0x11,
            0x4C, 0x90, 0x8C, 0x09, 0x26, 0x47, 0xC6, 0x04, 0x43, 0x0A, 0x4A, 0xA0, 0x10, 0xCA, 0xA1, 0x08,
            0xCA, 0xA7, 0x00, 0x05, 0x0A, 0xA2, 0x40, 0x46, 0x00, 0x0A, 0xA8, 0xC0, 0x0A, 0x30, 0xA0, 0x0C,
            0x0A, 0x3C, 0xA0, 0x14, 0x0A, 0x54, 0xA0, 0x18, 0x0A, 0x56, 0xA0, 0x80, 0x05, 0x0A, 0x5A, 0xA0,
            0x24, 0x0A, 0x5C, 0xA0, 0x28, 0x0A, 0x5E, 0xA0, 0x2C, 0x0A, 0x70, 0xA0, 0x30, 0x0A, 0x72, 0xA0,
            0x34, 0x0A, 0x74, 0x00, 0x00, 0x00, 0xB1, 0x18, 0x00, 0x00, 0xA5, 0x00, 0x00, 0x00, 0x33, 0x08,
            0x80, 0x1C, 0xC4, 0xE1, 0x1C, 0x66, 0x14, 0x01, 0x3D, 0x88, 0x43, 0x38, 0x84, 0xC3, 0x8C, 0x42,
            0x80, 0x07, 0x79, 0x78, 0x07, 0x73, 0x98, 0x71, 0x0C, 0xE6, 0x00, 0x0F, 0xED, 0x10, 0x0E, 0xF4,
            0x80, 0x0E, 0x33, 0x0C, 0x42, 0x1E, 0xC2, 0xC1, 0x1D, 0xCE, 0xA1, 0x1C, 0x66, 0x30, 0x05, 0x3D,
            0x88, 0x43, 0x38, 0x84, 0x83, 0x1B, 0xCC, 0x03, 0x3D, 0xC8, 0x43, 0x3D, 0x8C, 0x03, 0x3D, 0xCC,
            0x78, 0x8C, 0x74, 0x70, 0x07, 0x7B, 0x08, 0x07, 0x79, 0x48, 0x87, 0x70, 0x70, 0x07, 0x7A, 0x70,
            0x03, 0x76, 0x78, 0x87, 0x70, 0x20, 0x87, 0x19, 0xCC, 0x11, 0x0E, 0xEC, 0x90, 0x0E, 0xE1, 0x30,
            0x0F, 0x6E, 0x30, 0x0F, 0xE3, 0xF0, 0x0E, 0xF0, 0x50, 0x0E, 0x33, 0x10, 0xC4, 0x1D, 0xDE, 0x21,
            0x1C, 0xD8, 0x21, 0x1D, 0xC2, 0x61, 0x1E, 0x66, 0x30, 0x89, 0x3B, 0xBC, 0x83, 0x3B, 0xD0, 0x43,
            0x39, 0xB4, 0x03, 0x3C, 0xBC, 0x83, 0x3C, 0x84, 0x03, 0x3B, 0xCC, 0xF0, 0x14, 0x76, 0x60, 0x07,
            0x7B, 0x68, 0x07, 0x37, 0x68, 0x87, 0x72, 0x68, 0x07, 0x37, 0x80, 0x87, 0x70, 0x90, 0x87, 0x70,
            0x60, 0x07, 0x76, 0x28, 0x07, 0x76, 0xF8, 0x05, 0x76, 0x78, 0x87, 0x77, 0x80, 0x87, 0x5F, 0x08,
            0x87, 0x71, 0x18, 0x87, 0x72, 0x98, 0x87, 0x79, 0x98, 0x81, 0x2C, 0xEE, 0xF0, 0x0E, 0xEE, 0xE0,
            0x0E, 0xF5, 0xC0, 0x0E, 0xEC, 0x30, 0x03, 0x62, 0xC8, 0xA1, 0x1C, 0xE4, 0xA1, 0x1C, 0xCC, 0xA1,
            0x1C, 0xE4, 0xA1, 0x1C, 0xDC, 0x61, 0x1C, 0xCA, 0x21, 0x1C, 0xC4, 0x81, 0x1D, 0xCA, 0x61, 0x06,
            0xD6, 0x90, 0x43, 0x39, 0xC8, 0x43, 0x39, 0x98, 0x43, 0x39, 0xC8, 0x43, 0x39, 0xB8, 0xC3, 0x38,
            0x94, 0x43, 0x38, 0x88, 0x03, 0x3B, 0x94, 0xC3, 0x2F, 0xBC, 0x83, 0x3C, 0xFC, 0x82, 0x3B, 0xD4,
            0x03, 0x3B, 0xB0, 0xC3, 0x0C, 0xC7, 0x69, 0x87, 0x70, 0x58, 0x87, 0x72, 0x70, 0x83, 0x74, 0x68,
            0x07, 0x78, 0x60, 0x87, 0x74, 0x18, 0x87, 0x74, 0xA0, 0x87, 0x19, 0xCE, 0x53, 0x0F, 0xEE, 0x00,
            0x0F, 0xF2, 0x50, 0x0E, 0xE4, 0x90, 0x0E, 0xE3, 0x40, 0x0F, 0xE1, 0x20, 0x0E, 0xEC, 0x50, 0x0E,
            0x33, 0x20, 0x28, 0x1D, 0xDC, 0xC1, 0x1E, 0xC2, 0x41, 0x1E, 0xD2, 0x21, 0x1C, 0xDC, 0x81, 0x1E,
            0xDC, 0xE0, 0x1C, 0xE4, 0xE1, 0x1D, 0xEA, 0x01, 0x1E, 0x66, 0x18, 0x51, 0x38, 0xB0, 0x43, 0x3A,
            0x9C, 0x83, 0x3B, 0xCC, 0x50, 0x24, 0x76, 0x60, 0x07, 0x7B, 0x68, 0x07, 0x37, 0x60, 0x87, 0x77,
            0x78, 0x07, 0x78, 0x98, 0x51, 0x4C, 0xF4, 0x90, 0x0F, 0xF0, 0x50, 0x0E, 0x33, 0x1E, 0x6A, 0x1E,
            0xCA, 0x61, 0x1C, 0xE8, 0x21, 0x1D, 0xDE, 0xC1, 0x1D, 0x7E, 0x01, 0x1E, 0xE4, 0xA1, 0x1C, 0xCC,
            0x21, 0x1D, 0xF0, 0x61, 0x06, 0x54, 0x85, 0x83, 0x38, 0xCC, 0xC3, 0x3B, 0xB0, 0x43, 0x3D, 0xD0,
            0x43, 0x39, 0xFC, 0xC2, 0x3C, 0xE4, 0x43, 0x3B, 0x88, 0xC3, 0x3B, 0xB0, 0xC3, 0x8C, 0xC5, 0x0A,
            0x87, 0x79, 0x98, 0x87, 0x77, 0x18, 0x87, 0x74, 0x08, 0x07, 0x7A, 0x28, 0x07, 0x72, 0x98, 0x81,
            0x5C, 0xE3, 0x10, 0x0E, 0xEC, 0xC0, 0x0E, 0xE5, 0x50, 0x0E, 0xF3, 0x30, 0x23, 0xC1, 0xD2, 0x41,
            0x1E, 0xE4, 0xE1, 0x17, 0xD8, 0xE1, 0x1D, 0xDE, 0x01, 0x1E, 0x66, 0x48, 0x19, 0x3B, 0xB0, 0x83,
            0x3D, 0xB4, 0x83, 0x1B, 0x84, 0xC3, 0x38, 0x8C, 0x43, 0x39, 0xCC, 0xC3, 0x3C, 0xB8, 0xC1, 0x39,
            0xC8, 0xC3, 0x3B, 0xD4, 0x03, 0x3C, 0xCC, 0x48, 0xB4, 0x71, 0x08, 0x07, 0x76, 0x60, 0x07, 0x71,
            0x08, 0x87, 0x71, 0x58, 0x87, 0x19, 0xDB, 0xC6, 0x0E, 0xEC, 0x60, 0x0F, 0xED, 0xE0, 0x06, 0xF0,
            0x20, 0x0F, 0xE5, 0x30, 0x0F, 0xE5, 0x20, 0x0F, 0xF6, 0x50, 0x0E, 0x6E, 0x10, 0x0E, 0xE3, 0x30,
            0x0E, 0xE5, 0x30, 0x0F, 0xF3, 0xE0, 0x06, 0xE9, 0xE0, 0x0E, 0xE4, 0x50, 0x0E, 0xF8, 0x30, 0x23,
            0xE2, 0xEC, 0x61, 0x1C, 0xC2, 0x81, 0x1D, 0xD8, 0xE1, 0x17, 0xEC, 0x21, 0x1D, 0xE6, 0x21, 0x1D,
            0xC4, 0x21, 0x1D, 0xD8, 0x21, 0x1D, 0xE8, 0x21, 0x1F, 0x66, 0x20, 0x9D, 0x3B, 0xBC, 0x43, 0x3D,
            0xB8, 0x03, 0x39, 0x94, 0x83, 0x39, 0xCC, 0x58, 0xBC, 0x70, 0x70, 0x07, 0x77, 0x78, 0x07, 0x7A,
            0x08, 0x07, 0x7A, 0x48, 0x87, 0x77, 0x70, 0x87, 0x19, 0xCE, 0x87, 0x0E, 0xE5, 0x10, 0x0E, 0xF0,
            0x10, 0x0E, 0xEC, 0xC0, 0x0E, 0xEF, 0x30, 0x0E, 0xF3, 0x90, 0x0E, 0xF4, 0x50, 0x0E, 0x33, 0x28,
            0x30, 0x08, 0x87, 0x74, 0x90, 0x07, 0x37, 0x30, 0x87, 0x7A, 0x70, 0x87, 0x71, 0xA0, 0x87, 0x74,
            0x78, 0x07, 0x77, 0xF8, 0x85, 0x73, 0x90, 0x87, 0x77, 0xA8, 0x07, 0x78, 0x98, 0x07, 0x00, 0x00,
            0x00, 0x00, 0x79, 0x20, 0x00, 0x00, 0xC0, 0x01, 0x00, 0x00, 0x72, 0x1E, 0x48, 0x20, 0x43, 0x88,
            0x0C, 0x19, 0x09, 0x72, 0x32, 0x48, 0x20, 0x23, 0x81, 0x8C, 0x91, 0x91, 0xD1, 0x44, 0xA0, 0x10,
            0x28, 0x64, 0x3C, 0x31, 0x32, 0x42, 0x8E, 0x90, 0x21, 0xA3, 0x88, 0x07, 0x6C, 0xA0, 0x7A, 0x00,
            0x00, 0x00, 0x4A, 0x63, 0x61, 0x1B, 0xB4, 0x41, 0x71, 0x50, 0x6C, 0x1C, 0x19, 0x6C, 0x51, 0xC1,
            0x48, 0x93, 0x84, 0x44, 0x54, 0x31, 0x55, 0x95, 0x41, 0x3D, 0x08, 0x84, 0x45, 0xD8, 0xB1, 0x28,
            0xCD, 0xF1, 0x6C, 0x87, 0xC3, 0x21, 0x47, 0xB2, 0x14, 0x45, 0x74, 0x2D, 0xCB, 0x05, 0x77, 0x63,
            0x68, 0x61, 0x72, 0x5F, 0x73, 0x69, 0x7A, 0x65, 0x66, 0x72, 0x61, 0x6D, 0x65, 0x2D, 0x70, 0x6F,
            0x69, 0x6E, 0x74, 0x65, 0x72, 0x61, 0x69, 0x72, 0x2E, 0x6D, 0x61, 0x78, 0x5F, 0x64, 0x65, 0x76,
            0x69, 0x63, 0x65, 0x5F, 0x62, 0x75, 0x66, 0x66, 0x65, 0x72, 0x73, 0x61, 0x69, 0x72, 0x2E, 0x6D,
            0x61, 0x78, 0x5F, 0x63, 0x6F, 0x6E, 0x73, 0x74, 0x61, 0x6E, 0x74, 0x5F, 0x62, 0x75, 0x66, 0x66,
            0x65, 0x72, 0x73, 0x61, 0x69, 0x72, 0x2E, 0x6D, 0x61, 0x78, 0x5F, 0x74, 0x68, 0x72, 0x65, 0x61,
            0x64, 0x67, 0x72, 0x6F, 0x75, 0x70, 0x5F, 0x62, 0x75, 0x66, 0x66, 0x65, 0x72, 0x73, 0x61, 0x69,
            0x72, 0x2E, 0x6D, 0x61, 0x78, 0x5F, 0x74, 0x65, 0x78, 0x74, 0x75, 0x72, 0x65, 0x73, 0x61, 0x69,
            0x72, 0x2E, 0x6D, 0x61, 0x78, 0x5F, 0x72, 0x65, 0x61, 0x64, 0x5F, 0x77, 0x72, 0x69, 0x74, 0x65,
            0x5F, 0x74, 0x65, 0x78, 0x74, 0x75, 0x72, 0x65, 0x73, 0x61, 0x69, 0x72, 0x2E, 0x6D, 0x61, 0x78,
            0x5F, 0x73, 0x61, 0x6D, 0x70, 0x6C, 0x65, 0x72, 0x73, 0x41, 0x70, 0x70, 0x6C, 0x65, 0x20, 0x6D,
            0x65, 0x74, 0x61, 0x6C, 0x20, 0x76, 0x65, 0x72, 0x73, 0x69, 0x6F, 0x6E, 0x20, 0x33, 0x32, 0x30,
            0x32, 0x33, 0x2E, 0x38, 0x38, 0x33, 0x20, 0x28, 0x6D, 0x65, 0x74, 0x61, 0x6C, 0x66, 0x65, 0x2D,
            0x33, 0x32, 0x30, 0x32, 0x33, 0x2E, 0x38, 0x38, 0x33, 0x29, 0x4D, 0x65, 0x74, 0x61, 0x6C, 0x61,
            0x69, 0x72, 0x2E, 0x63, 0x6F, 0x6D, 0x70, 0x69, 0x6C, 0x65, 0x2E, 0x64, 0x65, 0x6E, 0x6F, 0x72,
            0x6D, 0x73, 0x5F, 0x64, 0x69, 0x73, 0x61, 0x62, 0x6C, 0x65, 0x61, 0x69, 0x72, 0x2E, 0x63, 0x6F,
            0x6D, 0x70, 0x69, 0x6C, 0x65, 0x2E, 0x66, 0x61, 0x73, 0x74, 0x5F, 0x6D, 0x61, 0x74, 0x68, 0x5F,
            0x65, 0x6E, 0x61, 0x62, 0x6C, 0x65, 0x61, 0x69, 0x72, 0x2E, 0x63, 0x6F, 0x6D, 0x70, 0x69, 0x6C,
            0x65, 0x2E, 0x66, 0x72, 0x61, 0x6D, 0x65, 0x62, 0x75, 0x66, 0x66, 0x65, 0x72, 0x5F, 0x66, 0x65,
            0x74, 0x63, 0x68, 0x5F, 0x65, 0x6E, 0x61, 0x62, 0x6C, 0x65, 0x61, 0x69, 0x72, 0x2E, 0x74, 0x68,
            0x72, 0x65, 0x61, 0x64, 0x5F, 0x70, 0x6F, 0x73, 0x69, 0x74, 0x69, 0x6F, 0x6E, 0x5F, 0x69, 0x6E,
            0x5F, 0x67, 0x72, 0x69, 0x64, 0x61, 0x69, 0x72, 0x2E, 0x61, 0x72, 0x67, 0x5F, 0x74, 0x79, 0x70,
            0x65, 0x5F, 0x6E, 0x61, 0x6D, 0x65, 0x75, 0x69, 0x6E, 0x74, 0x33, 0x61, 0x69, 0x72, 0x2E, 0x61,
            0x72, 0x67, 0x5F, 0x6E, 0x61, 0x6D, 0x65, 0x64, 0x69, 0x73, 0x70, 0x61, 0x74, 0x63, 0x68, 0x54,
            0x68, 0x72, 0x65, 0x61, 0x64, 0x49, 0x64, 0x5F, 0x30, 0x61, 0x69, 0x72, 0x2E, 0x69, 0x6E, 0x64,
            0x69, 0x72, 0x65, 0x63, 0x74, 0x5F, 0x62, 0x75, 0x66, 0x66, 0x65, 0x72, 0x61, 0x69, 0x72, 0x2E,
            0x6C, 0x6F, 0x63, 0x61, 0x74, 0x69, 0x6F, 0x6E, 0x5F, 0x69, 0x6E, 0x64, 0x65, 0x78, 0x61, 0x69,
            0x72, 0x2E, 0x72, 0x65, 0x61, 0x64, 0x61, 0x69, 0x72, 0x2E, 0x61, 0x64, 0x64, 0x72, 0x65, 0x73,
            0x73, 0x5F, 0x73, 0x70, 0x61, 0x63, 0x65, 0x61, 0x69, 0x72, 0x2E, 0x73, 0x74, 0x72, 0x75, 0x63,
            0x74, 0x5F, 0x74, 0x79, 0x70, 0x65, 0x5F, 0x69, 0x6E, 0x66, 0x6F, 0x75, 0x69, 0x6E, 0x74, 0x34,
            0x52, 0x65, 0x6E, 0x64, 0x65, 0x72, 0x44, 0x69, 0x73, 0x70, 0x6C, 0x61, 0x79, 0x53, 0x69, 0x7A,
            0x65, 0x5F, 0x30, 0x61, 0x69, 0x72, 0x2E, 0x69, 0x6E, 0x64, 0x69, 0x72, 0x65, 0x63, 0x74, 0x5F,
            0x61, 0x72, 0x67, 0x75, 0x6D, 0x65, 0x6E, 0x74, 0x61, 0x69, 0x72, 0x2E, 0x69, 0x6E, 0x64, 0x69,
            0x72, 0x65, 0x63, 0x74, 0x5F, 0x63, 0x6F, 0x6E, 0x73, 0x74, 0x61, 0x6E, 0x74, 0x66, 0x6C, 0x6F,
            0x61, 0x74, 0x34, 0x56, 0x69, 0x65, 0x77, 0x70, 0x6F, 0x72, 0x74, 0x44, 0x69, 0x73, 0x70, 0x6C,
            0x61, 0x79, 0x52, 0x63, 0x70, 0x5F, 0x30, 0x4A, 0x69, 0x74, 0x74, 0x65, 0x72, 0x50, 0x61, 0x64,
            0x64, 0x69, 0x6E, 0x67, 0x5F, 0x30, 0x66, 0x6C, 0x6F, 0x61, 0x74, 0x34, 0x78, 0x34, 0x43, 0x6C,
            0x69, 0x70, 0x54, 0x6F, 0x50, 0x72, 0x65, 0x76, 0x43, 0x6C, 0x69, 0x70, 0x5F, 0x30, 0x45, 0x78,
            0x70, 0x6F, 0x73, 0x75, 0x72, 0x65, 0x46, 0x6F, 0x76, 0x4E, 0x65, 0x61, 0x72, 0x4D, 0x69, 0x6E,
            0x4C, 0x65, 0x72, 0x70, 0x5F, 0x30, 0x53, 0x61, 0x6D, 0x65, 0x43, 0x61, 0x6D, 0x65, 0x72, 0x61,
            0x52, 0x65, 0x73, 0x65, 0x74, 0x5F, 0x30, 0x74, 0x65, 0x78, 0x74, 0x75, 0x72, 0x65, 0x32, 0x64,
            0x3C, 0x66, 0x6C, 0x6F, 0x61, 0x74, 0x2C, 0x20, 0x73, 0x61, 0x6D, 0x70, 0x6C, 0x65, 0x3E, 0x49,
            0x6E, 0x70, 0x75, 0x74, 0x5F, 0x30, 0x61, 0x69, 0x72, 0x2E, 0x74, 0x65, 0x78, 0x74, 0x75, 0x72,
            0x65, 0x61, 0x69, 0x72, 0x2E, 0x73, 0x61, 0x6D, 0x70, 0x6C, 0x65, 0x4F, 0x70, 0x61, 0x71, 0x75,
            0x65, 0x49, 0x6E, 0x70, 0x75, 0x74, 0x5F, 0x30, 0x44, 0x65, 0x70, 0x74, 0x68, 0x5F, 0x30, 0x4D,
            0x6F, 0x74, 0x69, 0x6F, 0x6E, 0x56, 0x65, 0x63, 0x74, 0x6F, 0x72, 0x73, 0x5F, 0x30, 0x74, 0x65,
            0x78, 0x74, 0x75, 0x72, 0x65, 0x32, 0x64, 0x3C, 0x75, 0x69, 0x6E, 0x74, 0x2C, 0x20, 0x72, 0x65,
            0x61, 0x64, 0x5F, 0x77, 0x72, 0x69, 0x74, 0x65, 0x3E, 0x59, 0x43, 0x6F, 0x43, 0x67, 0x5F, 0x30,
            0x61, 0x69, 0x72, 0x2E, 0x72, 0x65, 0x61, 0x64, 0x5F, 0x77, 0x72, 0x69, 0x74, 0x65, 0x74, 0x65,
            0x78, 0x74, 0x75, 0x72, 0x65, 0x32, 0x64, 0x3C, 0x66, 0x6C, 0x6F, 0x61, 0x74, 0x2C, 0x20, 0x72,
            0x65, 0x61, 0x64, 0x5F, 0x77, 0x72, 0x69, 0x74, 0x65, 0x3E, 0x4D, 0x6F, 0x74, 0x69, 0x6F, 0x6E,
            0x5F, 0x30, 0x73, 0x61, 0x6D, 0x70, 0x6C, 0x65, 0x72, 0x53, 0x61, 0x6D, 0x70, 0x6C, 0x65, 0x72,
            0x5F, 0x30, 0x61, 0x69, 0x72, 0x2E, 0x73, 0x61, 0x6D, 0x70, 0x6C, 0x65, 0x72, 0x75, 0x69, 0x6E,
            0x74, 0x32, 0x50, 0x61, 0x64, 0x5F, 0x30, 0x61, 0x69, 0x72, 0x2E, 0x61, 0x72, 0x67, 0x5F, 0x74,
            0x79, 0x70, 0x65, 0x5F, 0x73, 0x69, 0x7A, 0x65, 0x61, 0x69, 0x72, 0x2E, 0x61, 0x72, 0x67, 0x5F,
            0x74, 0x79, 0x70, 0x65, 0x5F, 0x61, 0x6C, 0x69, 0x67, 0x6E, 0x5F, 0x73, 0x69, 0x7A, 0x65, 0x43,
            0x6F, 0x6E, 0x73, 0x74, 0x61, 0x6E, 0x74, 0x73, 0x5F, 0x30, 0x63, 0x6F, 0x6E, 0x73, 0x74, 0x61,
            0x6E, 0x74, 0x73, 0x5F, 0x31, 0x61, 0x69, 0x72, 0x2E, 0x6D, 0x61, 0x78, 0x5F, 0x77, 0x6F, 0x72,
            0x6B, 0x5F, 0x67, 0x72, 0x6F, 0x75, 0x70, 0x5F, 0x73, 0x69, 0x7A, 0x65, 0x00, 0x00, 0x26, 0x15,
            0x01, 0x00, 0x00, 0x00, 0x00, 0x00, 0x30, 0x82, 0x10, 0x38, 0x23, 0x08, 0xC1, 0x33, 0x82, 0x10,
            0x40, 0x23, 0x08, 0x41, 0x34, 0x82, 0x10, 0x48, 0x23, 0x08, 0xC1, 0x34, 0x82, 0x10, 0x50, 0x23,
            0x08, 0x41, 0x35, 0x82, 0x10, 0x58, 0x23, 0x08, 0x12, 0x30, 0x82, 0x10, 0x5C, 0x23, 0x08, 0x01,
            0x36, 0x82, 0x10, 0x64, 0x23, 0x08, 0x81, 0x36, 0x82, 0x10, 0x6C, 0x23, 0x08, 0x01, 0x37, 0x82,
            0x10, 0x74, 0x23, 0x08, 0x81, 0x37, 0x82, 0x10, 0x7C, 0x23, 0x08, 0x01, 0x18, 0x8C, 0x20, 0x04,
            0x61, 0x30, 0x82, 0x10, 0x88, 0xC1, 0x08, 0x42, 0x30, 0x06, 0x23, 0x08, 0x01, 0x19, 0x8C, 0x20,
            0x04, 0x65, 0x30, 0x82, 0x10, 0x98, 0xC1, 0x08, 0x42, 0x70, 0x06, 0x23, 0x08, 0x01, 0x1A, 0x8C,
            0x20, 0x04, 0x69, 0x30, 0x82, 0x10, 0xA8, 0xC1, 0x08, 0x42, 0xB0, 0x06, 0x33, 0x0C, 0x79, 0x10,
            0xE8, 0xC1, 0x0C, 0xC3, 0x1E, 0x08, 0x7C, 0x30, 0xC3, 0xB0, 0x07, 0x43, 0x1F, 0xCC, 0x30, 0xEC,
            0x01, 0xD1, 0x07, 0x33, 0x0C, 0x7B, 0x50, 0xF4, 0xC1, 0x0C, 0xC3, 0x1E, 0x18, 0x7E, 0x30, 0xC3,
            0xB0, 0x07, 0xC7, 0x1F, 0xCC, 0x30, 0xEC, 0x01, 0x02, 0x0A, 0x33, 0x04, 0xC9, 0x0C, 0x03, 0x1F,
            0xFC, 0x41, 0x28, 0xCC, 0x40, 0x28, 0x7A, 0x10, 0x0A, 0xA1, 0x30, 0x43, 0xB0, 0xCC, 0x10, 0x30,
            0x33, 0x04, 0xCD, 0x0C, 0xC0, 0x0C, 0x46, 0x28, 0x38, 0x0F, 0x14, 0x49, 0x33, 0x24, 0xA1, 0xB0,
            0x51, 0xA1, 0x90, 0x07, 0x0F, 0x16, 0x65, 0x33, 0x24, 0x79, 0xB0, 0x51, 0x79, 0x90, 0x07, 0x0F,
            0x17, 0x75, 0x33, 0x24, 0x7C, 0xB0, 0x51, 0x7C, 0x90, 0x07, 0x0F, 0x17, 0x79, 0x33, 0x24, 0xA6,
            0xB0, 0x51, 0xA6, 0x90, 0x07, 0xCF, 0x17, 0x81, 0xC1, 0x0C, 0x89, 0x1E, 0x6C, 0x94, 0x1E, 0xE4,
            0xC1, 0xC3, 0x45, 0x61, 0x30, 0x43, 0x82, 0x0A, 0x1B, 0x85, 0x0A, 0x79, 0xF0, 0x60, 0x91, 0x18,
            0xCC, 0xA0, 0xA8, 0x42, 0x19, 0x50, 0xAA, 0x90, 0x07, 0x66, 0xF0, 0x8C, 0x41, 0x44, 0x06, 0x33,
            0x28, 0x7B, 0x50, 0x06, 0xD4, 0x1E, 0xE4, 0x81, 0x19, 0x3C, 0x63, 0x10, 0x9D, 0xC1, 0x0C, 0xCA,
            0x1F, 0x94, 0x01, 0xF5, 0x07, 0x79, 0x60, 0x06, 0xCF, 0x18, 0x44, 0x68, 0x30, 0x83, 0xE2, 0x0A,
            0x65, 0x40, 0xB9, 0x42, 0x1E, 0x98, 0xC1, 0x33, 0x06, 0x51, 0x1A, 0xCC, 0xA0, 0xC0, 0x42, 0x19,
            0x50, 0xB0, 0x90, 0x07, 0x6C, 0xF0, 0xA8, 0x41, 0xB4, 0x06, 0x33, 0x28, 0xB2, 0x50, 0x06, 0x94,
            0x2C, 0xE4, 0x01, 0x1B, 0x3C, 0x6D, 0x10, 0xB9, 0xC1, 0x0C, 0x09, 0x2D, 0xC4, 0x01, 0x45, 0x0B,
            0x79, 0xF0, 0xBC, 0x41, 0x04, 0x07, 0x33, 0x24, 0xB6, 0xB0, 0x51, 0xB6, 0x90, 0x07, 0x8F, 0x1C,
            0x44, 0x73, 0x30, 0x83, 0x38, 0x84, 0x02, 0x28, 0x84, 0x02, 0x96, 0x69, 0xE8, 0x00, 0x0A, 0xA0,
            0x10, 0x0A, 0x5C, 0xA7, 0xA5, 0xC3, 0x28, 0x80, 0x42, 0x28, 0x70, 0x9E, 0xA6, 0x0E, 0xA4, 0x50,
            0x0A, 0xA1, 0xF0, 0x81, 0x81, 0xB6, 0x0E, 0xA7, 0x00, 0x0A, 0xA1, 0xC0, 0x85, 0x81, 0xC6, 0x0E,
            0x7E, 0x00, 0x0A, 0xA1, 0x80, 0x89, 0x81, 0xD6, 0x0E, 0xA9, 0xF0, 0x07, 0xA1, 0x30, 0x06, 0x64,
            0xA0, 0xB9, 0xC3, 0x2A, 0xFC, 0x41, 0x28, 0x8C, 0xC1, 0x19, 0x68, 0xEF, 0xC0, 0x0A, 0x7F, 0x10,
            0x0A, 0x63, 0x80, 0x06, 0x1A, 0x3C, 0xB4, 0xC2, 0x1F, 0x84, 0xC2, 0x18, 0xA4, 0x81, 0x16, 0x0F,
            0xAF, 0xF0, 0x07, 0xA1, 0xA0, 0x06, 0x6B, 0xA0, 0xC9, 0x43, 0x2C, 0xFC, 0x41, 0x28, 0xB4, 0x81,
            0x1B, 0x68, 0xF3, 0x30, 0x0B, 0x7F, 0x10, 0x0A, 0x6F, 0x00, 0x07, 0x1A, 0x3D, 0xD4, 0xC2, 0x1F,
            0x84, 0x82, 0x1C, 0xCC, 0x81, 0x56, 0x0F, 0x33, 0x48, 0x79, 0x30, 0x51, 0xA1, 0x90, 0x07, 0x95,
            0xC5, 0x07, 0x97, 0x3D, 0xD0, 0xC1, 0x2D, 0xD4, 0x01, 0x28, 0x3C, 0x76, 0x10, 0xDD, 0xC1, 0x0C,
            0xC2, 0x39, 0xDC, 0xC3, 0x0C, 0x02, 0x1E, 0x94, 0xC2, 0x0C, 0x84, 0x28, 0x98, 0x03, 0x3E, 0xE4,
            0xC3, 0x89, 0x02, 0xC0, 0x71, 0x1C, 0xC7, 0x71, 0x1C, 0xC7, 0x71, 0x1C, 0xC7, 0x71, 0x1C, 0xC7,
            0x71, 0x9C, 0x18, 0x88, 0x81, 0x18, 0x88, 0x81, 0x18, 0x88, 0x81, 0x18, 0x88, 0x81, 0x18, 0x88,
            0x81, 0x18, 0x88, 0x81, 0x1B, 0xB8, 0x81, 0x1B, 0xB8, 0x81, 0x1B, 0xB8, 0x81, 0x1B, 0xB8, 0x81,
            0x45, 0x07, 0x7A, 0x60, 0x59, 0x16, 0xA4, 0x07, 0xB8, 0x80, 0x0B, 0xB8, 0xE0, 0x0B, 0xBE, 0xE0,
            0x0B, 0xF6, 0x60, 0x0F, 0xF6, 0x60, 0x0F, 0xF6, 0x60, 0x0F, 0xEA, 0x40, 0x0E, 0x64, 0x18, 0xF8,
            0x05, 0x1A, 0xA0, 0x81, 0x8C, 0x04, 0x26, 0x28, 0x23, 0x36, 0x36, 0xBB, 0x36, 0x97, 0xB6, 0x37,
            0xB2, 0x3A, 0xB6, 0x32, 0x17, 0x33, 0xB6, 0xB0, 0xB3, 0xB9, 0x51, 0x90, 0x5B, 0xC0, 0x85, 0x5C,
            0xD0, 0x85, 0x5D, 0xE0, 0x85, 0x5E, 0xF0, 0x85, 0x54, 0xD8, 0xD8, 0xEC, 0xDA, 0x5C, 0xD2, 0xC8,
            0xCA, 0xDC, 0xE8, 0x46, 0x09, 0x7E, 0x21, 0x97, 0xB0, 0x34, 0x39, 0x17, 0xBB, 0x32, 0xB9, 0xB9,
            0xB4, 0x37, 0xB7, 0x51, 0x02, 0x70, 0x48, 0x2A, 0x2C, 0x4D, 0xCE, 0x85, 0x2D, 0xCC, 0xED, 0xAC,
            0x2E, 0xEC, 0xAC, 0xEC, 0xCB, 0xAE, 0x4C, 0x6E, 0x2E, 0xED, 0xCD, 0x6D, 0x94, 0x20, 0x1C, 0x72,
            0x0A, 0x4B, 0x93, 0x73, 0x19, 0x7B, 0x6B, 0x83, 0x4B, 0x63, 0x2B, 0xFB, 0x7A, 0x83, 0xA3, 0x4B,
            0x7B, 0x73, 0x9B, 0x1B, 0x65, 0x10, 0x87, 0x71, 0x20, 0x87, 0x54, 0xC2, 0xD2, 0xE4, 0x5C, 0xD6,
            0xCA, 0xE4, 0xDC, 0xCA, 0xD8, 0x46, 0x09, 0xF2, 0x01, 0x00, 0xA9, 0x18, 0x00, 0x00, 0x25, 0x00,
            0x00, 0x00, 0x0B, 0x0A, 0x72, 0x28, 0x87, 0x77, 0x80, 0x07, 0x7A, 0x58, 0x70, 0x98, 0x43, 0x3D,
            0xB8, 0xC3, 0x38, 0xB0, 0x43, 0x39, 0xD0, 0xC3, 0x82, 0xE6, 0x1C, 0xC6, 0xA1, 0x0D, 0xE8, 0x41,
            0x1E, 0xC2, 0xC1, 0x1D, 0xE6, 0x21, 0x1D, 0xE8, 0x21, 0x1D, 0xDE, 0xC1, 0x1D, 0x16, 0x34, 0xE3,
            0x60, 0x0E, 0xE7, 0x50, 0x0F, 0xE1, 0x20, 0x0F, 0xE4, 0x40, 0x0F, 0xE1, 0x20, 0x0F, 0xE7, 0x50,
            0x0E, 0xF4, 0xB0, 0x80, 0x81, 0x07, 0x79, 0x28, 0x87, 0x70, 0x60, 0x07, 0x76, 0x78, 0x87, 0x71,
            0x08, 0x07, 0x7A, 0x28, 0x07, 0x72, 0x58, 0x70, 0x9C, 0xC3, 0x38, 0xB4, 0x01, 0x3B, 0xA4, 0x83,
            0x3D, 0x94, 0xC3, 0x02, 0x6B, 0x1C, 0xD8, 0x21, 0x1C, 0xDC, 0xE1, 0x1C, 0xDC, 0x20, 0x1C, 0xE4,
            0x61, 0x1C, 0xDC, 0x20, 0x1C, 0xE8, 0x81, 0x1E, 0xC2, 0x61, 0x1C, 0xD0, 0xA1, 0x1C, 0xC8, 0x61,
            0x1C, 0xC2, 0x81, 0x1D, 0xD8, 0x61, 0xC1, 0x01, 0x0F, 0xF4, 0x20, 0x0F, 0xE1, 0x50, 0x0F, 0xF4,
            0x80, 0x0E, 0x00, 0x00, 0x00, 0x00, 0xD1, 0x10, 0x00, 0x00, 0x06, 0x00, 0x00, 0x00, 0x07, 0xCC,
            0x3C, 0xA4, 0x83, 0x3B, 0x9C, 0x03, 0x3B, 0x94, 0x03, 0x3D, 0xA0, 0x83, 0x3C, 0x94, 0x43, 0x38,
            0x90, 0xC3, 0x01, 0x00, 0x00, 0x00, 0x61, 0x20, 0x00, 0x00, 0xA6, 0x01, 0x00, 0x00, 0x13, 0x04,
            0x46, 0x2C, 0x10, 0x00, 0x00, 0x00, 0x31, 0x00, 0x00, 0x00, 0x14, 0xCC, 0x00, 0x94, 0xCA, 0x68,
            0x00, 0x09, 0xA3, 0x01, 0x63, 0x0D, 0x40, 0x20, 0x8C, 0x00, 0xD0, 0x30, 0x07, 0x61, 0x59, 0x6E,
            0x60, 0x8D, 0x06, 0xCC, 0x41, 0xC0, 0x81, 0x65, 0x59, 0x73, 0x10, 0x96, 0xE3, 0x06, 0x6E, 0x40,
            0xCE, 0x08, 0xC0, 0x58, 0x02, 0x10, 0x8C, 0x25, 0x0C, 0x03, 0xA9, 0x35, 0x40, 0xEE, 0x08, 0x40,
            0x09, 0x14, 0x41, 0x19, 0x10, 0x31, 0x02, 0x30, 0x46, 0x00, 0x82, 0x20, 0x88, 0x7F, 0x63, 0x04,
            0x20, 0x08, 0x82, 0x20, 0x18, 0x8C, 0x11, 0xC4, 0xE7, 0xF8, 0xFF, 0xD9, 0x18, 0x01, 0x08, 0x82,
            0x20, 0xFA, 0x8D, 0x11, 0x80, 0x20, 0x08, 0xC2, 0xDF, 0x68, 0xC0, 0x18, 0x01, 0xAE, 0xFF, 0xFF,
            0xFD, 0x8D, 0x11, 0xB4, 0xA8, 0xBD, 0xDA, 0xDB, 0x18, 0x01, 0x08, 0x82, 0x20, 0xFE, 0x0B, 0x63,
            0x04, 0x20, 0xC8, 0xFF, 0x7F, 0x18, 0x8C, 0x11, 0x80, 0x20, 0xFF, 0xBF, 0x62, 0x30, 0x46, 0x00,
            0x82, 0xF8, 0x7F, 0x8A, 0x01, 0x15, 0xA3, 0x01, 0x33, 0x00, 0x54, 0xCE, 0x00, 0x8C, 0x25, 0x80,
            0x20, 0x08, 0xC2, 0x1F, 0x08, 0x82, 0x20, 0xFC, 0xCD, 0x21, 0x80, 0x82, 0x29, 0x8C, 0x25, 0xAC,
            0x2D, 0x0C, 0xA2, 0x60, 0xB0, 0xB6, 0x30, 0x88, 0x82, 0xC1, 0x58, 0xC2, 0x9A, 0xC2, 0x20, 0x08,
            0x0E, 0x6B, 0x0A, 0x83, 0x20, 0x38, 0x8C, 0x06, 0x10, 0x3D, 0x03, 0x30, 0x1A, 0x00, 0xF1, 0x30,
            0x00, 0x00, 0x13, 0x00, 0x00, 0x00, 0x22, 0x47, 0xC8, 0x90, 0x51, 0x0A, 0x04, 0x1C, 0x00, 0x00,
            0x00, 0x00, 0x96, 0x05, 0x00, 0x00, 0x61, 0x69, 0x72, 0x2D, 0x61, 0x6C, 0x69, 0x61, 0x73, 0x2D,
            0x73, 0x63, 0x6F, 0x70, 0x65, 0x73, 0x28, 0x4D, 0x61, 0x69, 0x6E, 0x29, 0x61, 0x69, 0x72, 0x2D,
            0x61, 0x6C, 0x69, 0x61, 0x73, 0x2D, 0x73, 0x63, 0x6F, 0x70, 0x65, 0x2D, 0x61, 0x72, 0x67, 0x28,
            0x31, 0x29, 0x2B, 0x84, 0x7E, 0xD8, 0x87, 0x15, 0x83, 0x3F, 0xF4, 0x03, 0x3F, 0x6C, 0x08, 0xFC,
            0x01, 0x00, 0xFD, 0x19, 0xD4, 0x60, 0x43, 0x05, 0x0A, 0x8A, 0xD2, 0x9F, 0x81, 0x0D, 0xBA, 0x55,
            0xA0, 0xA0, 0x28, 0x83, 0x0C, 0x81, 0x23, 0x06, 0x83, 0x0C, 0x70, 0xB0, 0x06, 0x63, 0x30, 0x62,
            0x60, 0x1C, 0x21, 0x08, 0x16, 0xFE, 0x81, 0x06, 0xB1, 0x10, 0x60, 0x30, 0x88, 0x3F, 0x12, 0x8F,
            0xF8, 0xA3, 0x10, 0x80, 0x7F, 0x7F, 0x08, 0x3A, 0x28, 0x83, 0x3C, 0x58, 0x05, 0x0A, 0x98, 0xD2,
            0x1F, 0xC2, 0x0E, 0xCE, 0xE0, 0x15, 0x5A, 0x81, 0x82, 0x84, 0x8C, 0x18, 0x2C, 0x48, 0x08, 0x82,
            0xC1, 0x1A, 0xE0, 0x42, 0x30, 0x1C, 0x6A, 0xD0, 0x06, 0xAF, 0xF0, 0x0A, 0xA3, 0x09, 0x01, 0x30,
            0x86, 0xD0, 0xAC, 0x01, 0x06, 0x66, 0x20, 0xFE, 0x73, 0x0C, 0x5A, 0xD0, 0x06, 0x73, 0x0C, 0x81,
            0x1A, 0xB4, 0x01, 0x06, 0x0D, 0xF8, 0x8F, 0x18, 0x2C, 0x48, 0x08, 0x82, 0xC1, 0x1A, 0xFC, 0x02,
            0xA2, 0x04, 0x71, 0x40, 0x07, 0xB6, 0x60, 0x0B, 0xA3, 0x09, 0x01, 0x30, 0x86, 0x40, 0xC5, 0x01,
            0x06, 0x6D, 0x20, 0xFE, 0x73, 0x0C, 0x5F, 0x30, 0x07, 0x18, 0x4C, 0xE0, 0x3F, 0x62, 0xB0, 0x20,
            0x21, 0x08, 0x06, 0x6B, 0x50, 0x0E, 0x0E, 0x14, 0xDC, 0x81, 0x1E, 0xF0, 0x02, 0x2F, 0x8C, 0x26,
            0x04, 0xC0, 0x1C, 0xC3, 0x52, 0xDC, 0x01, 0x06, 0x17, 0xF8, 0x8F, 0x18, 0x2C, 0x48, 0x08, 0x82,
            0xC1, 0x1A, 0xA4, 0x83, 0x44, 0x05, 0x7B, 0xE0, 0x07, 0xE0, 0x00, 0x0E, 0xA3, 0x09, 0x01, 0x30,
            0x86, 0x20, 0xED, 0xC1, 0x18, 0x02, 0xD3, 0x07, 0x63, 0x08, 0x07, 0x1F, 0x8C, 0x21, 0x10, 0x7C,
            0x30, 0x62, 0x70, 0x1C, 0x21, 0x08, 0x16, 0xFE, 0xB1, 0xCD, 0x03, 0x31, 0x8C, 0x18, 0x1C, 0x47,
            0x08, 0x82, 0x85, 0x7F, 0x6C, 0xF4, 0x10, 0x0C, 0x23, 0x06, 0xC7, 0x11, 0x82, 0x60, 0xE1, 0x1F,
            0x5B, 0x3D, 0x04, 0xC3, 0x18, 0x42, 0x36, 0x0A, 0x23, 0x06, 0xC7, 0x11, 0x82, 0x60, 0xE1, 0x1F,
            0xDB, 0x3D, 0x20, 0xC1, 0x18, 0xC2, 0x36, 0x0A, 0x23, 0x06, 0xC7, 0x11, 0x82, 0x60, 0xE1, 0x1F,
            0x5B, 0x3E, 0x08, 0xC1, 0x18, 0x42, 0x47, 0x0A, 0x23, 0x06, 0xC7, 0x11, 0x82, 0x60, 0xE1, 0x1F,
            0xDB, 0x3E, 0x08, 0xC1, 0x18, 0x82, 0x64, 0x0A, 0x63, 0x08, 0xD9, 0x29, 0x8C, 0x18, 0x1C, 0x47,
            0x08, 0x82, 0x85, 0x7F, 0x6C, 0xFE, 0x90, 0x0C, 0x23, 0x06, 0xC7, 0x11, 0x82, 0x60, 0xE1, 0x1F,
            0xDB, 0x3F, 0x04, 0xC2, 0x88, 0xC1, 0x71, 0x84, 0x20, 0x58, 0xF8, 0xC7, 0x06, 0x12, 0x44, 0x30,
            0x1C, 0xC1, 0x8C, 0x02, 0xE1, 0x1F, 0xB3, 0x0C, 0x81, 0x10, 0x8C, 0x21, 0xCC, 0x81, 0x2B, 0x60,
            0x40, 0x0A, 0xE2, 0xDF, 0x9F, 0x01, 0x1C, 0x62, 0xE1, 0x1E, 0x28, 0x18, 0xCA, 0x20, 0x43, 0xA0,
            0x0B, 0xB6, 0x30, 0x62, 0x60, 0x1C, 0x21, 0x08, 0x16, 0xFE, 0x81, 0x06, 0x24, 0x11, 0x8C, 0x18,
            0x1C, 0x47, 0x08, 0x82, 0x85, 0x7F, 0x98, 0x81, 0x49, 0x04, 0xC1, 0x88, 0x81, 0x71, 0x84, 0x20,
            0x58, 0xF8, 0xC7, 0x18, 0xA0, 0x44, 0x80, 0xB2, 0x50, 0x85, 0x3F, 0x22, 0x81, 0xF8, 0x63, 0x30,
            0x88, 0x3F, 0x62, 0x52, 0xF8, 0x8F, 0x18, 0x18, 0x47, 0x08, 0x82, 0x85, 0x7F, 0x8C, 0xC1, 0x4B,
            0x04, 0x18, 0xD4, 0x02, 0xF8, 0x23, 0x11, 0x90, 0xFF, 0x88, 0x01, 0x72, 0x84, 0x20, 0x58, 0xF8,
            0x47, 0x66, 0x13, 0x81, 0x2E, 0xE4, 0xC2, 0x18, 0x82, 0x1B, 0xF8, 0xC2, 0x88, 0xC1, 0x71, 0x84,
            0x20, 0x58, 0xF8, 0xC7, 0x36, 0x13, 0xC1, 0x18, 0x8C, 0x21, 0xC0, 0xC1, 0x2F, 0x8C, 0x18, 0x1C,
            0x47, 0x08, 0x82, 0x85, 0x7F, 0x6C, 0x35, 0x21, 0x04, 0x23, 0x06, 0xC7, 0x11, 0x82, 0x60, 0xE1,
            0x1F, 0x9B, 0x4D, 0x04, 0x19, 0x8A, 0x41, 0x10, 0xFE, 0x23, 0x06, 0xC6, 0x11, 0x82, 0x60, 0xE1,
            0x1F, 0x63, 0x90, 0x13, 0x01, 0x06, 0xBF, 0x00, 0xFE, 0xE8, 0x04, 0xE4, 0x3F, 0x62, 0x80, 0x1C,
            0x21, 0x08, 0x16, 0xFE, 0x91, 0x81, 0x45, 0x40, 0x0E, 0xE3, 0x80, 0xC1, 0x02, 0xFE, 0x63, 0x08,
            0x73, 0x90, 0x0E, 0x63, 0x08, 0x74, 0xB0, 0x0E, 0x23, 0x06, 0xC7, 0x11, 0x82, 0x60, 0xE1, 0x1F,
            0xDB, 0x4F, 0x08, 0xC1, 0x88, 0xC1, 0x71, 0x84, 0x20, 0x58, 0xF8, 0xC7, 0x06, 0x16, 0xC1, 0x1B,
            0x8C, 0x18, 0x1C, 0x47, 0x08, 0x82, 0x85, 0x7F, 0x6C, 0x61, 0x11, 0x94, 0x01, 0xB6, 0x41, 0x10,
            0xFE, 0x23, 0x06, 0xC6, 0x11, 0x82, 0x60, 0xE1, 0x1F, 0x63, 0x40, 0x16, 0x01, 0x06, 0xEA, 0x00,
            0xFE, 0x98, 0x05, 0xE4, 0x3F, 0x62, 0x80, 0x1C, 0x21, 0x08, 0x16, 0xFE, 0x91, 0xAD, 0x45, 0xF0,
            0x0E, 0xEE, 0x80, 0x4B, 0x00, 0xFE, 0x63, 0x08, 0x7A, 0x40, 0x0F, 0x63, 0x08, 0x7B, 0x60, 0x0F,
            0x23, 0x06, 0xC7, 0x11, 0x82, 0x60, 0xE1, 0x1F, 0x9B, 0x5A, 0x08, 0xC1, 0x18, 0x42, 0x1F, 0xD8,
            0xC3, 0x88, 0xC1, 0x71, 0x84, 0x20, 0x58, 0xF8, 0xC7, 0xC6, 0x16, 0x42, 0x30, 0x62, 0x70, 0x1C,
            0x21, 0x08, 0x16, 0xFE, 0xB1, 0xB5, 0x45, 0xB0, 0x07, 0x98, 0x07, 0x41, 0xF8, 0x8F, 0x18, 0x18,
            0x47, 0x08, 0x82, 0x85, 0x7F, 0x8C, 0x01, 0x5C, 0x04, 0x18, 0xD8, 0x03, 0xF8, 0x63, 0x19, 0x04,
            0xE4, 0x3F, 0x62, 0x80, 0x1C, 0x21, 0x08, 0x16, 0xFE, 0x91, 0xDD, 0x45, 0xB0, 0x0F, 0xFA, 0x80,
            0x4C, 0x00, 0xFE, 0x18, 0xE4, 0x83, 0xF8, 0x63, 0x3F, 0x04, 0xE1, 0x3F, 0x62, 0x80, 0x1C, 0x21,
            0x08, 0x16, 0xFE, 0x91, 0xED, 0x45, 0xF0, 0x0F, 0xFE, 0x30, 0x4B, 0x20, 0x0C, 0x54, 0x10, 0x42,
            0x00, 0x22, 0x40, 0x7F, 0x08, 0x9A, 0x28, 0x89, 0x9F, 0x58, 0x0B, 0x0A, 0x12, 0x32, 0x62, 0x40,
            0x24, 0x21, 0x08, 0x06, 0x61, 0xC0, 0x17, 0x23, 0x06, 0x8A, 0x12, 0x82, 0x60, 0xF0, 0xF9, 0x85,
            0x10, 0xA0, 0x03, 0x4B, 0xB8, 0x85, 0x5B, 0x8C, 0x26, 0x04, 0xC0, 0x18, 0x42, 0xA0, 0x12, 0xC3,
            0x11, 0xC1, 0x49, 0x08, 0xFE, 0x31, 0xCB, 0x30, 0x10, 0xC1, 0x20, 0xC3, 0xB0, 0x0F, 0x2F, 0x81,
            0xC1, 0x3D, 0x88, 0x3F, 0x06, 0xF7, 0x00, 0xFE, 0xB3, 0x04, 0xC5, 0x18, 0xC2, 0x3A, 0xBC, 0x04,
            0x06, 0x2A, 0x21, 0xFE, 0x18, 0x90, 0x04, 0xF8, 0x8F, 0x21, 0xB8, 0x43, 0x4C, 0x60, 0xD0, 0x12,
            0xE2, 0x8F, 0x2F, 0x11, 0x84, 0xFF, 0x1C, 0x83, 0x48, 0x10, 0x35, 0x31, 0xC7, 0x10, 0x08, 0x35,
            0xD1, 0x9F, 0xC2, 0x2C, 0x6E, 0x22, 0x2F, 0xFA, 0xE2, 0x26, 0x28, 0x28, 0xCA, 0x1C, 0x03, 0x4A,
            0x20, 0x39, 0x31, 0xC8, 0x10, 0xA4, 0x84, 0x58, 0xE0, 0x10, 0x88, 0x7F, 0x7F, 0x8A, 0xB5, 0xE0,
            0x09, 0xBF, 0x10, 0x8D, 0x9D, 0xA0, 0xA0, 0x28, 0x73, 0x0C, 0x2D, 0xA1, 0xF8, 0xC4, 0x20, 0x43,
            0xE0, 0x12, 0x67, 0x81, 0x43, 0x20, 0xFE, 0x18, 0x18, 0xE0, 0xDF, 0x9F, 0x22, 0x2E, 0xC4, 0x82,
            0x34, 0x50, 0x03, 0x2C, 0x28, 0x28, 0xCA, 0x1C, 0xC3, 0x4C, 0xDC, 0x02, 0x59, 0x0C, 0x32, 0x04,
            0x34, 0xD1, 0x16, 0x38, 0x04, 0xE2, 0x8F, 0x46, 0x00, 0xFE, 0xFD, 0x29, 0xEE, 0x02, 0x2D, 0x54,
            0xC3, 0x35, 0xCA, 0x82, 0x82, 0xA2, 0xE0, 0x10, 0x80, 0xFF, 0x20, 0x43, 0xA0, 0x13, 0x6E, 0x31,
            0xC8, 0x20, 0xE8, 0x84, 0x5B, 0xA0, 0x10, 0x90, 0x3F, 0x62, 0x41, 0xF8, 0xCF, 0x12, 0x14, 0x03,
            0x15, 0x65, 0x20, 0x0A, 0x83, 0x40, 0x8C, 0x21, 0xD0, 0x04, 0x5C, 0xF4, 0x87, 0x00, 0x8D, 0xB8,
            0x78, 0x8D, 0xDB, 0xA0, 0x20, 0x21, 0x23, 0x06, 0x8A, 0x12, 0x82, 0x60, 0xF0, 0xA5, 0x47, 0xC0,
            0x06, 0x33, 0x71, 0x17, 0xB9, 0x91, 0x1B, 0xA3, 0x09, 0x01, 0x30, 0xC8, 0x10, 0x90, 0xC5, 0x5F,
            0x8C, 0x21, 0x08, 0x76, 0x31, 0x86, 0x30, 0xD8, 0xC5, 0x88, 0xC1, 0x71, 0x84, 0x20, 0x58, 0xF8,
            0xC7, 0xF6, 0x1E, 0x42, 0x30, 0x86, 0x50, 0xDC, 0xC5, 0x88, 0xC1, 0x71, 0x84, 0x20, 0x58, 0xF8,
            0xC7, 0x16, 0x1F, 0x42, 0x80, 0xC1, 0x02, 0xFE, 0x73, 0x0C, 0x63, 0x11, 0xF0, 0xC5, 0x20, 0x43,
            0x30, 0x16, 0xA6, 0x81, 0x49, 0x40, 0xFE, 0x63, 0x08, 0xC1, 0x5F, 0x8C, 0x21, 0x08, 0x7E, 0x31,
            0x86, 0x30, 0x80, 0x06, 0x06, 0x7C, 0x21, 0xFE, 0x38, 0x10, 0xE0, 0x8F, 0x81, 0x00, 0xFE, 0x18,
            0xF4, 0x85, 0xF8, 0xE3, 0x61, 0x84, 0x3F, 0x06, 0x7E, 0x21, 0xFE, 0x18, 0xFC, 0x05, 0xF8, 0x8F,
            0x18, 0x20, 0x47, 0x08, 0x82, 0x85, 0x7F, 0x64, 0x21, 0x12, 0x94, 0x06, 0x69, 0x60, 0xB0, 0x84,
            0x3F, 0x06, 0x06, 0xF8, 0x8F, 0x18, 0x20, 0x47, 0x08, 0x82, 0x85, 0x7F, 0x64, 0x24, 0x12, 0xA0,
            0xC6, 0x69, 0x60, 0xF2, 0x17, 0xE2, 0x3F, 0x62, 0x50, 0x1C, 0x21, 0x08, 0x06, 0xD7, 0x89, 0x04,
            0x17, 0xF0, 0xC6, 0xE1, 0x11, 0x1A, 0xE2, 0x3F, 0x62, 0x50, 0x1C, 0x21, 0x08, 0x06, 0x97, 0x8A,
            0x04, 0x17, 0xA8, 0xC7, 0x5D, 0x40, 0x2C, 0x22, 0xA4, 0x21, 0xFE, 0x23, 0x06, 0xC5, 0x11, 0x82,
            0x60, 0x70, 0xB9, 0x48, 0x70, 0x43, 0xB0, 0x73, 0x0C, 0xBD, 0x11, 0xDC, 0x46, 0x7F, 0x88, 0xF3,
            0xC0, 0x0D, 0xF8, 0xF0, 0x0F, 0x0A, 0x12, 0x32, 0x62, 0x90, 0x2C, 0x21, 0x08, 0x06, 0x15, 0x8D,
            0x04, 0x7A, 0x31, 0x80, 0x08, 0x7F, 0x0C, 0x32, 0xAC, 0x81, 0x68, 0xFC, 0xC6, 0x1C, 0x43, 0x70,
            0x0B, 0xB9, 0x31, 0xC7, 0x10, 0x84, 0x41, 0x6E, 0xF4, 0x87, 0x60, 0x8F, 0xDE, 0x98, 0x8F, 0x11,
            0xA1, 0x20, 0x21, 0x23, 0x06, 0xC9, 0x12, 0x82, 0x60, 0x30, 0xE9, 0x48, 0xF0, 0x17, 0x43, 0x89,
            0x84, 0x88, 0x06, 0xC4, 0x00, 0x00, 0x12, 0x00, 0x00, 0x00, 0x5B, 0x86, 0xE0, 0xF0, 0x87, 0x2D,
            0xC3, 0x70, 0xF8, 0xC3, 0x96, 0x61, 0x39, 0xFC, 0x61, 0xCB, 0xD0, 0x1C, 0xFE, 0xB0, 0x65, 0xC0,
            0x83, 0xC3, 0x1F, 0xB6, 0x0C, 0xED, 0x70, 0xF8, 0xC3, 0x96, 0x21, 0x24, 0x0E, 0x7F, 0xD8, 0x32,
            0x98, 0xC4, 0xE1, 0x0F, 0x5B, 0x06, 0x96, 0x38, 0xFC, 0x61, 0xCB, 0x20, 0x13, 0x87, 0x3F, 0x6C,
            0x19, 0x78, 0xE2, 0xF0, 0x87, 0x2D, 0xC3, 0x68, 0x1C, 0xFE, 0xB0, 0x65, 0x48, 0x8D, 0xC3, 0x1F,
            0x00, 0x00, 0x00, 0x00, 0x00, 0x00, 0x71, 0x20, 0x00, 0x00, 0x03, 0x00, 0x00, 0x00, 0x32, 0x0E,
            0x10, 0x22, 0x84, 0x00, 0xEE, 0x08, 0x00, 0x00, 0x00, 0x00, 0x00, 0x00, 0x00, 0x00, 0x65, 0x0C,
            0x00, 0x00, 0x6D, 0x00, 0x00, 0x00, 0x12, 0x03, 0x94, 0x68, 0x03, 0x00, 0x00, 0x00, 0x03, 0x00,
            0x00, 0x00, 0x17, 0x01, 0x00, 0x00, 0x09, 0x00, 0x00, 0x00, 0x4C, 0x00, 0x00, 0x00, 0x01, 0x00,
            0x00, 0x00, 0x58, 0x00, 0x00, 0x00, 0x00, 0x00, 0x00, 0x00, 0x58, 0x00, 0x00, 0x00, 0x0E, 0x00,
            0x00, 0x00, 0xA8, 0x01, 0x00, 0x00, 0x00, 0x00, 0x00, 0x00, 0x20, 0x01, 0x00, 0x00, 0x1C, 0x00,
            0x00, 0x00, 0x00, 0x00, 0x00, 0x00, 0x04, 0x00, 0x00, 0x00, 0x04, 0x00, 0x00, 0x00, 0x00, 0x00,
            0x00, 0x00, 0xA8, 0x01, 0x00, 0x00, 0x00, 0x00, 0x00, 0x00, 0x00, 0x00, 0x00, 0x00, 0x0E, 0x00,
            0x00, 0x00, 0x00, 0x00, 0x00, 0x00, 0x00, 0x00, 0x00, 0x00, 0x04, 0x00, 0x00, 0x00, 0x00, 0x00,
            0x00, 0x00, 0x04, 0x00, 0x00, 0x00, 0xFF, 0xFF, 0xFF, 0xFF, 0x00, 0x24, 0x00, 0x00, 0x04, 0x00,
            0x00, 0x00, 0x1A, 0x00, 0x00, 0x00, 0x04, 0x00, 0x00, 0x00, 0x1A, 0x00, 0x00, 0x00, 0xFF, 0xFF,
            0xFF, 0xFF, 0x08, 0x24, 0x00, 0x00, 0x1E, 0x00, 0x00, 0x00, 0x1C, 0x00, 0x00, 0x00, 0x1E, 0x00,
            0x00, 0x00, 0x1C, 0x00, 0x00, 0x00, 0xFF, 0xFF, 0xFF, 0xFF, 0x08, 0x24, 0x00, 0x00, 0x3A, 0x00,
            0x00, 0x00, 0x17, 0x00, 0x00, 0x00, 0x3A, 0x00, 0x00, 0x00, 0x17, 0x00, 0x00, 0x00, 0xFF, 0xFF,
            0xFF, 0xFF, 0x08, 0x24, 0x00, 0x00, 0x51, 0x00, 0x00, 0x00, 0x12, 0x00, 0x00, 0x00, 0x51, 0x00,
            0x00, 0x00, 0x12, 0x00, 0x00, 0x00, 0xFF, 0xFF, 0xFF, 0xFF, 0x08, 0x24, 0x00, 0x00, 0x63, 0x00,
            0x00, 0x00, 0x11, 0x00, 0x00, 0x00, 0x63, 0x00, 0x00, 0x00, 0x11, 0x00, 0x00, 0x00, 0xFF, 0xFF,
            0xFF, 0xFF, 0x08, 0x24, 0x00, 0x00, 0x74, 0x00, 0x00, 0x00, 0x19, 0x00, 0x00, 0x00, 0x74, 0x00,
            0x00, 0x00, 0x19, 0x00, 0x00, 0x00, 0xFF, 0xFF, 0xFF, 0xFF, 0x08, 0x24, 0x00, 0x00, 0x8D, 0x00,
            0x00, 0x00, 0x14, 0x00, 0x00, 0x00, 0x8D, 0x00, 0x00, 0x00, 0x14, 0x00, 0x00, 0x00, 0xFF, 0xFF,
            0xFF, 0xFF, 0x08, 0x24, 0x00, 0x00, 0xA1, 0x00, 0x00, 0x00, 0x11, 0x00, 0x00, 0x00, 0xA1, 0x00,
            0x00, 0x00, 0x11, 0x00, 0x00, 0x00, 0xFF, 0xFF, 0xFF, 0xFF, 0x08, 0x24, 0x00, 0x00, 0xB2, 0x00,
            0x00, 0x00, 0x11, 0x00, 0x00, 0x00, 0xB2, 0x00, 0x00, 0x00, 0x11, 0x00, 0x00, 0x00, 0xFF, 0xFF,
            0xFF, 0xFF, 0x08, 0x24, 0x00, 0x00, 0xC3, 0x00, 0x00, 0x00, 0x11, 0x00, 0x00, 0x00, 0xC3, 0x00,
            0x00, 0x00, 0x11, 0x00, 0x00, 0x00, 0xFF, 0xFF, 0xFF, 0xFF, 0x08, 0x24, 0x00, 0x00, 0xD4, 0x00,
            0x00, 0x00, 0x0D, 0x00, 0x00, 0x00, 0xD4, 0x00, 0x00, 0x00, 0x0D, 0x00, 0x00, 0x00, 0xFF, 0xFF,
            0xFF, 0xFF, 0x08, 0x24, 0x00, 0x00, 0xE1, 0x00, 0x00, 0x00, 0x1B, 0x00, 0x00, 0x00, 0xE1, 0x00,
            0x00, 0x00, 0x1B, 0x00, 0x00, 0x00, 0xFF, 0xFF, 0xFF, 0xFF, 0x08, 0x24, 0x00, 0x00, 0xFC, 0x00,
            0x00, 0x00, 0x1B, 0x00, 0x00, 0x00, 0xFC, 0x00, 0x00, 0x00, 0x1B, 0x00, 0x00, 0x00, 0xFF, 0xFF,
            0xFF, 0xFF, 0x08, 0x24, 0x00, 0x00, 0x00, 0x00, 0x00, 0x00, 0x5D, 0x0C, 0x00, 0x00, 0x52, 0x00,
            0x00, 0x00, 0x12, 0x03, 0x94, 0x7C, 0x02, 0x00, 0x00, 0x00, 0x4D, 0x61, 0x69, 0x6E, 0x61, 0x69,
            0x72, 0x2E, 0x77, 0x72, 0x69, 0x74, 0x65, 0x5F, 0x74, 0x65, 0x78, 0x74, 0x75, 0x72, 0x65, 0x5F,
            0x32, 0x64, 0x2E, 0x76, 0x34, 0x66, 0x33, 0x32, 0x61, 0x69, 0x72, 0x2E, 0x77, 0x72, 0x69, 0x74,
            0x65, 0x5F, 0x74, 0x65, 0x78, 0x74, 0x75, 0x72, 0x65, 0x5F, 0x32, 0x64, 0x2E, 0x75, 0x2E, 0x76,
            0x34, 0x69, 0x33, 0x32, 0x61, 0x69, 0x72, 0x2E, 0x63, 0x6F, 0x6E, 0x76, 0x65, 0x72, 0x74, 0x2E,
            0x75, 0x2E, 0x69, 0x33, 0x32, 0x2E, 0x66, 0x2E, 0x66, 0x33, 0x32, 0x61, 0x69, 0x72, 0x2E, 0x66,
            0x61, 0x73, 0x74, 0x5F, 0x63, 0x6C, 0x61, 0x6D, 0x70, 0x2E, 0x66, 0x33, 0x32, 0x61, 0x69, 0x72,
            0x2E, 0x66, 0x61, 0x73, 0x74, 0x5F, 0x66, 0x6D, 0x61, 0x78, 0x2E, 0x66, 0x33, 0x32, 0x61, 0x69,
            0x72, 0x2E, 0x72, 0x65, 0x61, 0x64, 0x5F, 0x74, 0x65, 0x78, 0x74, 0x75, 0x72, 0x65, 0x5F, 0x32,
            0x64, 0x2E, 0x76, 0x34, 0x66, 0x33, 0x32, 0x61, 0x69, 0x72, 0x2E, 0x67, 0x65, 0x74, 0x5F, 0x72,
            0x65, 0x61, 0x64, 0x5F, 0x73, 0x61, 0x6D, 0x70, 0x6C, 0x65, 0x72, 0x61, 0x69, 0x72, 0x2E, 0x66,
            0x61, 0x73, 0x74, 0x5F, 0x66, 0x61, 0x62, 0x73, 0x2E, 0x66, 0x33, 0x32, 0x61, 0x69, 0x72, 0x2E,
            0x66, 0x61, 0x73, 0x74, 0x5F, 0x66, 0x6D, 0x69, 0x6E, 0x2E, 0x66, 0x33, 0x32, 0x61, 0x69, 0x72,
            0x2E, 0x66, 0x61, 0x73, 0x74, 0x5F, 0x73, 0x71, 0x72, 0x74, 0x2E, 0x66, 0x33, 0x32, 0x61, 0x69,
            0x72, 0x2E, 0x64, 0x6F, 0x74, 0x2E, 0x76, 0x32, 0x66, 0x33, 0x32, 0x61, 0x69, 0x72, 0x2E, 0x63,
            0x6F, 0x6E, 0x76, 0x65, 0x72, 0x74, 0x2E, 0x66, 0x2E, 0x76, 0x32, 0x66, 0x33, 0x32, 0x2E, 0x75,
            0x2E, 0x76, 0x32, 0x69, 0x33, 0x32, 0x61, 0x69, 0x72, 0x2E, 0x67, 0x61, 0x74, 0x68, 0x65, 0x72,
            0x5F, 0x74, 0x65, 0x78, 0x74, 0x75, 0x72, 0x65, 0x5F, 0x32, 0x64, 0x2E, 0x76, 0x34, 0x66, 0x33,
            0x32, 0x33, 0x32, 0x30, 0x32, 0x33, 0x2E, 0x38, 0x38, 0x33, 0x61, 0x69, 0x72, 0x36, 0x34, 0x5F,
            0x76, 0x32, 0x38, 0x2D, 0x61, 0x70, 0x70, 0x6C, 0x65, 0x2D, 0x6D, 0x61, 0x63, 0x6F, 0x73, 0x78,
            0x32, 0x36, 0x2E, 0x30, 0x2E, 0x30, 0x00, 0x00, 0x00, 0x00, 0x4E, 0x41, 0x4D, 0x45, 0x20, 0x00,
            0x73, 0x6C, 0x61, 0x6E, 0x67, 0x2D, 0x67, 0x65, 0x6E, 0x65, 0x72, 0x61, 0x74, 0x65, 0x64, 0x2D,
            0x50, 0x44, 0x62, 0x43, 0x50, 0x6D, 0x2E, 0x6D, 0x65, 0x74, 0x61, 0x6C, 0x6C, 0x69, 0x62, 0x00,
            0x45, 0x4E, 0x44, 0x54, 0x01, 0x00, 0x00, 0x00, 0x6C, 0x07, 0x00, 0x00, 0x52, 0x42, 0x55, 0x46,
            0x5C, 0x07, 0x00, 0x00, 0x00, 0x00, 0x00, 0x00, 0x00, 0x00, 0x00, 0x00, 0x00, 0x00, 0x00, 0x00,
            0x18, 0x00, 0x00, 0x00, 0x41, 0x49, 0x52, 0x52, 0x00, 0x00, 0x0E, 0x00, 0x18, 0x00, 0x04, 0x00,
            0x10, 0x00, 0x00, 0x00, 0x00, 0x00, 0x14, 0x00, 0x0E, 0x00, 0x00, 0x00, 0x00, 0x00, 0x00, 0x00,
            0x04, 0x00, 0x00, 0x00, 0x00, 0x00, 0x00, 0x00, 0x10, 0x00, 0x00, 0x00, 0x04, 0x00, 0x00, 0x00,
            0x01, 0x00, 0x00, 0x00, 0x00, 0x00, 0x00, 0x00, 0x14, 0x00, 0x00, 0x00, 0xCC, 0x06, 0x00, 0x00,
            0x78, 0x06, 0x00, 0x00, 0x08, 0x06, 0x00, 0x00, 0x7C, 0x02, 0x00, 0x00, 0x48, 0x02, 0x00, 0x00,
            0x24, 0x02, 0x00, 0x00, 0x00, 0x02, 0x00, 0x00, 0xDC, 0x01, 0x00, 0x00, 0xB8, 0x01, 0x00, 0x00,
            0x94, 0x01, 0x00, 0x00, 0x58, 0x01, 0x00, 0x00, 0x30, 0x01, 0x00, 0x00, 0x08, 0x01, 0x00, 0x00,
            0xE0, 0x00, 0x00, 0x00, 0xB8, 0x00, 0x00, 0x00, 0x90, 0x00, 0x00, 0x00, 0x6C, 0x00, 0x00, 0x00,
            0x48, 0x00, 0x00, 0x00, 0x1C, 0x00, 0x00, 0x00, 0x04, 0x00, 0x00, 0x00, 0x48, 0xFA, 0xFF, 0xFF,
            0x03, 0x10, 0x00, 0x00, 0x04, 0x00, 0x00, 0x00, 0xC6, 0xFD, 0xFF, 0xFF, 0x40, 0x00, 0x00, 0x00,
            0xA0, 0xF9, 0xFF, 0xFF, 0x01, 0x10, 0x00, 0x00, 0x10, 0x00, 0x00, 0x00, 0x00, 0x00, 0x0A, 0x00,
            0x10, 0x00, 0x04, 0x00, 0x08, 0x00, 0x0C, 0x00, 0x0A, 0x00, 0x00, 0x00, 0x08, 0x00, 0x00, 0x00,
            0x08, 0x00, 0x00, 0x00, 0x01, 0x00, 0x00, 0x00, 0x84, 0xFA, 0xFF, 0xFF, 0x05, 0x00, 0x04, 0x00,
            0x04, 0x00, 0x00, 0x00, 0x32, 0xFE, 0xFF, 0xFF, 0x0D, 0x00, 0x00, 0x00, 0x01, 0x00, 0x00, 0x00,
            0x60, 0x02, 0x00, 0x00, 0x50, 0x02, 0x00, 0x00, 0xA4, 0xFA, 0xFF, 0xFF, 0x01, 0x00, 0x04, 0x00,
            0x04, 0x00, 0x00, 0x00, 0x52, 0xFE, 0xFF, 0xFF, 0x0C, 0x00, 0x00, 0x00, 0x01, 0x00, 0x00, 0x00,
            0x74, 0x02, 0x00, 0x00, 0x60, 0x02, 0x00, 0x00, 0xC4, 0xFA, 0xFF, 0xFF, 0x02, 0x00, 0x04, 0x00,
            0x04, 0x00, 0x00, 0x00, 0x4A, 0xFF, 0xFF, 0xFF, 0x00, 0x00, 0x00, 0x03, 0x0B, 0x00, 0x00, 0x00,
            0x01, 0x00, 0x00, 0x00, 0x84, 0x02, 0x00, 0x00, 0x70, 0x02, 0x00, 0x00, 0xE8, 0xFA, 0xFF, 0xFF,
            0x02, 0x00, 0x04, 0x00, 0x04, 0x00, 0x00, 0x00, 0x6E, 0xFF, 0xFF, 0xFF, 0x00, 0x00, 0x00, 0x03,
            0x0A, 0x00, 0x00, 0x00, 0x01, 0x00, 0x00, 0x00, 0xA8, 0x02, 0x00, 0x00, 0x98, 0x02, 0x00, 0x00,
            0x0C, 0xFB, 0xFF, 0xFF, 0x02, 0x00, 0x04, 0x00, 0x04, 0x00, 0x00, 0x00, 0x92, 0xFF, 0xFF, 0xFF,
            0x00, 0x00, 0x00, 0x04, 0x09, 0x00, 0x00, 0x00, 0x01, 0x00, 0x00, 0x00, 0x44, 0x03, 0x00, 0x00,
            0xB8, 0x02, 0x00, 0x00, 0x30, 0xFB, 0xFF, 0xFF, 0x02, 0x00, 0x04, 0x00, 0x04, 0x00, 0x00, 0x00,
            0xB6, 0xFF, 0xFF, 0xFF, 0x00, 0x00, 0x00, 0x04, 0x08, 0x00, 0x00, 0x00, 0x01, 0x00, 0x00, 0x00,
            0x20, 0x03, 0x00, 0x00, 0xC0, 0x02, 0x00, 0x00, 0x54, 0xFB, 0xFF, 0xFF, 0x02, 0x00, 0x04, 0x00,
            0x04, 0x00, 0x00, 0x00, 0xDA, 0xFF, 0xFF, 0xFF, 0x00, 0x00, 0x00, 0x04, 0x07, 0x00, 0x00, 0x00,
            0x01, 0x00, 0x00, 0x00, 0xFC, 0x02, 0x00, 0x00, 0xC0, 0x02, 0x00, 0x00, 0xBC, 0xFA, 0xFF, 0xFF,
            0x02, 0x00, 0x04, 0x00, 0x18, 0x00, 0x00, 0x00, 0x00, 0x00, 0x12, 0x00, 0x18, 0x00, 0x00, 0x00,
            0x08, 0x00, 0x0C, 0x00, 0x07, 0x00, 0x00, 0x00, 0x10, 0x00, 0x14, 0x00, 0x12, 0x00, 0x00, 0x00,
            0x00, 0x00, 0x00, 0x04, 0x06, 0x00, 0x00, 0x00, 0x01, 0x00, 0x00, 0x00, 0xC4, 0x02, 0x00, 0x00,
            0xB4, 0x02, 0x00, 0x00, 0xB0, 0xFB, 0xFF, 0xFF, 0x05, 0x00, 0x04, 0x00, 0x04, 0x00, 0x00, 0x00,
            0x5E, 0xFF, 0xFF, 0xFF, 0x05, 0x00, 0x00, 0x00, 0x01, 0x00, 0x00, 0x00, 0x2C, 0x04, 0x00, 0x00,
            0xD8, 0x02, 0x00, 0x00, 0xD0, 0xFB, 0xFF, 0xFF, 0x05, 0x00, 0x04, 0x00, 0x04, 0x00, 0x00, 0x00,
            0x7E, 0xFF, 0xFF, 0xFF, 0x04, 0x00, 0x00, 0x00, 0x01, 0x00, 0x00, 0x00, 0xC0, 0x03, 0x00, 0x00,
            0xE8, 0x02, 0x00, 0x00, 0xF0, 0xFB, 0xFF, 0xFF, 0x05, 0x00, 0x04, 0x00, 0x04, 0x00, 0x00, 0x00,
            0x9E, 0xFF, 0xFF, 0xFF, 0x03, 0x00, 0x00, 0x00, 0x01, 0x00, 0x00, 0x00, 0x1C, 0x03, 0x00, 0x00,
            0x00, 0x03, 0x00, 0x00, 0x10, 0xFC, 0xFF, 0xFF, 0x05, 0x00, 0x04, 0x00, 0x04, 0x00, 0x00, 0x00,
            0xBE, 0xFF, 0xFF, 0xFF, 0x02, 0x00, 0x00, 0x00, 0x01, 0x00, 0x00, 0x00, 0x80, 0x03, 0x00, 0x00,
            0x20, 0x03, 0x00, 0x00, 0x30, 0xFC, 0xFF, 0xFF, 0x05, 0x00, 0x04, 0x00, 0x04, 0x00, 0x00, 0x00,
            0xDE, 0xFF, 0xFF, 0xFF, 0x01, 0x00, 0x00, 0x00, 0x01, 0x00, 0x00, 0x00, 0x60, 0x03, 0x00, 0x00,
            0x40, 0x03, 0x00, 0x00, 0x94, 0xFB, 0xFF, 0xFF, 0x05, 0x00, 0x04, 0x00, 0x14, 0x00, 0x00, 0x00,
            0x00, 0x00, 0x0E, 0x00, 0x14, 0x00, 0x00, 0x00, 0x04, 0x00, 0x08, 0x00, 0x0C, 0x00, 0x10, 0x00,
            0x0E, 0x00, 0x00, 0x00, 0x00, 0x00, 0x00, 0x00, 0x01, 0x00, 0x00, 0x00, 0x7C, 0x03, 0x00, 0x00,
            0x60, 0x03, 0x00, 0x00, 0xC4, 0xFB, 0xFF, 0xFF, 0x01, 0x00, 0x08, 0x00, 0x0C, 0x00, 0x00, 0x00,
            0x00, 0x00, 0x06, 0x00, 0x08, 0x00, 0x04, 0x00, 0x06, 0x00, 0x00, 0x00, 0x04, 0x00, 0x00, 0x00,
            0x0E, 0x00, 0x00, 0x00, 0x28, 0x03, 0x00, 0x00, 0xD0, 0x02, 0x00, 0x00, 0x8C, 0x02, 0x00, 0x00,
            0x48, 0x02, 0x00, 0x00, 0x0C, 0x02, 0x00, 0x00, 0xD8, 0x01, 0x00, 0x00, 0x90, 0x01, 0x00, 0x00,
            0x60, 0x01, 0x00, 0x00, 0x38, 0x01, 0x00, 0x00, 0x08, 0x01, 0x00, 0x00, 0xC0, 0x00, 0x00, 0x00,
            0x70, 0x00, 0x00, 0x00, 0x38, 0x00, 0x00, 0x00, 0x04, 0x00, 0x00, 0x00, 0x78, 0xFD, 0xFF, 0xFF,
            0xC8, 0x00, 0x00, 0x00, 0x08, 0x00, 0x00, 0x00, 0x18, 0x00, 0x00, 0x00, 0x08, 0x00, 0x00, 0x00,
            0x11, 0x00, 0x00, 0x00, 0x05, 0x00, 0x00, 0x00, 0x50, 0x61, 0x64, 0x5F, 0x30, 0x00, 0x00, 0x00,
            0x05, 0x00, 0x00, 0x00, 0x75, 0x69, 0x6E, 0x74, 0x32, 0x00, 0x00, 0x00, 0xA8, 0xFD, 0xFF, 0xFF,
            0xC0, 0x00, 0x00, 0x00, 0x08, 0x00, 0x00, 0x00, 0x1C, 0x00, 0x00, 0x00, 0x08, 0x00, 0x00, 0x00,
            0x10, 0x00, 0x00, 0x00, 0x09, 0x00, 0x00, 0x00, 0x53, 0x61, 0x6D, 0x70, 0x6C, 0x65, 0x72, 0x5F,
            0x30, 0x00, 0x00, 0x00, 0x07, 0x00, 0x00, 0x00, 0x73, 0x61, 0x6D, 0x70, 0x6C, 0x65, 0x72, 0x00,
            0xDC, 0xFD, 0xFF, 0xFF, 0xB8, 0x00, 0x00, 0x00, 0x08, 0x00, 0x00, 0x00, 0x1C, 0x00, 0x00, 0x00,
            0x08, 0x00, 0x00, 0x00, 0x0F, 0x00, 0x00, 0x00, 0x08, 0x00, 0x00, 0x00, 0x4D, 0x6F, 0x74, 0x69,
            0x6F, 0x6E, 0x5F, 0x30, 0x00, 0x00, 0x00, 0x00, 0x1C, 0x00, 0x00, 0x00, 0x74, 0x65, 0x78, 0x74,
            0x75, 0x72, 0x65, 0x32, 0x64, 0x3C, 0x66, 0x6C, 0x6F, 0x61, 0x74, 0x2C, 0x20, 0x72, 0x65, 0x61,
            0x64, 0x5F, 0x77, 0x72, 0x69, 0x74, 0x65, 0x3E, 0x00, 0x00, 0x00, 0x00, 0x28, 0xFE, 0xFF, 0xFF,
            0xB0, 0x00, 0x00, 0x00, 0x08, 0x00, 0x00, 0x00, 0x18, 0x00, 0x00, 0x00, 0x08, 0x00, 0x00, 0x00,
            0x0E, 0x00, 0x00, 0x00, 0x07, 0x00, 0x00, 0x00, 0x59, 0x43, 0x6F, 0x43, 0x67, 0x5F, 0x30, 0x00,
            0x1B, 0x00, 0x00, 0x00, 0x74, 0x65, 0x78, 0x74, 0x75, 0x72, 0x65, 0x32, 0x64, 0x3C, 0x75, 0x69,
            0x6E, 0x74, 0x2C, 0x20, 0x72, 0x65, 0x61, 0x64, 0x5F, 0x77, 0x72, 0x69, 0x74, 0x65, 0x3E, 0x00,
            0x6C, 0xFE, 0xFF, 0xFF, 0xA8, 0x00, 0x00, 0x00, 0x08, 0x00, 0x00, 0x00, 0x94, 0x00, 0x00, 0x00,
            0x08, 0x00, 0x00, 0x00, 0x0D, 0x00, 0x00, 0x00, 0x0F, 0x00, 0x00, 0x00, 0x4D, 0x6F, 0x74, 0x69,
            0x6F, 0x6E, 0x56, 0x65, 0x63, 0x74, 0x6F, 0x72, 0x73, 0x5F, 0x30, 0x00, 0x98, 0xFE, 0xFF, 0xFF,
            0xA0, 0x00, 0x00, 0x00, 0x08, 0x00, 0x00, 0x00, 0x68, 0x00, 0x00, 0x00, 0x08, 0x00, 0x00, 0x00,
            0x0C, 0x00, 0x00, 0x00, 0x07, 0x00, 0x00, 0x00, 0x44, 0x65, 0x70, 0x74, 0x68, 0x5F, 0x30, 0x00,
            0xBC, 0xFE, 0xFF, 0xFF, 0x98, 0x00, 0x00, 0x00, 0x08, 0x00, 0x00, 0x00, 0x44, 0x00, 0x00, 0x00,
            0x08, 0x00, 0x00, 0x00, 0x0B, 0x00, 0x00, 0x00, 0x0D, 0x00, 0x00, 0x00, 0x4F, 0x70, 0x61, 0x71,
            0x75, 0x65, 0x49, 0x6E, 0x70, 0x75, 0x74, 0x5F, 0x30, 0x00, 0x00, 0x00, 0xE8, 0xFE, 0xFF, 0xFF,
            0x90, 0x00, 0x00, 0x00, 0x08, 0x00, 0x00, 0x00, 0x18, 0x00, 0x00, 0x00, 0x08, 0x00, 0x00, 0x00,
            0x0A, 0x00, 0x00, 0x00, 0x07, 0x00, 0x00, 0x00, 0x49, 0x6E, 0x70, 0x75, 0x74, 0x5F, 0x30, 0x00,
            0x18, 0x00, 0x00, 0x00, 0x74, 0x65, 0x78, 0x74, 0x75, 0x72, 0x65, 0x32, 0x64, 0x3C, 0x66, 0x6C,
            0x6F, 0x61, 0x74, 0x2C, 0x20, 0x73, 0x61, 0x6D, 0x70, 0x6C, 0x65, 0x3E, 0x00, 0x00, 0x00, 0x00,
            0x2C, 0xFF, 0xFF, 0xFF, 0x80, 0x00, 0x00, 0x00, 0x10, 0x00, 0x00, 0x00, 0x5C, 0x01, 0x00, 0x00,
            0x08, 0x00, 0x00, 0x00, 0x09, 0x00, 0x00, 0x00, 0x11, 0x00, 0x00, 0x00, 0x53, 0x61, 0x6D, 0x65,
            0x43, 0x61, 0x6D, 0x65, 0x72, 0x61, 0x52, 0x65, 0x73, 0x65, 0x74, 0x5F, 0x30, 0x00, 0x00, 0x00,
            0x5C, 0xFF, 0xFF, 0xFF, 0x70, 0x00, 0x00, 0x00, 0x10, 0x00, 0x00, 0x00, 0xE0, 0x00, 0x00, 0x00,
            0x08, 0x00, 0x00, 0x00, 0x08, 0x00, 0x00, 0x00, 0x18, 0x00, 0x00, 0x00, 0x45, 0x78, 0x70, 0x6F,
            0x73, 0x75, 0x72, 0x65, 0x46, 0x6F, 0x76, 0x4E, 0x65, 0x61, 0x72, 0x4D, 0x69, 0x6E, 0x4C, 0x65,
            0x72, 0x70, 0x5F, 0x30, 0x00, 0x00, 0x00, 0x00, 0x94, 0xFF, 0xFF, 0xFF, 0x30, 0x00, 0x00, 0x00,
            0x40, 0x00, 0x00, 0x00, 0x24, 0x00, 0x00, 0x00, 0x08, 0x00, 0x00, 0x00, 0x07, 0x00, 0x00, 0x00,
            0x10, 0x00, 0x00, 0x00, 0x43, 0x6C, 0x69, 0x70, 0x54, 0x6F, 0x50, 0x72, 0x65, 0x76, 0x43, 0x6C,
            0x69, 0x70, 0x5F, 0x30, 0x00, 0x00, 0x00, 0x00, 0x08, 0x00, 0x00, 0x00, 0x66, 0x6C, 0x6F, 0x61,
            0x74, 0x34, 0x78, 0x34, 0x00, 0x00, 0x00, 0x00, 0xD4, 0xFF, 0xFF, 0xFF, 0x20, 0x00, 0x00, 0x00,
            0x10, 0x00, 0x00, 0x00, 0x68, 0x00, 0x00, 0x00, 0x08, 0x00, 0x00, 0x00, 0x06, 0x00, 0x00, 0x00,
            0x0F, 0x00, 0x00, 0x00, 0x4A, 0x69, 0x74, 0x74, 0x65, 0x72, 0x50, 0x61, 0x64, 0x64, 0x69, 0x6E,
            0x67, 0x5F, 0x30, 0x00, 0x14, 0x00, 0x18, 0x00, 0x00, 0x00, 0x04, 0x00, 0x08, 0x00, 0x00, 0x00,
            0x0C, 0x00, 0x10, 0x00, 0x00, 0x00, 0x14, 0x00, 0x14, 0x00, 0x00, 0x00, 0x10, 0x00, 0x00, 0x00,
            0x10, 0x00, 0x00, 0x00, 0x28, 0x00, 0x00, 0x00, 0x08, 0x00, 0x00, 0x00, 0x05, 0x00, 0x00, 0x00,
            0x14, 0x00, 0x00, 0x00, 0x56, 0x69, 0x65, 0x77, 0x70, 0x6F, 0x72, 0x74, 0x44, 0x69, 0x73, 0x70,
            0x6C, 0x61, 0x79, 0x52, 0x63, 0x70, 0x5F, 0x30, 0x00, 0x00, 0x00, 0x00, 0x06, 0x00, 0x00, 0x00,
            0x66, 0x6C, 0x6F, 0x61, 0x74, 0x34, 0x00, 0x00, 0x14, 0x00, 0x14, 0x00, 0x00, 0x00, 0x00, 0x00,
            0x04, 0x00, 0x00, 0x00, 0x08, 0x00, 0x0C, 0x00, 0x00, 0x00, 0x10, 0x00, 0x14, 0x00, 0x00, 0x00,
            0x10, 0x00, 0x00, 0x00, 0x24, 0x00, 0x00, 0x00, 0x08, 0x00, 0x00, 0x00, 0x04, 0x00, 0x00, 0x00,
            0x13, 0x00, 0x00, 0x00, 0x52, 0x65, 0x6E, 0x64, 0x65, 0x72, 0x44, 0x69, 0x73, 0x70, 0x6C, 0x61,
            0x79, 0x53, 0x69, 0x7A, 0x65, 0x5F, 0x30, 0x00, 0x05, 0x00, 0x00, 0x00, 0x75, 0x69, 0x6E, 0x74,
            0x34, 0x00, 0x00, 0x00, 0x08, 0x00, 0x0C, 0x00, 0x04, 0x00, 0x08, 0x00, 0x08, 0x00, 0x00, 0x00,
            0x04, 0x00, 0x04, 0x00, 0x20, 0x00, 0x00, 0x00, 0x1C, 0x00, 0x24, 0x00, 0x00, 0x00, 0x00, 0x00,
            0x08, 0x00, 0x0C, 0x00, 0x06, 0x00, 0x07, 0x00, 0x10, 0x00, 0x00, 0x00, 0x14, 0x00, 0x18, 0x00,
            0x1C, 0x00, 0x20, 0x00, 0x1C, 0x00, 0x00, 0x00, 0x00, 0x00, 0x01, 0x02, 0x00, 0x00, 0x00, 0x00,
            0x01, 0x00, 0x00, 0x00, 0x03, 0x00, 0x00, 0x00, 0xD0, 0x00, 0x00, 0x00, 0x10, 0x00, 0x00, 0x00,
            0x18, 0x00, 0x00, 0x00, 0x04, 0x00, 0x00, 0x00, 0x0B, 0x00, 0x00, 0x00, 0x63, 0x6F, 0x6E, 0x73,
            0x74, 0x61, 0x6E, 0x74, 0x73, 0x5F, 0x31, 0x00, 0x0B, 0x00, 0x00, 0x00, 0x43, 0x6F, 0x6E, 0x73,
            0x74, 0x61, 0x6E, 0x74, 0x73, 0x5F, 0x30, 0x00, 0xB8, 0xFF, 0xFF, 0xFF, 0x00, 0x10, 0x04, 0x00,
            0x10, 0x00, 0x00, 0x00, 0x00, 0x00, 0x0A, 0x00, 0x0C, 0x00, 0x00, 0x00, 0x08, 0x00, 0x04, 0x00,
            0x0A, 0x00, 0x00, 0x00, 0x08, 0x00, 0x00, 0x00, 0x1C, 0x00, 0x00, 0x00, 0x12, 0x00, 0x00, 0x00,
            0x64, 0x69, 0x73, 0x70, 0x61, 0x74, 0x63, 0x68, 0x54, 0x68, 0x72, 0x65, 0x61, 0x64, 0x49, 0x64,
            0x5F, 0x30, 0x00, 0x00, 0x05, 0x00, 0x00, 0x00, 0x75, 0x69, 0x6E, 0x74, 0x33, 0x00, 0x00, 0x00,
            0x08, 0x00, 0x0E, 0x00, 0x04, 0x00, 0x08, 0x00, 0x08, 0x00, 0x00, 0x00, 0x02, 0x00, 0x00, 0x00,
            0x18, 0x00, 0x00, 0x00, 0x00, 0x00, 0x12, 0x00, 0x10, 0x00, 0x04, 0x00, 0x00, 0x00, 0x08, 0x00,
            0x00, 0x00, 0x00, 0x00, 0x00, 0x00, 0x0C, 0x00, 0x12, 0x00, 0x00, 0x00, 0x18, 0x00, 0x00, 0x00,
            0x08, 0x00, 0x00, 0x00, 0x13, 0x00, 0x00, 0x00, 0x02, 0x00, 0x00, 0x00, 0x01, 0x00, 0x00, 0x00,
            0x02, 0x00, 0x00, 0x00, 0x04, 0x00, 0x00, 0x00, 0x4D, 0x61, 0x69, 0x6E, 0x00, 0x00, 0x00, 0x00,
            0x45, 0x4E, 0x44, 0x54
        ],
        ThreadGroupSize = new()
        {
            X = 8,
            Y = 8,
            Z = 1
        }
    };

    private static readonly ShaderDesc MetalQualityMain = new()
    {
        Name = "Main",
        CodeBytes =
        [
            0x4D, 0x54, 0x4C, 0x42, 0x01, 0x80, 0x02, 0x00, 0x09, 0x00, 0x00, 0x81, 0x1A, 0x00, 0x00, 0x00,
            0xC4, 0x22, 0x00, 0x00, 0x00, 0x00, 0x00, 0x00, 0x58, 0x00, 0x00, 0x00, 0x00, 0x00, 0x00, 0x00,
            0x88, 0x00, 0x00, 0x00, 0x00, 0x00, 0x00, 0x00, 0x2A, 0x01, 0x00, 0x00, 0x00, 0x00, 0x00, 0x00,
            0x08, 0x00, 0x00, 0x00, 0x00, 0x00, 0x00, 0x00, 0x32, 0x01, 0x00, 0x00, 0x00, 0x00, 0x00, 0x00,
            0x08, 0x00, 0x00, 0x00, 0x00, 0x00, 0x00, 0x00, 0x3A, 0x01, 0x00, 0x00, 0x00, 0x00, 0x00, 0x00,
            0xF0, 0x19, 0x00, 0x00, 0x00, 0x00, 0x00, 0x00, 0x01, 0x00, 0x00, 0x00, 0x88, 0x00, 0x00, 0x00,
            0x4E, 0x41, 0x4D, 0x45, 0x05, 0x00, 0x4D, 0x61, 0x69, 0x6E, 0x00, 0x54, 0x59, 0x50, 0x45, 0x01,
            0x00, 0x02, 0x48, 0x41, 0x53, 0x48, 0x20, 0x00, 0x79, 0x7E, 0x47, 0x03, 0xFD, 0x68, 0x1E, 0xD5,
            0x14, 0x8A, 0xBF, 0x5D, 0xB7, 0x46, 0x94, 0x3B, 0x67, 0x20, 0x53, 0x59, 0x89, 0x4A, 0x41, 0x6E,
            0x42, 0x33, 0x74, 0x77, 0x46, 0x80, 0x7C, 0x18, 0x4F, 0x46, 0x46, 0x54, 0x18, 0x00, 0x00, 0x00,
            0x00, 0x00, 0x00, 0x00, 0x00, 0x00, 0x00, 0x00, 0x00, 0x00, 0x00, 0x00, 0x00, 0x00, 0x00, 0x00,
            0x00, 0x00, 0x00, 0x00, 0x00, 0x00, 0x56, 0x45, 0x52, 0x53, 0x08, 0x00, 0x02, 0x00, 0x08, 0x00,
            0x04, 0x00, 0x00, 0x00, 0x4D, 0x44, 0x53, 0x5A, 0x08, 0x00, 0xF0, 0x19, 0x00, 0x00, 0x00, 0x00,
            0x00, 0x00, 0x52, 0x46, 0x4C, 0x54, 0x08, 0x00, 0x04, 0x00, 0x00, 0x00, 0x00, 0x00, 0x00, 0x00,
            0x45, 0x4E, 0x44, 0x54, 0x48, 0x44, 0x59, 0x4E, 0x10, 0x00, 0x2A, 0x1B, 0x00, 0x00, 0x00, 0x00,
            0x00, 0x00, 0x2A, 0x00, 0x00, 0x00, 0x00, 0x00, 0x00, 0x00, 0x52, 0x4C, 0x53, 0x54, 0x10, 0x00,
            0x54, 0x1B, 0x00, 0x00, 0x00, 0x00, 0x00, 0x00, 0x70, 0x07, 0x00, 0x00, 0x00, 0x00, 0x00, 0x00,
            0x55, 0x55, 0x49, 0x44, 0x10, 0x00, 0x9E, 0x2E, 0x61, 0x7C, 0xD9, 0x32, 0x35, 0x31, 0x89, 0x5E,
            0x65, 0x0F, 0xB5, 0xEA, 0x06, 0x2C, 0x45, 0x4E, 0x44, 0x54, 0x08, 0x00, 0x00, 0x00, 0x45, 0x4E,
            0x44, 0x54, 0x08, 0x00, 0x00, 0x00, 0x45, 0x4E, 0x44, 0x54, 0xDE, 0xC0, 0x17, 0x0B, 0x00, 0x00,
            0x00, 0x00, 0x14, 0x00, 0x00, 0x00, 0xD8, 0x19, 0x00, 0x00, 0xFF, 0xFF, 0xFF, 0xFF, 0x42, 0x43,
            0xC0, 0xDE, 0x35, 0x14, 0x00, 0x00, 0x03, 0x00, 0x00, 0x00, 0x62, 0x0C, 0x30, 0x24, 0x80, 0x10,
            0x05, 0xC8, 0x14, 0x00, 0x00, 0x00, 0x21, 0x0C, 0x00, 0x00, 0xBE, 0x05, 0x00, 0x00, 0x0B, 0x02,
            0x21, 0x00, 0x02, 0x00, 0x00, 0x00, 0x16, 0x00, 0x00, 0x00, 0x07, 0x81, 0x23, 0x91, 0x41, 0xC8,
            0x04, 0x49, 0x06, 0x10, 0x32, 0x39, 0x92, 0x01, 0x84, 0x0C, 0x25, 0x05, 0x08, 0x19, 0x1E, 0x04,
            0x8B, 0x62, 0x80, 0x18, 0x45, 0x02, 0x42, 0x92, 0x0B, 0x42, 0xC4, 0x10, 0x32, 0x14, 0x38, 0x08,
            0x18, 0x4B, 0x0A, 0x32, 0x62, 0x88, 0x48, 0x70, 0xC4, 0x21, 0x23, 0x44, 0x12, 0x87, 0x8C, 0x10,
            0x41, 0x92, 0x02, 0x64, 0xC8, 0x08, 0xB1, 0x14, 0x20, 0x43, 0x46, 0x88, 0x20, 0xC9, 0x01, 0x32,
            0x62, 0x84, 0x18, 0x2A, 0x28, 0x2A, 0x90, 0x31, 0x7C, 0xB0, 0x5C, 0x91, 0x20, 0xC6, 0xC8, 0x00,
            0x00, 0x00, 0x89, 0x20, 0x00, 0x00, 0x54, 0x00, 0x00, 0x00, 0x32, 0x22, 0x88, 0x09, 0x20, 0x62,
            0x46, 0x00, 0x21, 0x2B, 0x24, 0x98, 0x18, 0x21, 0x25, 0x24, 0x98, 0x18, 0x19, 0x27, 0x0C, 0x85,
            0xA4, 0x90, 0x60, 0x62, 0x64, 0x5C, 0x20, 0x24, 0x66, 0x82, 0x40, 0x0E, 0x46, 0x00, 0xE6, 0x08,
            0xC0, 0x60, 0x18, 0x61, 0x08, 0x86, 0x11, 0x88, 0x60, 0x06, 0x60, 0x18, 0x81, 0x20, 0x94, 0xA0,
            0x98, 0x89, 0x9A, 0x07, 0x7A, 0x90, 0x87, 0x7A, 0x18, 0x07, 0x7A, 0x70, 0x83, 0x76, 0x28, 0x07,
            0x7A, 0x08, 0x07, 0x76, 0xD0, 0x03, 0x3D, 0x68, 0x87, 0x70, 0xA0, 0x07, 0x79, 0x48, 0x07, 0x7C,
            0x48, 0x81, 0x81, 0x94, 0x34, 0x45, 0x94, 0x30, 0xF9, 0xFF, 0x44, 0x5C, 0x13, 0x15, 0x11, 0xBF,
            0x3D, 0xFC, 0xD3, 0x18, 0x01, 0x30, 0x88, 0x80, 0x04, 0x33, 0x5D, 0xF3, 0x40, 0x0F, 0xF2, 0x50,
            0x0F, 0xE3, 0x40, 0x0F, 0x6E, 0xD0, 0x0E, 0xE5, 0x40, 0x0F, 0xE1, 0xC0, 0x0E, 0x7A, 0xA0, 0x07,
            0xF4, 0x50, 0x0E, 0xF8, 0x40, 0x0F, 0xF5, 0x20, 0x0F, 0xE5, 0x20, 0x07, 0xE4, 0x90, 0x82, 0x04,
            0x23, 0x69, 0x8A, 0x28, 0x61, 0xF2, 0x7F, 0x09, 0x60, 0x9E, 0x85, 0x88, 0xFE, 0x69, 0x8C, 0x00,
            0x18, 0x44, 0x58, 0x84, 0x99, 0xAA, 0x79, 0xA0, 0x07, 0x79, 0xA8, 0x87, 0x71, 0xA0, 0x07, 0x37,
            0x68, 0x87, 0x72, 0xA0, 0x87, 0x70, 0x60, 0x07, 0x3D, 0xD0, 0x83, 0x79, 0x08, 0x87, 0x76, 0x80,
            0x07, 0x76, 0x28, 0x07, 0x79, 0x48, 0x01, 0x33, 0x8C, 0x20, 0x04, 0x28, 0x49, 0x53, 0x44, 0x09,
            0x93, 0xCF, 0x39, 0x8D, 0x34, 0x01, 0xCD, 0x24, 0xFD, 0x74, 0x72, 0x86, 0xA2, 0x38, 0x8A, 0x41,
            0x51, 0x14, 0x45, 0x51, 0x1A, 0x67, 0x10, 0xE1, 0x11, 0xCC, 0x00, 0x08, 0x10, 0x45, 0xC6, 0x00,
            0x12, 0xA7, 0x08, 0x02, 0x9A, 0x8C, 0x01, 0x24, 0xCE, 0x10, 0x04, 0x54, 0x19, 0x21, 0x20, 0xE8,
            0x32, 0x03, 0x41, 0x10, 0x94, 0x0D, 0x23, 0x0C, 0x84, 0x11, 0xB6, 0x8D, 0xB8, 0x39, 0x02, 0xE4,
            0x08, 0x85, 0x67, 0x8E, 0x2F, 0x61, 0x1C, 0x27, 0x08, 0x08, 0x34, 0x04, 0x41, 0x10, 0x04, 0x89,
            0xC3, 0x08, 0x02, 0x31, 0x47, 0x10, 0x18, 0xE4, 0x4B, 0x18, 0xB2, 0x74, 0x82, 0x80, 0x4C, 0x13,
            0x30, 0x84, 0x1A, 0x81, 0x74, 0x48, 0x1D, 0x08, 0x98, 0x23, 0x00, 0x85, 0x41, 0x84, 0x42, 0x18,
            0x44, 0x48, 0x84, 0x41, 0x04, 0x46, 0x98, 0x02, 0x00, 0x00, 0x51, 0x18, 0x00, 0x00, 0x99, 0x00,
            0x00, 0x00, 0x1B, 0xC8, 0x24, 0xF8, 0xFF, 0xFF, 0xFF, 0xFF, 0x01, 0x30, 0x05, 0x40, 0x02, 0x26,
            0xA0, 0x0F, 0x88, 0x70, 0x80, 0x07, 0x78, 0x90, 0x87, 0x77, 0xC0, 0x87, 0x36, 0x30, 0x87, 0x7A,
            0x70, 0x87, 0x71, 0x68, 0x03, 0x73, 0x80, 0x87, 0x36, 0x68, 0x87, 0x70, 0xA0, 0x07, 0x74, 0x00,
            0xE8, 0x41, 0x1E, 0xEA, 0xA1, 0x1C, 0x00, 0xC2, 0x1C, 0xE4, 0x21, 0x1C, 0xDA, 0xA1, 0x1C, 0xDA,
            0x00, 0x1E, 0xDE, 0x21, 0x1D, 0xDC, 0x81, 0x1E, 0xCA, 0x41, 0x1E, 0x80, 0x70, 0x60, 0x07, 0x76,
            0x00, 0x88, 0x76, 0x08, 0x07, 0x7C, 0x68, 0x83, 0x7B, 0x78, 0x07, 0x79, 0x58, 0x87, 0x36, 0x38,
            0x07, 0x79, 0x78, 0x87, 0x7A, 0x80, 0x87, 0x36, 0x98, 0x87, 0x74, 0xD0, 0x87, 0x72, 0x00, 0xEC,
            0x80, 0x0E, 0x00, 0xA2, 0x1D, 0xD2, 0xC1, 0x1D, 0xDA, 0x80, 0x1D, 0xCA, 0xE1, 0x1C, 0xC2, 0x81,
            0x1D, 0xDA, 0xC0, 0x1E, 0xCA, 0x61, 0x1C, 0xE8, 0xE1, 0x1D, 0xE4, 0xA1, 0x0D, 0xEE, 0x21, 0x1D,
            0xC8, 0x81, 0x1E, 0xD0, 0x01, 0x88, 0x03, 0x39, 0xC0, 0x03, 0x60, 0x70, 0x87, 0x77, 0x68, 0x03,
            0x71, 0xA8, 0x87, 0x74, 0x60, 0x07, 0x7A, 0x48, 0x07, 0x77, 0x98, 0x07, 0x80, 0x70, 0x87, 0x77,
            0x68, 0x83, 0x74, 0x70, 0x07, 0x73, 0x98, 0x87, 0x36, 0x30, 0x07, 0x78, 0x68, 0x83, 0x76, 0x08,
            0x07, 0x7A, 0x40, 0x07, 0x80, 0x1E, 0xE4, 0xA1, 0x1E, 0xCA, 0x01, 0x20, 0xDC, 0xE1, 0x1D, 0xDA,
            0xC0, 0x1D, 0xC2, 0xC1, 0x1D, 0xE6, 0xA1, 0x0D, 0xCC, 0x01, 0x1E, 0xDA, 0xA0, 0x1D, 0xC2, 0x81,
            0x1E, 0xD0, 0x01, 0xA0, 0x07, 0x79, 0xA8, 0x87, 0x72, 0x00, 0x08, 0x77, 0x78, 0x87, 0x36, 0x98,
            0x87, 0x74, 0x38, 0x07, 0x77, 0x28, 0x07, 0x72, 0x68, 0x03, 0x7D, 0x28, 0x07, 0x79, 0x78, 0x87,
            0x79, 0x68, 0x03, 0x73, 0x80, 0x87, 0x36, 0x68, 0x87, 0x70, 0xA0, 0x07, 0x74, 0x00, 0xE8, 0x41,
            0x1E, 0xEA, 0xA1, 0x1C, 0x00, 0xC2, 0x1D, 0xDE, 0xA1, 0x0D, 0xE8, 0x41, 0x1E, 0xC2, 0x01, 0x1E,
            0xE0, 0x21, 0x1D, 0xDC, 0xE1, 0x1C, 0xDA, 0xA0, 0x1D, 0xC2, 0x81, 0x1E, 0xD0, 0x01, 0xA0, 0x07,
            0x79, 0xA8, 0x87, 0x72, 0x00, 0x88, 0x79, 0xA0, 0x87, 0x70, 0x18, 0x87, 0x75, 0x68, 0x03, 0x78,
            0x90, 0x87, 0x77, 0xA0, 0x87, 0x72, 0x18, 0x07, 0x7A, 0x78, 0x07, 0x79, 0x68, 0x03, 0x71, 0xA8,
            0x07, 0x73, 0x30, 0x87, 0x72, 0x90, 0x87, 0x36, 0x98, 0x87, 0x74, 0xD0, 0x87, 0x72, 0x00, 0xF0,
            0x00, 0x20, 0xEA, 0xC1, 0x1D, 0xE6, 0x21, 0x1C, 0xCC, 0xA1, 0x1C, 0xDA, 0xC0, 0x1C, 0xE0, 0xA1,
            0x0D, 0xDA, 0x21, 0x1C, 0xE8, 0x01, 0x1D, 0x00, 0x7A, 0x90, 0x87, 0x7A, 0x28, 0x07, 0x80, 0xB8,
            0x87, 0x77, 0x90, 0x87, 0x75, 0x68, 0x83, 0x73, 0x90, 0x87, 0x77, 0xA8, 0x07, 0x78, 0x68, 0x83,
            0x79, 0x48, 0x07, 0x7D, 0x28, 0x07, 0x00, 0x0F, 0xD8, 0x00, 0x0F, 0xD8, 0x20, 0x0E, 0x80, 0x0D,
            0x84, 0x10, 0x00, 0xA4, 0xB0, 0xA1, 0x1B, 0x04, 0x60, 0x01, 0x48, 0x01, 0xA8, 0x86, 0x70, 0x48,
            0x07, 0x79, 0x68, 0x03, 0x71, 0xA8, 0x07, 0x73, 0x30, 0x87, 0x72, 0x90, 0x87, 0x36, 0x70, 0x87,
            0x77, 0x68, 0x83, 0x70, 0x60, 0x87, 0x74, 0x08, 0x87, 0x79, 0x00, 0x36, 0x28, 0xC4, 0xFF, 0xFF,
            0xFF, 0xFF, 0x0F, 0x40, 0x1B, 0x00, 0xA6, 0x00, 0x48, 0x40, 0x1F, 0x6C, 0x20, 0x8A, 0x00, 0x58,
            0x36, 0x38, 0xC6, 0xFF, 0xFF, 0xFF, 0xFF, 0x0F, 0x80, 0x29, 0x00, 0x7E, 0x00, 0xFC, 0x01, 0x20,
            0x01, 0x14, 0xD0, 0x07, 0x1B, 0x9C, 0xE3, 0xFF, 0xFF, 0xFF, 0xFF, 0x07, 0xA0, 0x0D, 0x00, 0x53,
            0x00, 0xFC, 0x00, 0x90, 0x80, 0x0A, 0xE8, 0x83, 0x0D, 0x06, 0x12, 0x00, 0x0B, 0x50, 0x6D, 0x30,
            0x12, 0x01, 0x58, 0x80, 0x6A, 0x83, 0xA3, 0xFC, 0xFF, 0xFF, 0xFF, 0xFF, 0x00, 0xC4, 0x01, 0x60,
            0x0A, 0x80, 0x1F, 0x00, 0x12, 0x50, 0x01, 0x7D, 0xB0, 0x01, 0x59, 0xFE, 0xFF, 0xFF, 0xFF, 0x7F,
            0x00, 0x24, 0x80, 0x02, 0xFA, 0x60, 0x83, 0xC2, 0xFC, 0xFF, 0xFF, 0xFF, 0xFF, 0x00, 0xC4, 0x01,
            0x20, 0x01, 0x15, 0xD0, 0x07, 0x1B, 0x94, 0xE6, 0xFF, 0xFF, 0xFF, 0xFF, 0x07, 0xA0, 0x0D, 0x00,
            0x09, 0xA8, 0x80, 0x3E, 0xD8, 0x80, 0x38, 0xFF, 0xFF, 0xFF, 0xFF, 0x3F, 0x00, 0x6D, 0x00, 0x48,
            0x40, 0x1F, 0x00, 0x00, 0x00, 0x00, 0x49, 0x18, 0x00, 0x00, 0x0A, 0x00, 0x00, 0x00, 0x13, 0x86,
            0x40, 0x18, 0x26, 0x08, 0x44, 0x31, 0x21, 0x30, 0x26, 0x08, 0x07, 0x32, 0x61, 0x38, 0x90, 0x64,
            0x42, 0xA0, 0x4C, 0x08, 0x96, 0x09, 0x01, 0x33, 0x41, 0x68, 0x90, 0x09, 0x43, 0x83, 0x24, 0x13,
            0x04, 0xA7, 0x00, 0x00, 0x00, 0x00, 0x13, 0xB8, 0x70, 0x48, 0x07, 0x79, 0xB0, 0x03, 0x3A, 0xF8,
            0x05, 0x7B, 0x90, 0x03, 0x3C, 0x68, 0x83, 0x70, 0x80, 0x07, 0x78, 0x60, 0x87, 0x72, 0x68, 0x83,
            0x76, 0x08, 0x87, 0x71, 0x78, 0x87, 0x79, 0xC0, 0x07, 0x39, 0xB0, 0x03, 0x37, 0x80, 0x03, 0x37,
            0x80, 0x83, 0x0D, 0xB7, 0x51, 0x0E, 0x6D, 0x00, 0x0F, 0x7A, 0x60, 0x07, 0x74, 0xA0, 0x07, 0x76,
            0x40, 0x07, 0x7A, 0x60, 0x07, 0x74, 0xD0, 0x06, 0xE9, 0x10, 0x07, 0x7A, 0x80, 0x07, 0x7A, 0x80,
            0x07, 0x6D, 0x90, 0x0E, 0x78, 0xA0, 0x07, 0x78, 0xA0, 0x07, 0x78, 0xD0, 0x06, 0xE9, 0x10, 0x07,
            0x76, 0xA0, 0x07, 0x71, 0x60, 0x07, 0x7A, 0x10, 0x07, 0x76, 0xD0, 0x06, 0xE9, 0x30, 0x07, 0x72,
            0xA0, 0x07, 0x73, 0x20, 0x07, 0x7A, 0x30, 0x07, 0x72, 0xD0, 0x06, 0xE9, 0x60, 0x07, 0x74, 0xA0,
            0x07, 0x76, 0x40, 0x07, 0x7A, 0x60, 0x07, 0x74, 0xD0, 0x06, 0xE6, 0x30, 0x07, 0x72, 0xA0, 0x07,
            0x73, 0x20, 0x07, 0x7A, 0x30, 0x07, 0x72, 0xD0, 0x06, 0xE6, 0x60, 0x07, 0x74, 0xA0, 0x07, 0x76,
            0x40, 0x07, 0x7A, 0x60, 0x07, 0x74, 0xD0, 0x06, 0xF6, 0x10, 0x07, 0x76, 0xA0, 0x07, 0x71, 0x60,
            0x07, 0x7A, 0x10, 0x07, 0x76, 0xD0, 0x06, 0xF6, 0x20, 0x07, 0x74, 0xA0, 0x07, 0x73, 0x20, 0x07,
            0x7A, 0x30, 0x07, 0x72, 0xD0, 0x06, 0xF6, 0x30, 0x07, 0x72, 0xA0, 0x07, 0x73, 0x20, 0x07, 0x7A,
            0x30, 0x07, 0x72, 0xD0, 0x06, 0xF6, 0x40, 0x07, 0x78, 0xA0, 0x07, 0x76, 0x40, 0x07, 0x7A, 0x60,
            0x07, 0x74, 0xD0, 0x06, 0xF6, 0x60, 0x07, 0x74, 0xA0, 0x07, 0x76, 0x40, 0x07, 0x7A, 0x60, 0x07,
            0x74, 0xD0, 0x06, 0xF6, 0x90, 0x07, 0x76, 0xA0, 0x07, 0x71, 0x20, 0x07, 0x78, 0xA0, 0x07, 0x71,
            0x20, 0x07, 0x78, 0xD0, 0x06, 0xF6, 0x10, 0x07, 0x72, 0x80, 0x07, 0x7A, 0x10, 0x07, 0x72, 0x80,
            0x07, 0x7A, 0x10, 0x07, 0x72, 0x80, 0x07, 0x6D, 0x60, 0x0F, 0x71, 0x90, 0x07, 0x72, 0xA0, 0x07,
            0x72, 0x50, 0x07, 0x76, 0xA0, 0x07, 0x72, 0x50, 0x07, 0x76, 0xD0, 0x06, 0xF6, 0x20, 0x07, 0x75,
            0x60, 0x07, 0x7A, 0x20, 0x07, 0x75, 0x60, 0x07, 0x7A, 0x20, 0x07, 0x75, 0x60, 0x07, 0x6D, 0x60,
            0x0F, 0x75, 0x10, 0x07, 0x72, 0xA0, 0x07, 0x75, 0x10, 0x07, 0x72, 0xA0, 0x07, 0x75, 0x10, 0x07,
            0x72, 0xD0, 0x06, 0xF6, 0x10, 0x07, 0x70, 0x20, 0x07, 0x74, 0xA0, 0x07, 0x71, 0x00, 0x07, 0x72,
            0x40, 0x07, 0x7A, 0x10, 0x07, 0x70, 0x20, 0x07, 0x74, 0xD0, 0x06, 0xEE, 0x80, 0x07, 0x7A, 0x10,
            0x07, 0x76, 0xA0, 0x07, 0x73, 0x20, 0x07, 0x1A, 0x21, 0x0C, 0x49, 0x98, 0x00, 0xD2, 0x0C, 0xA9,
            0x00, 0x22, 0x02, 0x00, 0x20, 0x00, 0x00, 0x00, 0x10, 0x00, 0x00, 0x00, 0x00, 0x00, 0x20, 0x80,
            0x21, 0x15, 0xA1, 0x4D, 0x40, 0x00, 0x08, 0x00, 0x00, 0x00, 0x02, 0x00, 0x00, 0x00, 0x00, 0x00,
            0x04, 0x30, 0xA4, 0xF2, 0xB8, 0x0A, 0x08, 0x00, 0x01, 0x00, 0x00, 0x40, 0x00, 0x00, 0x00, 0x00,
            0x00, 0x80, 0x00, 0x86, 0x54, 0x7A, 0x70, 0x5D, 0x40, 0x00, 0x0C, 0x00, 0x00, 0x00, 0x02, 0x00,
            0x00, 0x00, 0x00, 0x00, 0x04, 0x30, 0xA4, 0x8A, 0x85, 0x28, 0x03, 0x02, 0x60, 0x00, 0x00, 0x00,
            0x10, 0x00, 0x00, 0x00, 0x00, 0x00, 0x20, 0x80, 0x21, 0x95, 0x38, 0x4C, 0x1C, 0x10, 0x00, 0x03,
            0x00, 0x00, 0x80, 0x00, 0x00, 0x00, 0x00, 0x00, 0x00, 0x01, 0x0C, 0xA9, 0xEA, 0x21, 0x03, 0x03,
            0x20, 0x00, 0x08, 0x00, 0x00, 0x00, 0x01, 0x00, 0x00, 0x00, 0x00, 0x00, 0x02, 0x18, 0x52, 0xB9,
            0x84, 0x24, 0x06, 0x40, 0x00, 0x0C, 0x00, 0x00, 0x00, 0x02, 0x00, 0x00, 0x00, 0x00, 0x00, 0x04,
            0x30, 0xA4, 0x02, 0x8B, 0x28, 0x03, 0x02, 0x60, 0x00, 0x00, 0x00, 0x10, 0x00, 0x00, 0x00, 0x00,
            0x00, 0x20, 0x80, 0x21, 0x55, 0x5C, 0x6C, 0x66, 0x00, 0x04, 0x40, 0x01, 0x00, 0x00, 0x20, 0x00,
            0x00, 0x00, 0x00, 0x00, 0x40, 0x00, 0x43, 0x2A, 0xD6, 0xA0, 0xD0, 0x00, 0x08, 0x00, 0x03, 0x00,
            0x00, 0x40, 0x00, 0x00, 0x00, 0x00, 0x00, 0x80, 0x00, 0x86, 0x54, 0xE0, 0xB1, 0xA9, 0x01, 0x10,
            0x00, 0x03, 0x00, 0x00, 0x80, 0x00, 0x00, 0x00, 0x00, 0x00, 0x00, 0x01, 0x48, 0x6C, 0x10, 0x28,
            0x0A, 0x5C, 0x00, 0x00, 0x90, 0x05, 0x02, 0x00, 0x00, 0x00, 0x13, 0x00, 0x00, 0x00, 0x32, 0x1E,
            0x98, 0x18, 0x19, 0x11, 0x4C, 0x90, 0x8C, 0x09, 0x26, 0x47, 0xC6, 0x04, 0x43, 0x0A, 0x4A, 0xA0,
            0x10, 0xCA, 0xA1, 0x08, 0xCA, 0xA7, 0x00, 0x05, 0x0A, 0xA2, 0x40, 0x46, 0x00, 0x0A, 0xA8, 0xC0,
            0x0A, 0x30, 0xA0, 0x0C, 0x0A, 0x3C, 0xA0, 0x14, 0x0A, 0x54, 0xA0, 0x18, 0x0A, 0x56, 0xA0, 0x80,
            0x05, 0x0A, 0x5A, 0xA0, 0x24, 0x0A, 0x5C, 0xA0, 0x28, 0x0A, 0x5E, 0xA0, 0x2C, 0x0A, 0x70, 0xA0,
            0x30, 0x0A, 0x72, 0xA0, 0x34, 0x0A, 0x74, 0x00, 0x00, 0x00, 0xB1, 0x18, 0x00, 0x00, 0xA5, 0x00,
            0x00, 0x00, 0x33, 0x08, 0x80, 0x1C, 0xC4, 0xE1, 0x1C, 0x66, 0x14, 0x01, 0x3D, 0x88, 0x43, 0x38,
            0x84, 0xC3, 0x8C, 0x42, 0x80, 0x07, 0x79, 0x78, 0x07, 0x73, 0x98, 0x71, 0x0C, 0xE6, 0x00, 0x0F,
            0xED, 0x10, 0x0E, 0xF4, 0x80, 0x0E, 0x33, 0x0C, 0x42, 0x1E, 0xC2, 0xC1, 0x1D, 0xCE, 0xA1, 0x1C,
            0x66, 0x30, 0x05, 0x3D, 0x88, 0x43, 0x38, 0x84, 0x83, 0x1B, 0xCC, 0x03, 0x3D, 0xC8, 0x43, 0x3D,
            0x8C, 0x03, 0x3D, 0xCC, 0x78, 0x8C, 0x74, 0x70, 0x07, 0x7B, 0x08, 0x07, 0x79, 0x48, 0x87, 0x70,
            0x70, 0x07, 0x7A, 0x70, 0x03, 0x76, 0x78, 0x87, 0x70, 0x20, 0x87, 0x19, 0xCC, 0x11, 0x0E, 0xEC,
            0x90, 0x0E, 0xE1, 0x30, 0x0F, 0x6E, 0x30, 0x0F, 0xE3, 0xF0, 0x0E, 0xF0, 0x50, 0x0E, 0x33, 0x10,
            0xC4, 0x1D, 0xDE, 0x21, 0x1C, 0xD8, 0x21, 0x1D, 0xC2, 0x61, 0x1E, 0x66, 0x30, 0x89, 0x3B, 0xBC,
            0x83, 0x3B, 0xD0, 0x43, 0x39, 0xB4, 0x03, 0x3C, 0xBC, 0x83, 0x3C, 0x84, 0x03, 0x3B, 0xCC, 0xF0,
            0x14, 0x76, 0x60, 0x07, 0x7B, 0x68, 0x07, 0x37, 0x68, 0x87, 0x72, 0x68, 0x07, 0x37, 0x80, 0x87,
            0x70, 0x90, 0x87, 0x70, 0x60, 0x07, 0x76, 0x28, 0x07, 0x76, 0xF8, 0x05, 0x76, 0x78, 0x87, 0x77,
            0x80, 0x87, 0x5F, 0x08, 0x87, 0x71, 0x18, 0x87, 0x72, 0x98, 0x87, 0x79, 0x98, 0x81, 0x2C, 0xEE,
            0xF0, 0x0E, 0xEE, 0xE0, 0x0E, 0xF5, 0xC0, 0x0E, 0xEC, 0x30, 0x03, 0x62, 0xC8, 0xA1, 0x1C, 0xE4,
            0xA1, 0x1C, 0xCC, 0xA1, 0x1C, 0xE4, 0xA1, 0x1C, 0xDC, 0x61, 0x1C, 0xCA, 0x21, 0x1C, 0xC4, 0x81,
            0x1D, 0xCA, 0x61, 0x06, 0xD6, 0x90, 0x43, 0x39, 0xC8, 0x43, 0x39, 0x98, 0x43, 0x39, 0xC8, 0x43,
            0x39, 0xB8, 0xC3, 0x38, 0x94, 0x43, 0x38, 0x88, 0x03, 0x3B, 0x94, 0xC3, 0x2F, 0xBC, 0x83, 0x3C,
            0xFC, 0x82, 0x3B, 0xD4, 0x03, 0x3B, 0xB0, 0xC3, 0x0C, 0xC7, 0x69, 0x87, 0x70, 0x58, 0x87, 0x72,
            0x70, 0x83, 0x74, 0x68, 0x07, 0x78, 0x60, 0x87, 0x74, 0x18, 0x87, 0x74, 0xA0, 0x87, 0x19, 0xCE,
            0x53, 0x0F, 0xEE, 0x00, 0x0F, 0xF2, 0x50, 0x0E, 0xE4, 0x90, 0x0E, 0xE3, 0x40, 0x0F, 0xE1, 0x20,
            0x0E, 0xEC, 0x50, 0x0E, 0x33, 0x20, 0x28, 0x1D, 0xDC, 0xC1, 0x1E, 0xC2, 0x41, 0x1E, 0xD2, 0x21,
            0x1C, 0xDC, 0x81, 0x1E, 0xDC, 0xE0, 0x1C, 0xE4, 0xE1, 0x1D, 0xEA, 0x01, 0x1E, 0x66, 0x18, 0x51,
            0x38, 0xB0, 0x43, 0x3A, 0x9C, 0x83, 0x3B, 0xCC, 0x50, 0x24, 0x76, 0x60, 0x07, 0x7B, 0x68, 0x07,
            0x37, 0x60, 0x87, 0x77, 0x78, 0x07, 0x78, 0x98, 0x51, 0x4C, 0xF4, 0x90, 0x0F, 0xF0, 0x50, 0x0E,
            0x33, 0x1E, 0x6A, 0x1E, 0xCA, 0x61, 0x1C, 0xE8, 0x21, 0x1D, 0xDE, 0xC1, 0x1D, 0x7E, 0x01, 0x1E,
            0xE4, 0xA1, 0x1C, 0xCC, 0x21, 0x1D, 0xF0, 0x61, 0x06, 0x54, 0x85, 0x83, 0x38, 0xCC, 0xC3, 0x3B,
            0xB0, 0x43, 0x3D, 0xD0, 0x43, 0x39, 0xFC, 0xC2, 0x3C, 0xE4, 0x43, 0x3B, 0x88, 0xC3, 0x3B, 0xB0,
            0xC3, 0x8C, 0xC5, 0x0A, 0x87, 0x79, 0x98, 0x87, 0x77, 0x18, 0x87, 0x74, 0x08, 0x07, 0x7A, 0x28,
            0x07, 0x72, 0x98, 0x81, 0x5C, 0xE3, 0x10, 0x0E, 0xEC, 0xC0, 0x0E, 0xE5, 0x50, 0x0E, 0xF3, 0x30,
            0x23, 0xC1, 0xD2, 0x41, 0x1E, 0xE4, 0xE1, 0x17, 0xD8, 0xE1, 0x1D, 0xDE, 0x01, 0x1E, 0x66, 0x48,
            0x19, 0x3B, 0xB0, 0x83, 0x3D, 0xB4, 0x83, 0x1B, 0x84, 0xC3, 0x38, 0x8C, 0x43, 0x39, 0xCC, 0xC3,
            0x3C, 0xB8, 0xC1, 0x39, 0xC8, 0xC3, 0x3B, 0xD4, 0x03, 0x3C, 0xCC, 0x48, 0xB4, 0x71, 0x08, 0x07,
            0x76, 0x60, 0x07, 0x71, 0x08, 0x87, 0x71, 0x58, 0x87, 0x19, 0xDB, 0xC6, 0x0E, 0xEC, 0x60, 0x0F,
            0xED, 0xE0, 0x06, 0xF0, 0x20, 0x0F, 0xE5, 0x30, 0x0F, 0xE5, 0x20, 0x0F, 0xF6, 0x50, 0x0E, 0x6E,
            0x10, 0x0E, 0xE3, 0x30, 0x0E, 0xE5, 0x30, 0x0F, 0xF3, 0xE0, 0x06, 0xE9, 0xE0, 0x0E, 0xE4, 0x50,
            0x0E, 0xF8, 0x30, 0x23, 0xE2, 0xEC, 0x61, 0x1C, 0xC2, 0x81, 0x1D, 0xD8, 0xE1, 0x17, 0xEC, 0x21,
            0x1D, 0xE6, 0x21, 0x1D, 0xC4, 0x21, 0x1D, 0xD8, 0x21, 0x1D, 0xE8, 0x21, 0x1F, 0x66, 0x20, 0x9D,
            0x3B, 0xBC, 0x43, 0x3D, 0xB8, 0x03, 0x39, 0x94, 0x83, 0x39, 0xCC, 0x58, 0xBC, 0x70, 0x70, 0x07,
            0x77, 0x78, 0x07, 0x7A, 0x08, 0x07, 0x7A, 0x48, 0x87, 0x77, 0x70, 0x87, 0x19, 0xCE, 0x87, 0x0E,
            0xE5, 0x10, 0x0E, 0xF0, 0x10, 0x0E, 0xEC, 0xC0, 0x0E, 0xEF, 0x30, 0x0E, 0xF3, 0x90, 0x0E, 0xF4,
            0x50, 0x0E, 0x33, 0x28, 0x30, 0x08, 0x87, 0x74, 0x90, 0x07, 0x37, 0x30, 0x87, 0x7A, 0x70, 0x87,
            0x71, 0xA0, 0x87, 0x74, 0x78, 0x07, 0x77, 0xF8, 0x85, 0x73, 0x90, 0x87, 0x77, 0xA8, 0x07, 0x78,
            0x98, 0x07, 0x00, 0x00, 0x00, 0x00, 0x79, 0x20, 0x00, 0x00, 0xC0, 0x01, 0x00, 0x00, 0x72, 0x1E,
            0x48, 0x20, 0x43, 0x88, 0x0C, 0x19, 0x09, 0x72, 0x32, 0x48, 0x20, 0x23, 0x81, 0x8C, 0x91, 0x91,
            0xD1, 0x44, 0xA0, 0x10, 0x28, 0x64, 0x3C, 0x31, 0x32, 0x42, 0x8E, 0x90, 0x21, 0xA3, 0x88, 0x07,
            0x6C, 0xA0, 0x7A, 0x00, 0x00, 0x00, 0x4A, 0x63, 0x61, 0x1B, 0xB4, 0x41, 0x71, 0x50, 0x6C, 0x1C,
            0x19, 0x6C, 0x51, 0xC1, 0x48, 0x93, 0x84, 0x44, 0x54, 0x31, 0x55, 0x95, 0x41, 0x3D, 0x08, 0x84,
            0x45, 0xD8, 0xB1, 0x28, 0xCD, 0xF1, 0x6C, 0x87, 0xC3, 0x21, 0x47, 0xB2, 0x14, 0x45, 0x74, 0x2D,
            0xCB, 0x05, 0x77, 0x63, 0x68, 0x61, 0x72, 0x5F, 0x73, 0x69, 0x7A, 0x65, 0x66, 0x72, 0x61, 0x6D,
            0x65, 0x2D, 0x70, 0x6F, 0x69, 0x6E, 0x74, 0x65, 0x72, 0x61, 0x69, 0x72, 0x2E, 0x6D, 0x61, 0x78,
            0x5F, 0x64, 0x65, 0x76, 0x69, 0x63, 0x65, 0x5F, 0x62, 0x75, 0x66, 0x66, 0x65, 0x72, 0x73, 0x61,
            0x69, 0x72, 0x2E, 0x6D, 0x61, 0x78, 0x5F, 0x63, 0x6F, 0x6E, 0x73, 0x74, 0x61, 0x6E, 0x74, 0x5F,
            0x62, 0x75, 0x66, 0x66, 0x65, 0x72, 0x73, 0x61, 0x69, 0x72, 0x2E, 0x6D, 0x61, 0x78, 0x5F, 0x74,
            0x68, 0x72, 0x65, 0x61, 0x64, 0x67, 0x72, 0x6F, 0x75, 0x70, 0x5F, 0x62, 0x75, 0x66, 0x66, 0x65,
            0x72, 0x73, 0x61, 0x69, 0x72, 0x2E, 0x6D, 0x61, 0x78, 0x5F, 0x74, 0x65, 0x78, 0x74, 0x75, 0x72,
            0x65, 0x73, 0x61, 0x69, 0x72, 0x2E, 0x6D, 0x61, 0x78, 0x5F, 0x72, 0x65, 0x61, 0x64, 0x5F, 0x77,
            0x72, 0x69, 0x74, 0x65, 0x5F, 0x74, 0x65, 0x78, 0x74, 0x75, 0x72, 0x65, 0x73, 0x61, 0x69, 0x72,
            0x2E, 0x6D, 0x61, 0x78, 0x5F, 0x73, 0x61, 0x6D, 0x70, 0x6C, 0x65, 0x72, 0x73, 0x41, 0x70, 0x70,
            0x6C, 0x65, 0x20, 0x6D, 0x65, 0x74, 0x61, 0x6C, 0x20, 0x76, 0x65, 0x72, 0x73, 0x69, 0x6F, 0x6E,
            0x20, 0x33, 0x32, 0x30, 0x32, 0x33, 0x2E, 0x38, 0x38, 0x33, 0x20, 0x28, 0x6D, 0x65, 0x74, 0x61,
            0x6C, 0x66, 0x65, 0x2D, 0x33, 0x32, 0x30, 0x32, 0x33, 0x2E, 0x38, 0x38, 0x33, 0x29, 0x4D, 0x65,
            0x74, 0x61, 0x6C, 0x61, 0x69, 0x72, 0x2E, 0x63, 0x6F, 0x6D, 0x70, 0x69, 0x6C, 0x65, 0x2E, 0x64,
            0x65, 0x6E, 0x6F, 0x72, 0x6D, 0x73, 0x5F, 0x64, 0x69, 0x73, 0x61, 0x62, 0x6C, 0x65, 0x61, 0x69,
            0x72, 0x2E, 0x63, 0x6F, 0x6D, 0x70, 0x69, 0x6C, 0x65, 0x2E, 0x66, 0x61, 0x73, 0x74, 0x5F, 0x6D,
            0x61, 0x74, 0x68, 0x5F, 0x65, 0x6E, 0x61, 0x62, 0x6C, 0x65, 0x61, 0x69, 0x72, 0x2E, 0x63, 0x6F,
            0x6D, 0x70, 0x69, 0x6C, 0x65, 0x2E, 0x66, 0x72, 0x61, 0x6D, 0x65, 0x62, 0x75, 0x66, 0x66, 0x65,
            0x72, 0x5F, 0x66, 0x65, 0x74, 0x63, 0x68, 0x5F, 0x65, 0x6E, 0x61, 0x62, 0x6C, 0x65, 0x61, 0x69,
            0x72, 0x2E, 0x74, 0x68, 0x72, 0x65, 0x61, 0x64, 0x5F, 0x70, 0x6F, 0x73, 0x69, 0x74, 0x69, 0x6F,
            0x6E, 0x5F, 0x69, 0x6E, 0x5F, 0x67, 0x72, 0x69, 0x64, 0x61, 0x69, 0x72, 0x2E, 0x61, 0x72, 0x67,
            0x5F, 0x74, 0x79, 0x70, 0x65, 0x5F, 0x6E, 0x61, 0x6D, 0x65, 0x75, 0x69, 0x6E, 0x74, 0x33, 0x61,
            0x69, 0x72, 0x2E, 0x61, 0x72, 0x67, 0x5F, 0x6E, 0x61, 0x6D, 0x65, 0x64, 0x69, 0x73, 0x70, 0x61,
            0x74, 0x63, 0x68, 0x54, 0x68, 0x72, 0x65, 0x61, 0x64, 0x49, 0x64, 0x5F, 0x30, 0x61, 0x69, 0x72,
            0x2E, 0x69, 0x6E, 0x64, 0x69, 0x72, 0x65, 0x63, 0x74, 0x5F, 0x62, 0x75, 0x66, 0x66, 0x65, 0x72,
            0x61, 0x69, 0x72, 0x2E, 0x6C, 0x6F, 0x63, 0x61, 0x74, 0x69, 0x6F, 0x6E, 0x5F, 0x69, 0x6E, 0x64,
            0x65, 0x78, 0x61, 0x69, 0x72, 0x2E, 0x72, 0x65, 0x61, 0x64, 0x61, 0x69, 0x72, 0x2E, 0x61, 0x64,
            0x64, 0x72, 0x65, 0x73, 0x73, 0x5F, 0x73, 0x70, 0x61, 0x63, 0x65, 0x61, 0x69, 0x72, 0x2E, 0x73,
            0x74, 0x72, 0x75, 0x63, 0x74, 0x5F, 0x74, 0x79, 0x70, 0x65, 0x5F, 0x69, 0x6E, 0x66, 0x6F, 0x75,
            0x69, 0x6E, 0x74, 0x34, 0x52, 0x65, 0x6E, 0x64, 0x65, 0x72, 0x44, 0x69, 0x73, 0x70, 0x6C, 0x61,
            0x79, 0x53, 0x69, 0x7A, 0x65, 0x5F, 0x30, 0x61, 0x69, 0x72, 0x2E, 0x69, 0x6E, 0x64, 0x69, 0x72,
            0x65, 0x63, 0x74, 0x5F, 0x61, 0x72, 0x67, 0x75, 0x6D, 0x65, 0x6E, 0x74, 0x61, 0x69, 0x72, 0x2E,
            0x69, 0x6E, 0x64, 0x69, 0x72, 0x65, 0x63, 0x74, 0x5F, 0x63, 0x6F, 0x6E, 0x73, 0x74, 0x61, 0x6E,
            0x74, 0x66, 0x6C, 0x6F, 0x61, 0x74, 0x34, 0x56, 0x69, 0x65, 0x77, 0x70, 0x6F, 0x72, 0x74, 0x44,
            0x69, 0x73, 0x70, 0x6C, 0x61, 0x79, 0x52, 0x63, 0x70, 0x5F, 0x30, 0x4A, 0x69, 0x74, 0x74, 0x65,
            0x72, 0x50, 0x61, 0x64, 0x64, 0x69, 0x6E, 0x67, 0x5F, 0x30, 0x66, 0x6C, 0x6F, 0x61, 0x74, 0x34,
            0x78, 0x34, 0x43, 0x6C, 0x69, 0x70, 0x54, 0x6F, 0x50, 0x72, 0x65, 0x76, 0x43, 0x6C, 0x69, 0x70,
            0x5F, 0x30, 0x45, 0x78, 0x70, 0x6F, 0x73, 0x75, 0x72, 0x65, 0x46, 0x6F, 0x76, 0x4E, 0x65, 0x61,
            0x72, 0x4D, 0x69, 0x6E, 0x4C, 0x65, 0x72, 0x70, 0x5F, 0x30, 0x53, 0x61, 0x6D, 0x65, 0x43, 0x61,
            0x6D, 0x65, 0x72, 0x61, 0x52, 0x65, 0x73, 0x65, 0x74, 0x5F, 0x30, 0x74, 0x65, 0x78, 0x74, 0x75,
            0x72, 0x65, 0x32, 0x64, 0x3C, 0x66, 0x6C, 0x6F, 0x61, 0x74, 0x2C, 0x20, 0x73, 0x61, 0x6D, 0x70,
            0x6C, 0x65, 0x3E, 0x49, 0x6E, 0x70, 0x75, 0x74, 0x5F, 0x30, 0x61, 0x69, 0x72, 0x2E, 0x74, 0x65,
            0x78, 0x74, 0x75, 0x72, 0x65, 0x61, 0x69, 0x72, 0x2E, 0x73, 0x61, 0x6D, 0x70, 0x6C, 0x65, 0x4F,
            0x70, 0x61, 0x71, 0x75, 0x65, 0x49, 0x6E, 0x70, 0x75, 0x74, 0x5F, 0x30, 0x44, 0x65, 0x70, 0x74,
            0x68, 0x5F, 0x30, 0x4D, 0x6F, 0x74, 0x69, 0x6F, 0x6E, 0x56, 0x65, 0x63, 0x74, 0x6F, 0x72, 0x73,
            0x5F, 0x30, 0x74, 0x65, 0x78, 0x74, 0x75, 0x72, 0x65, 0x32, 0x64, 0x3C, 0x75, 0x69, 0x6E, 0x74,
            0x2C, 0x20, 0x72, 0x65, 0x61, 0x64, 0x5F, 0x77, 0x72, 0x69, 0x74, 0x65, 0x3E, 0x59, 0x43, 0x6F,
            0x43, 0x67, 0x5F, 0x30, 0x61, 0x69, 0x72, 0x2E, 0x72, 0x65, 0x61, 0x64, 0x5F, 0x77, 0x72, 0x69,
            0x74, 0x65, 0x74, 0x65, 0x78, 0x74, 0x75, 0x72, 0x65, 0x32, 0x64, 0x3C, 0x66, 0x6C, 0x6F, 0x61,
            0x74, 0x2C, 0x20, 0x72, 0x65, 0x61, 0x64, 0x5F, 0x77, 0x72, 0x69, 0x74, 0x65, 0x3E, 0x4D, 0x6F,
            0x74, 0x69, 0x6F, 0x6E, 0x5F, 0x30, 0x73, 0x61, 0x6D, 0x70, 0x6C, 0x65, 0x72, 0x53, 0x61, 0x6D,
            0x70, 0x6C, 0x65, 0x72, 0x5F, 0x30, 0x61, 0x69, 0x72, 0x2E, 0x73, 0x61, 0x6D, 0x70, 0x6C, 0x65,
            0x72, 0x75, 0x69, 0x6E, 0x74, 0x32, 0x50, 0x61, 0x64, 0x5F, 0x30, 0x61, 0x69, 0x72, 0x2E, 0x61,
            0x72, 0x67, 0x5F, 0x74, 0x79, 0x70, 0x65, 0x5F, 0x73, 0x69, 0x7A, 0x65, 0x61, 0x69, 0x72, 0x2E,
            0x61, 0x72, 0x67, 0x5F, 0x74, 0x79, 0x70, 0x65, 0x5F, 0x61, 0x6C, 0x69, 0x67, 0x6E, 0x5F, 0x73,
            0x69, 0x7A, 0x65, 0x43, 0x6F, 0x6E, 0x73, 0x74, 0x61, 0x6E, 0x74, 0x73, 0x5F, 0x30, 0x63, 0x6F,
            0x6E, 0x73, 0x74, 0x61, 0x6E, 0x74, 0x73, 0x5F, 0x31, 0x61, 0x69, 0x72, 0x2E, 0x6D, 0x61, 0x78,
            0x5F, 0x77, 0x6F, 0x72, 0x6B, 0x5F, 0x67, 0x72, 0x6F, 0x75, 0x70, 0x5F, 0x73, 0x69, 0x7A, 0x65,
            0x00, 0x00, 0x66, 0x14, 0x01, 0x00, 0x00, 0x00, 0x00, 0x00, 0x30, 0x82, 0x10, 0x30, 0x23, 0x08,
            0x41, 0x33, 0x82, 0x10, 0x38, 0x23, 0x08, 0xC1, 0x33, 0x82, 0x10, 0x40, 0x23, 0x08, 0x41, 0x34,
            0x82, 0x10, 0x48, 0x23, 0x08, 0xC1, 0x34, 0x82, 0x10, 0x50, 0x23, 0x08, 0x12, 0x30, 0x82, 0x10,
            0x54, 0x23, 0x08, 0x81, 0x35, 0x82, 0x10, 0x5C, 0x23, 0x08, 0x01, 0x36, 0x82, 0x10, 0x64, 0x23,
            0x08, 0x81, 0x36, 0x82, 0x10, 0x6C, 0x23, 0x08, 0x01, 0x37, 0x82, 0x10, 0x74, 0x23, 0x08, 0x81,
            0x37, 0x82, 0x10, 0x7C, 0x23, 0x08, 0x01, 0x18, 0x8C, 0x20, 0x04, 0x61, 0x30, 0x82, 0x10, 0x88,
            0xC1, 0x08, 0x42, 0x30, 0x06, 0x23, 0x08, 0x01, 0x19, 0x8C, 0x20, 0x04, 0x65, 0x30, 0x82, 0x10,
            0x98, 0xC1, 0x08, 0x42, 0x70, 0x06, 0x23, 0x08, 0x01, 0x1A, 0x8C, 0x20, 0x04, 0x69, 0x30, 0xC3,
            0x90, 0x07, 0x81, 0x1E, 0xCC, 0x30, 0xEC, 0x81, 0xC0, 0x07, 0x33, 0x0C, 0x7B, 0x30, 0xF4, 0xC1,
            0x0C, 0xC3, 0x1E, 0x10, 0x7D, 0x30, 0xC3, 0xB0, 0x07, 0x45, 0x1F, 0xCC, 0x30, 0xEC, 0x81, 0xE1,
            0x07, 0x33, 0x0C, 0x7B, 0x70, 0xFC, 0xC1, 0x0C, 0xC3, 0x1E, 0x20, 0xA0, 0x30, 0x43, 0x90, 0xCC,
            0x30, 0xF0, 0xC1, 0x1F, 0x84, 0xC2, 0x0C, 0x84, 0xA2, 0x07, 0xA1, 0x10, 0x0A, 0x33, 0x04, 0xCB,
            0x0C, 0x01, 0x33, 0x43, 0xD0, 0xCC, 0x00, 0xCC, 0x60, 0x84, 0x82, 0xF3, 0x40, 0x91, 0x34, 0x43,
            0x12, 0x0A, 0x1B, 0x15, 0x0A, 0x79, 0xF0, 0x60, 0x51, 0x36, 0x43, 0x92, 0x07, 0x1B, 0x95, 0x07,
            0x79, 0xF0, 0x70, 0x51, 0x37, 0x43, 0xC2, 0x07, 0x1B, 0xC5, 0x07, 0x79, 0xF0, 0x70, 0x91, 0x37,
            0x43, 0x62, 0x0A, 0x1B, 0x65, 0x0A, 0x79, 0xF0, 0x7C, 0x11, 0x18, 0xCC, 0x90, 0xE8, 0xC1, 0x46,
            0xE9, 0x41, 0x1E, 0x3C, 0x5C, 0x14, 0x06, 0x33, 0x24, 0xA8, 0xB0, 0x51, 0xA8, 0x90, 0x07, 0x0F,
            0x16, 0x89, 0xC1, 0x0C, 0x8A, 0x2A, 0x94, 0x01, 0xA5, 0x0A, 0x79, 0x60, 0x06, 0xCF, 0x18, 0x44,
            0x64, 0x30, 0x83, 0xB2, 0x07, 0x65, 0x40, 0xED, 0x41, 0x1E, 0x98, 0xC1, 0x33, 0x06, 0xD1, 0x19,
            0xCC, 0xA0, 0xFC, 0x41, 0x19, 0x50, 0x7F, 0x90, 0x07, 0x66, 0xF0, 0x8C, 0x41, 0x84, 0x06, 0x33,
            0x28, 0xAE, 0x50, 0x06, 0x94, 0x2B, 0xE4, 0x81, 0x19, 0x3C, 0x63, 0x10, 0xA5, 0xC1, 0x0C, 0x0A,
            0x2C, 0x94, 0x01, 0x05, 0x0B, 0x79, 0xC0, 0x06, 0x8F, 0x1A, 0x44, 0x6B, 0x30, 0x83, 0x22, 0x0B,
            0x65, 0x40, 0xC9, 0x42, 0x1E, 0xB0, 0xC1, 0xD3, 0x06, 0x91, 0x1B, 0xCC, 0x90, 0xD0, 0x42, 0x1C,
            0x50, 0xB4, 0x90, 0x07, 0xCF, 0x1B, 0x44, 0x70, 0x30, 0x43, 0x62, 0x0B, 0x1B, 0x65, 0x0B, 0x79,
            0xF0, 0xC8, 0x41, 0x34, 0x07, 0x33, 0x88, 0x43, 0x28, 0x80, 0x42, 0x28, 0x60, 0x99, 0x86, 0x0E,
            0xA0, 0x00, 0x0A, 0xA1, 0xC0, 0x75, 0x5A, 0x3A, 0x8C, 0x02, 0x28, 0x84, 0x02, 0xE7, 0x69, 0xEA,
            0x40, 0x0A, 0xA5, 0x10, 0x0A, 0x1F, 0x18, 0x68, 0xEB, 0x70, 0x0A, 0xA0, 0x10, 0x0A, 0x5C, 0x18,
            0x68, 0xEC, 0xE0, 0x07, 0xA0, 0x10, 0x0A, 0x98, 0x18, 0x68, 0xED, 0x90, 0x0A, 0x7F, 0x10, 0x0A,
            0x63, 0x40, 0x06, 0x9A, 0x3B, 0xAC, 0xC2, 0x1F, 0x84, 0xC2, 0x18, 0x9C, 0x81, 0xF6, 0x0E, 0xAC,
            0xF0, 0x07, 0xA1, 0x30, 0x06, 0x68, 0xA0, 0xC1, 0x43, 0x2B, 0xFC, 0x41, 0x28, 0x8C, 0x41, 0x1A,
            0x68, 0xF1, 0xF0, 0x0A, 0x7F, 0x10, 0x0A, 0x6A, 0xB0, 0x06, 0x9A, 0x3C, 0xC4, 0xC2, 0x1F, 0x84,
            0x42, 0x1B, 0xB8, 0x81, 0x36, 0x0F, 0xB3, 0xF0, 0x07, 0xA1, 0xF0, 0x06, 0x70, 0xA0, 0xD1, 0x43,
            0x2D, 0xFC, 0x41, 0x28, 0xC8, 0xC1, 0x1C, 0x68, 0xF5, 0x30, 0x83, 0x94, 0x07, 0x13, 0x15, 0x0A,
            0x79, 0x50, 0x59, 0x7C, 0x70, 0xD9, 0x03, 0x1D, 0xDC, 0x42, 0x1D, 0x80, 0xC2, 0x63, 0x07, 0xD1,
            0x1D, 0xCC, 0x20, 0x9C, 0xC3, 0x3D, 0xCC, 0x20, 0xE0, 0x41, 0x29, 0xCC, 0x40, 0x88, 0x82, 0x39,
            0xE0, 0x43, 0x3E, 0x9C, 0x28, 0x00, 0x1C, 0xC7, 0x71, 0x1C, 0xC7, 0x71, 0x1C, 0xC7, 0x71, 0x1C,
            0xC7, 0x71, 0x1C, 0xC7, 0x71, 0x9C, 0x18, 0x88, 0x81, 0x18, 0x88, 0x81, 0x18, 0x88, 0x81, 0x18,
            0x88, 0x81, 0x18, 0x88, 0x81, 0x1B, 0xB8, 0x81, 0x1B, 0xB8, 0x81, 0x1B, 0xB8, 0x81, 0x1B, 0xB8,
            0x81, 0x45, 0x07, 0x7A, 0x60, 0x59, 0x16, 0xA4, 0x07, 0xB8, 0x80, 0x0B, 0xB8, 0xE0, 0x0B, 0xBE,
            0xE0, 0x0B, 0xF6, 0x60, 0x0F, 0xF6, 0x60, 0x0F, 0xF6, 0x60, 0x0F, 0xEA, 0x40, 0x0E, 0x64, 0x18,
            0xF8, 0x05, 0x1A, 0xA0, 0x81, 0x8C, 0x04, 0x26, 0x28, 0x23, 0x36, 0x36, 0xBB, 0x36, 0x97, 0xB6,
            0x37, 0xB2, 0x3A, 0xB6, 0x32, 0x17, 0x33, 0xB6, 0xB0, 0xB3, 0xB9, 0x51, 0x90, 0x5B, 0xC0, 0x85,
            0x5C, 0xD0, 0x85, 0x5D, 0xE0, 0x85, 0x5E, 0xF0, 0x85, 0x54, 0xD8, 0xD8, 0xEC, 0xDA, 0x5C, 0xD2,
            0xC8, 0xCA, 0xDC, 0xE8, 0x46, 0x09, 0x7E, 0x21, 0x97, 0xB0, 0x34, 0x39, 0x17, 0xBB, 0x32, 0xB9,
            0xB9, 0xB4, 0x37, 0xB7, 0x51, 0x02, 0x70, 0x48, 0x2A, 0x2C, 0x4D, 0xCE, 0x85, 0x2D, 0xCC, 0xED,
            0xAC, 0x2E, 0xEC, 0xAC, 0xEC, 0xCB, 0xAE, 0x4C, 0x6E, 0x2E, 0xED, 0xCD, 0x6D, 0x94, 0x20, 0x1C,
            0x72, 0x0A, 0x4B, 0x93, 0x73, 0x19, 0x7B, 0x6B, 0x83, 0x4B, 0x63, 0x2B, 0xFB, 0x7A, 0x83, 0xA3,
            0x4B, 0x7B, 0x73, 0x9B, 0x1B, 0x65, 0x10, 0x87, 0x71, 0x20, 0x87, 0x54, 0xC2, 0xD2, 0xE4, 0x5C,
            0xD6, 0xCA, 0xE4, 0xDC, 0xCA, 0xD8, 0x46, 0x09, 0xF2, 0x01, 0x00, 0x00, 0x00, 0x00, 0xA9, 0x18,
            0x00, 0x00, 0x25, 0x00, 0x00, 0x00, 0x0B, 0x0A, 0x72, 0x28, 0x87, 0x77, 0x80, 0x07, 0x7A, 0x58,
            0x70, 0x98, 0x43, 0x3D, 0xB8, 0xC3, 0x38, 0xB0, 0x43, 0x39, 0xD0, 0xC3, 0x82, 0xE6, 0x1C, 0xC6,
            0xA1, 0x0D, 0xE8, 0x41, 0x1E, 0xC2, 0xC1, 0x1D, 0xE6, 0x21, 0x1D, 0xE8, 0x21, 0x1D, 0xDE, 0xC1,
            0x1D, 0x16, 0x34, 0xE3, 0x60, 0x0E, 0xE7, 0x50, 0x0F, 0xE1, 0x20, 0x0F, 0xE4, 0x40, 0x0F, 0xE1,
            0x20, 0x0F, 0xE7, 0x50, 0x0E, 0xF4, 0xB0, 0x80, 0x81, 0x07, 0x79, 0x28, 0x87, 0x70, 0x60, 0x07,
            0x76, 0x78, 0x87, 0x71, 0x08, 0x07, 0x7A, 0x28, 0x07, 0x72, 0x58, 0x70, 0x9C, 0xC3, 0x38, 0xB4,
            0x01, 0x3B, 0xA4, 0x83, 0x3D, 0x94, 0xC3, 0x02, 0x6B, 0x1C, 0xD8, 0x21, 0x1C, 0xDC, 0xE1, 0x1C,
            0xDC, 0x20, 0x1C, 0xE4, 0x61, 0x1C, 0xDC, 0x20, 0x1C, 0xE8, 0x81, 0x1E, 0xC2, 0x61, 0x1C, 0xD0,
            0xA1, 0x1C, 0xC8, 0x61, 0x1C, 0xC2, 0x81, 0x1D, 0xD8, 0x61, 0xC1, 0x01, 0x0F, 0xF4, 0x20, 0x0F,
            0xE1, 0x50, 0x0F, 0xF4, 0x80, 0x0E, 0x00, 0x00, 0x00, 0x00, 0xD1, 0x10, 0x00, 0x00, 0x06, 0x00,
            0x00, 0x00, 0x07, 0xCC, 0x3C, 0xA4, 0x83, 0x3B, 0x9C, 0x03, 0x3B, 0x94, 0x03, 0x3D, 0xA0, 0x83,
            0x3C, 0x94, 0x43, 0x38, 0x90, 0xC3, 0x01, 0x00, 0x00, 0x00, 0x61, 0x20, 0x00, 0x00, 0x5B, 0x01,
            0x00, 0x00, 0x13, 0x04, 0x44, 0x2C, 0x10, 0x00, 0x00, 0x00, 0x30, 0x00, 0x00, 0x00, 0x14, 0xCC,
            0x00, 0x94, 0xCA, 0x68, 0x00, 0x09, 0x63, 0x0D, 0x40, 0x20, 0x8C, 0x00, 0x8C, 0x06, 0xD0, 0x30,
            0x07, 0x41, 0x51, 0x6C, 0x40, 0xCD, 0x41, 0xB8, 0x01, 0x45, 0x51, 0x73, 0x10, 0x14, 0xC3, 0x06,
            0x6C, 0x40, 0xCE, 0x08, 0xC0, 0x58, 0x02, 0x10, 0x8C, 0x25, 0x04, 0xC1, 0x58, 0xC2, 0x30, 0x50,
            0x59, 0x03, 0xD4, 0x8E, 0x00, 0x94, 0x40, 0x11, 0x94, 0x01, 0x11, 0x23, 0x00, 0x63, 0x04, 0x20,
            0x08, 0x82, 0x20, 0x18, 0x8C, 0x11, 0x80, 0x20, 0x08, 0xE2, 0xDF, 0x68, 0xC0, 0x18, 0x01, 0x08,
            0x82, 0x20, 0xFC, 0x8D, 0x11, 0x80, 0x20, 0x08, 0xE2, 0xBF, 0x30, 0x46, 0x00, 0x82, 0x20, 0x88,
            0x7E, 0x63, 0x04, 0x20, 0x08, 0xFA, 0x7A, 0x18, 0x8C, 0x11, 0x80, 0x20, 0xFF, 0xFF, 0x61, 0x30,
            0x46, 0x00, 0x82, 0xFC, 0xFF, 0x8A, 0xC1, 0x18, 0x01, 0x08, 0xE2, 0xFF, 0x29, 0x06, 0x54, 0x8C,
            0x06, 0xCC, 0x00, 0xD0, 0x36, 0x1A, 0x40, 0xE4, 0x1C, 0x42, 0x28, 0xF8, 0xC1, 0x1C, 0x82, 0x1F,
            0x84, 0xC2, 0x58, 0xC2, 0xDA, 0xC2, 0x20, 0x0A, 0x06, 0x6B, 0x0B, 0x83, 0x28, 0x18, 0x8C, 0x25,
            0xAC, 0x29, 0x0C, 0x82, 0xE0, 0xB0, 0xA6, 0x30, 0x08, 0x82, 0xC3, 0x58, 0x02, 0x08, 0x82, 0x20,
            0xFC, 0x81, 0x20, 0x08, 0xC2, 0xDF, 0x0C, 0xC0, 0x68, 0x00, 0x00, 0x00, 0x00, 0x00, 0xF1, 0x30,
            0x00, 0x00, 0x13, 0x00, 0x00, 0x00, 0x22, 0x47, 0xC8, 0x90, 0x51, 0x0A, 0x04, 0x1C, 0x00, 0x00,
            0x00, 0x00, 0x96, 0x05, 0x00, 0x00, 0x61, 0x69, 0x72, 0x2D, 0x61, 0x6C, 0x69, 0x61, 0x73, 0x2D,
            0x73, 0x63, 0x6F, 0x70, 0x65, 0x73, 0x28, 0x4D, 0x61, 0x69, 0x6E, 0x29, 0x61, 0x69, 0x72, 0x2D,
            0x61, 0x6C, 0x69, 0x61, 0x73, 0x2D, 0x73, 0x63, 0x6F, 0x70, 0x65, 0x2D, 0x61, 0x72, 0x67, 0x28,
            0x31, 0x29, 0x2B, 0x84, 0x7E, 0xD8, 0x87, 0x15, 0x83, 0x3F, 0xF4, 0x03, 0x3F, 0x6C, 0x08, 0xFC,
            0x01, 0x00, 0xFD, 0x19, 0xD0, 0x20, 0x33, 0x05, 0x0A, 0x8A, 0xD2, 0x9F, 0x41, 0x0D, 0xB6, 0x54,
            0xA0, 0xA0, 0x28, 0x83, 0x0C, 0x81, 0x13, 0x06, 0x83, 0x0C, 0x6E, 0x70, 0x06, 0x62, 0x30, 0x62,
            0x60, 0x1C, 0x21, 0x08, 0x16, 0xFE, 0xA1, 0x06, 0xAE, 0x10, 0x60, 0x30, 0x88, 0xFF, 0x0D, 0x64,
            0x00, 0xFD, 0x21, 0xE2, 0x40, 0x0C, 0x54, 0x01, 0x15, 0x28, 0x48, 0xC8, 0x88, 0x01, 0x81, 0x84,
            0x20, 0x18, 0xA0, 0x01, 0x2D, 0x8C, 0x18, 0x28, 0x49, 0x08, 0x82, 0x01, 0x18, 0xE4, 0x82, 0x10,
            0x10, 0x6A, 0xB0, 0x0A, 0xAB, 0x30, 0x9A, 0x10, 0x00, 0x63, 0x08, 0xC1, 0x19, 0xF4, 0x87, 0xB8,
            0x03, 0x34, 0xE0, 0x03, 0x57, 0xA0, 0x80, 0x29, 0x23, 0x06, 0x8B, 0x12, 0x82, 0x60, 0x60, 0x06,
            0xBB, 0x70, 0x04, 0xCA, 0x1A, 0xBC, 0x01, 0x2C, 0xC0, 0xC2, 0x68, 0x42, 0x00, 0x8C, 0x21, 0x04,
            0x69, 0x30, 0x86, 0x20, 0xAC, 0xC1, 0x18, 0xC2, 0xD0, 0x06, 0x63, 0x08, 0xC4, 0x1B, 0x8C, 0x18,
            0x1C, 0x47, 0x08, 0x82, 0x85, 0x7F, 0x64, 0xE2, 0x10, 0x24, 0x23, 0x06, 0xC7, 0x11, 0x82, 0x60,
            0xE1, 0x1F, 0xD9, 0x38, 0x0C, 0xC1, 0x88, 0xC1, 0x71, 0x84, 0x20, 0x58, 0xF8, 0x47, 0x46, 0x0E,
            0x45, 0x30, 0x62, 0x70, 0x1C, 0x21, 0x08, 0x16, 0xFE, 0x91, 0x95, 0xC3, 0x11, 0x8C, 0x21, 0x60,
            0x74, 0x30, 0xC7, 0x30, 0x06, 0x41, 0x1D, 0xA0, 0x15, 0x80, 0xFF, 0x88, 0xC1, 0xA2, 0x84, 0x20,
            0x18, 0x98, 0x01, 0x3A, 0x50, 0x4E, 0x80, 0x07, 0x7C, 0xD0, 0x0B, 0xBD, 0x30, 0x9A, 0x10, 0x00,
            0x63, 0x08, 0xC1, 0x1D, 0x8C, 0x21, 0x08, 0x79, 0x30, 0x62, 0x70, 0x1C, 0x21, 0x08, 0x16, 0xFE,
            0x91, 0xB5, 0x43, 0x80, 0x8C, 0x18, 0x1C, 0x47, 0x08, 0x82, 0x85, 0x7F, 0x64, 0xEE, 0x30, 0x04,
            0x63, 0x08, 0x61, 0xC0, 0x07, 0x73, 0x0C, 0x6B, 0x10, 0xF4, 0x01, 0x7E, 0x01, 0xF8, 0x8F, 0x18,
            0x2C, 0x4A, 0x08, 0x82, 0x81, 0x19, 0xC4, 0x43, 0x77, 0x05, 0xA1, 0x50, 0x0A, 0xE6, 0x60, 0x0E,
            0xA3, 0x09, 0x01, 0x30, 0x86, 0x10, 0x84, 0xC2, 0x18, 0x82, 0x30, 0x0A, 0x23, 0x06, 0xC7, 0x11,
            0x82, 0x60, 0xE1, 0x1F, 0x99, 0x3D, 0x04, 0xC8, 0x88, 0xC1, 0x71, 0x84, 0x20, 0x58, 0xF8, 0x47,
            0x76, 0x0F, 0x43, 0xD0, 0x1F, 0xA2, 0x16, 0x4C, 0x01, 0x1C, 0xD8, 0x81, 0x82, 0x84, 0x8C, 0x18,
            0x28, 0x49, 0x08, 0x82, 0x01, 0x18, 0xF0, 0x43, 0x40, 0x06, 0x6A, 0xD0, 0x0A, 0xEE, 0xE0, 0x0E,
            0xA3, 0x09, 0x01, 0x30, 0x86, 0x10, 0xA8, 0xC2, 0x70, 0x44, 0x70, 0x0A, 0x82, 0x7F, 0xCC, 0x32,
            0x04, 0x42, 0x30, 0xC8, 0x30, 0xF4, 0x01, 0x2C, 0x60, 0x90, 0x07, 0xE2, 0x8F, 0x41, 0x1E, 0x80,
            0xFF, 0x2C, 0xC1, 0x80, 0x72, 0x90, 0x07, 0xE2, 0x8F, 0x70, 0x10, 0x80, 0xFF, 0x18, 0x42, 0x10,
            0x0B, 0x18, 0xB4, 0x82, 0xF8, 0x63, 0xA0, 0x0A, 0xE0, 0x3F, 0x86, 0x40, 0xCC, 0x02, 0x06, 0xB0,
            0x20, 0xFE, 0x08, 0x0B, 0x41, 0xF8, 0xCF, 0x31, 0x80, 0x02, 0x71, 0x0B, 0x73, 0x0C, 0x81, 0x70,
            0x0B, 0xFD, 0x29, 0xD0, 0x21, 0x17, 0xF6, 0xE1, 0x1F, 0x72, 0x81, 0x82, 0xA2, 0xCC, 0x31, 0xB0,
            0x02, 0xB2, 0x0B, 0x83, 0x0C, 0x41, 0x2B, 0x90, 0x03, 0x0E, 0x81, 0xF8, 0xF7, 0xA7, 0x68, 0x07,
            0x5F, 0x00, 0x09, 0x92, 0xE8, 0x05, 0x0A, 0x8A, 0x32, 0xC7, 0x10, 0x0B, 0x0A, 0x38, 0x0C, 0x32,
            0x04, 0xB2, 0x90, 0x0E, 0x38, 0x04, 0xE2, 0x8F, 0x81, 0x01, 0xFE, 0xFD, 0x29, 0xE6, 0x81, 0x1C,
            0x4C, 0x42, 0x25, 0xC4, 0x81, 0x82, 0xA2, 0xCC, 0x31, 0xDC, 0x42, 0x18, 0x98, 0xC3, 0x20, 0x43,
            0x80, 0x0B, 0xEF, 0x80, 0x43, 0x20, 0xFE, 0x68, 0x04, 0xE0, 0xDF, 0x9F, 0x22, 0x1F, 0xD4, 0x81,
            0x25, 0x60, 0xE2, 0x1C, 0x28, 0x28, 0x0A, 0x0E, 0x01, 0xF8, 0x0F, 0x32, 0x04, 0xBE, 0x10, 0x0F,
            0x83, 0x0C, 0x82, 0x2F, 0xC0, 0x03, 0x0A, 0x01, 0xF9, 0x23, 0x16, 0x84, 0xFF, 0x2C, 0xC1, 0x30,
            0x50, 0x41, 0x06, 0xA6, 0x10, 0x08, 0xC2, 0x18, 0x02, 0x2E, 0xC8, 0x43, 0x7F, 0x08, 0x91, 0x98,
            0x87, 0x98, 0xC8, 0x09, 0x0A, 0x12, 0x32, 0x62, 0xA0, 0x24, 0x21, 0x08, 0x06, 0x60, 0x90, 0x16,
            0x41, 0x2C, 0xDC, 0x82, 0x3E, 0xEC, 0xC4, 0x4E, 0x8C, 0x26, 0x04, 0xC0, 0x20, 0x43, 0x80, 0x0E,
            0x22, 0x31, 0x86, 0x20, 0xE0, 0xC3, 0x18, 0xC2, 0x80, 0x0F, 0x23, 0x06, 0xC7, 0x11, 0x82, 0x60,
            0xE1, 0x1F, 0x19, 0x5C, 0x08, 0xC1, 0x18, 0x42, 0x91, 0x0F, 0x23, 0x06, 0xC7, 0x11, 0x82, 0x60,
            0xE1, 0x1F, 0x99, 0x5C, 0x08, 0x01, 0x06, 0x0B, 0xF8, 0xCF, 0x31, 0xB4, 0x43, 0xE0, 0x0F, 0x83,
            0x0C, 0x81, 0x3B, 0xA4, 0x04, 0x26, 0x01, 0xF9, 0x8F, 0x21, 0x04, 0x21, 0x31, 0x86, 0x20, 0x80,
            0xC4, 0x18, 0xC2, 0x20, 0x12, 0x18, 0xFC, 0x83, 0xF8, 0xE3, 0x40, 0x80, 0x3F, 0x06, 0x02, 0xF8,
            0x63, 0xD0, 0x0F, 0xE2, 0x8F, 0x87, 0x11, 0xFE, 0x18, 0x84, 0x84, 0xF8, 0x63, 0x20, 0x12, 0xE0,
            0x3F, 0x62, 0x80, 0x1C, 0x21, 0x08, 0x16, 0xFE, 0x21, 0x06, 0x7E, 0x11, 0x9C, 0x44, 0x49, 0x60,
            0xB0, 0x84, 0x3F, 0x06, 0x06, 0xF8, 0x8F, 0x18, 0x20, 0x47, 0x08, 0x82, 0x85, 0x7F, 0x88, 0x41,
            0x68, 0x04, 0x2A, 0x81, 0x12, 0xFD, 0x21, 0x7C, 0xE2, 0x25, 0xF6, 0xA2, 0x2E, 0x28, 0x48, 0xC8,
            0x88, 0x81, 0x92, 0x84, 0x20, 0x18, 0x80, 0x41, 0x69, 0x04, 0xED, 0x30, 0x0F, 0x36, 0x71, 0x17,
            0x77, 0x31, 0x9A, 0x10, 0x00, 0x83, 0x0C, 0x01, 0x49, 0xF8, 0xC4, 0x18, 0x82, 0x40, 0x13, 0x63,
            0x08, 0x03, 0x4D, 0x8C, 0x18, 0x1C, 0x47, 0x08, 0x82, 0x85, 0x7F, 0x64, 0xAC, 0x21, 0x04, 0x63,
            0x08, 0x45, 0x4D, 0x8C, 0x18, 0x1C, 0x47, 0x08, 0x82, 0x85, 0x7F, 0x64, 0xAE, 0x21, 0x04, 0x18,
            0x9C, 0x01, 0xF8, 0xCF, 0x31, 0xA4, 0x44, 0xA0, 0x13, 0x83, 0x0C, 0x81, 0x4A, 0x94, 0x05, 0x26,
            0x01, 0xF9, 0x63, 0x17, 0x84, 0xFF, 0x88, 0x81, 0x71, 0x84, 0x20, 0x58, 0xF8, 0x07, 0x37, 0x1B,
            0xC1, 0x18, 0x42, 0xF0, 0x13, 0x63, 0x08, 0xC2, 0x4F, 0x8C, 0x21, 0x0C, 0x3F, 0x31, 0x62, 0x70,
            0x1C, 0x21, 0x08, 0x16, 0xFE, 0x91, 0xE1, 0x86, 0x10, 0x8C, 0x18, 0x1C, 0x47, 0x08, 0x82, 0x85,
            0x7F, 0x64, 0xB9, 0x41, 0x04, 0x18, 0xE4, 0x84, 0xF8, 0xE3, 0x97, 0x13, 0xE2, 0x3F, 0x62, 0x50,
            0x1C, 0x21, 0x08, 0x06, 0x57, 0x6F, 0x04, 0x17, 0xD0, 0xC5, 0x61, 0xB7, 0x13, 0xE2, 0x3F, 0x62,
            0x50, 0x1C, 0x21, 0x08, 0x06, 0x17, 0x78, 0x04, 0x17, 0x88, 0xC6, 0x5D, 0x40, 0x2C, 0x7A, 0x3E,
            0x21, 0xFE, 0x23, 0x06, 0xC5, 0x11, 0x82, 0x60, 0x70, 0x91, 0x47, 0x70, 0x43, 0xB0, 0x73, 0x0C,
            0x76, 0x11, 0xBC, 0x45, 0x7F, 0x88, 0xBF, 0x80, 0x0B, 0xD4, 0xB0, 0x0D, 0x0A, 0x12, 0x32, 0x62,
            0x90, 0x2C, 0x21, 0x08, 0x06, 0x95, 0x7A, 0x04, 0x34, 0x31, 0xE0, 0x06, 0x6D, 0x0C, 0x32, 0x84,
            0x82, 0x4E, 0xE0, 0xC5, 0x1C, 0x43, 0xE0, 0x0E, 0x71, 0x31, 0xC7, 0x10, 0x40, 0x71, 0xD1, 0x1F,
            0x82, 0x34, 0xEA, 0x62, 0x35, 0x76, 0x83, 0x82, 0x84, 0x8C, 0x18, 0x24, 0x4B, 0x08, 0x82, 0xC1,
            0x04, 0x1F, 0x41, 0x4E, 0x0C, 0xBD, 0x91, 0x1B, 0x1A, 0x10, 0x03, 0x00, 0x00, 0x00, 0x12, 0x00,
            0x00, 0x00, 0x5B, 0x86, 0xE0, 0xF0, 0x87, 0x2D, 0xC3, 0x70, 0xF8, 0xC3, 0x96, 0x41, 0x39, 0xFC,
            0x61, 0xCB, 0x00, 0x1D, 0xFE, 0xB0, 0x65, 0x70, 0x83, 0xC3, 0x1F, 0xB6, 0x0C, 0xA3, 0x70, 0xF8,
            0xC3, 0x96, 0x01, 0x15, 0x0E, 0x7F, 0xD8, 0x32, 0xB8, 0xC2, 0xE1, 0x0F, 0x5B, 0x06, 0x5A, 0x38,
            0xFC, 0x61, 0xCB, 0xE0, 0x0B, 0x87, 0x3F, 0x6C, 0x19, 0xF4, 0xE1, 0xF0, 0x87, 0x2D, 0xC3, 0x4E,
            0x1C, 0xFE, 0xB0, 0x65, 0x08, 0x8B, 0xC3, 0x1F, 0x00, 0x00, 0x00, 0x00, 0x00, 0x00, 0x71, 0x20,
            0x00, 0x00, 0x03, 0x00, 0x00, 0x00, 0x32, 0x0E, 0x10, 0x22, 0x84, 0x00, 0xE3, 0x08, 0x00, 0x00,
            0x00, 0x00, 0x00, 0x00, 0x00, 0x00, 0x65, 0x0C, 0x00, 0x00, 0x61, 0x00, 0x00, 0x00, 0x12, 0x03,
            0x94, 0xF8, 0x02, 0x00, 0x00, 0x00, 0x03, 0x00, 0x00, 0x00, 0xFB, 0x00, 0x00, 0x00, 0x09, 0x00,
            0x00, 0x00, 0x4C, 0x00, 0x00, 0x00, 0x01, 0x00, 0x00, 0x00, 0x58, 0x00, 0x00, 0x00, 0x00, 0x00,
            0x00, 0x00, 0x58, 0x00, 0x00, 0x00, 0x0C, 0x00, 0x00, 0x00, 0x78, 0x01, 0x00, 0x00, 0x00, 0x00,
            0x00, 0x00, 0x04, 0x01, 0x00, 0x00, 0x1C, 0x00, 0x00, 0x00, 0x00, 0x00, 0x00, 0x00, 0x04, 0x00,
            0x00, 0x00, 0x04, 0x00, 0x00, 0x00, 0x00, 0x00, 0x00, 0x00, 0x78, 0x01, 0x00, 0x00, 0x00, 0x00,
            0x00, 0x00, 0x00, 0x00, 0x00, 0x00, 0x0C, 0x00, 0x00, 0x00, 0x00, 0x00, 0x00, 0x00, 0x00, 0x00,
            0x00, 0x00, 0x04, 0x00, 0x00, 0x00, 0x00, 0x00, 0x00, 0x00, 0x04, 0x00, 0x00, 0x00, 0xFF, 0xFF,
            0xFF, 0xFF, 0x00, 0x24, 0x00, 0x00, 0x04, 0x00, 0x00, 0x00, 0x1A, 0x00, 0x00, 0x00, 0x04, 0x00,
            0x00, 0x00, 0x1A, 0x00, 0x00, 0x00, 0xFF, 0xFF, 0xFF, 0xFF, 0x08, 0x24, 0x00, 0x00, 0x1E, 0x00,
            0x00, 0x00, 0x1C, 0x00, 0x00, 0x00, 0x1E, 0x00, 0x00, 0x00, 0x1C, 0x00, 0x00, 0x00, 0xFF, 0xFF,
            0xFF, 0xFF, 0x08, 0x24, 0x00, 0x00, 0x3A, 0x00, 0x00, 0x00, 0x17, 0x00, 0x00, 0x00, 0x3A, 0x00,
            0x00, 0x00, 0x17, 0x00, 0x00, 0x00, 0xFF, 0xFF, 0xFF, 0xFF, 0x08, 0x24, 0x00, 0x00, 0x51, 0x00,
            0x00, 0x00, 0x11, 0x00, 0x00, 0x00, 0x51, 0x00, 0x00, 0x00, 0x11, 0x00, 0x00, 0x00, 0xFF, 0xFF,
            0xFF, 0xFF, 0x08, 0x24, 0x00, 0x00, 0x62, 0x00, 0x00, 0x00, 0x13, 0x00, 0x00, 0x00, 0x62, 0x00,
            0x00, 0x00, 0x13, 0x00, 0x00, 0x00, 0xFF, 0xFF, 0xFF, 0xFF, 0x08, 0x24, 0x00, 0x00, 0x75, 0x00,
            0x00, 0x00, 0x19, 0x00, 0x00, 0x00, 0x75, 0x00, 0x00, 0x00, 0x19, 0x00, 0x00, 0x00, 0xFF, 0xFF,
            0xFF, 0xFF, 0x08, 0x24, 0x00, 0x00, 0x8E, 0x00, 0x00, 0x00, 0x12, 0x00, 0x00, 0x00, 0x8E, 0x00,
            0x00, 0x00, 0x12, 0x00, 0x00, 0x00, 0xFF, 0xFF, 0xFF, 0xFF, 0x08, 0x24, 0x00, 0x00, 0xA0, 0x00,
            0x00, 0x00, 0x11, 0x00, 0x00, 0x00, 0xA0, 0x00, 0x00, 0x00, 0x11, 0x00, 0x00, 0x00, 0xFF, 0xFF,
            0xFF, 0xFF, 0x08, 0x24, 0x00, 0x00, 0xB1, 0x00, 0x00, 0x00, 0x1B, 0x00, 0x00, 0x00, 0xB1, 0x00,
            0x00, 0x00, 0x1B, 0x00, 0x00, 0x00, 0xFF, 0xFF, 0xFF, 0xFF, 0x08, 0x24, 0x00, 0x00, 0xCC, 0x00,
            0x00, 0x00, 0x14, 0x00, 0x00, 0x00, 0xCC, 0x00, 0x00, 0x00, 0x14, 0x00, 0x00, 0x00, 0xFF, 0xFF,
            0xFF, 0xFF, 0x08, 0x24, 0x00, 0x00, 0xE0, 0x00, 0x00, 0x00, 0x1B, 0x00, 0x00, 0x00, 0xE0, 0x00,
            0x00, 0x00, 0x1B, 0x00, 0x00, 0x00, 0xFF, 0xFF, 0xFF, 0xFF, 0x08, 0x24, 0x00, 0x00, 0x00, 0x00,
            0x00, 0x00, 0x5D, 0x0C, 0x00, 0x00, 0x4B, 0x00, 0x00, 0x00, 0x12, 0x03, 0x94, 0x60, 0x02, 0x00,
            0x00, 0x00, 0x4D, 0x61, 0x69, 0x6E, 0x61, 0x69, 0x72, 0x2E, 0x77, 0x72, 0x69, 0x74, 0x65, 0x5F,
            0x74, 0x65, 0x78, 0x74, 0x75, 0x72, 0x65, 0x5F, 0x32, 0x64, 0x2E, 0x76, 0x34, 0x66, 0x33, 0x32,
            0x61, 0x69, 0x72, 0x2E, 0x77, 0x72, 0x69, 0x74, 0x65, 0x5F, 0x74, 0x65, 0x78, 0x74, 0x75, 0x72,
            0x65, 0x5F, 0x32, 0x64, 0x2E, 0x75, 0x2E, 0x76, 0x34, 0x69, 0x33, 0x32, 0x61, 0x69, 0x72, 0x2E,
            0x63, 0x6F, 0x6E, 0x76, 0x65, 0x72, 0x74, 0x2E, 0x75, 0x2E, 0x69, 0x33, 0x32, 0x2E, 0x66, 0x2E,
            0x66, 0x33, 0x32, 0x61, 0x69, 0x72, 0x2E, 0x66, 0x61, 0x73, 0x74, 0x5F, 0x66, 0x6D, 0x61, 0x78,
            0x2E, 0x66, 0x33, 0x32, 0x61, 0x69, 0x72, 0x2E, 0x66, 0x61, 0x73, 0x74, 0x5F, 0x66, 0x61, 0x62,
            0x73, 0x2E, 0x76, 0x33, 0x66, 0x33, 0x32, 0x61, 0x69, 0x72, 0x2E, 0x72, 0x65, 0x61, 0x64, 0x5F,
            0x74, 0x65, 0x78, 0x74, 0x75, 0x72, 0x65, 0x5F, 0x32, 0x64, 0x2E, 0x76, 0x34, 0x66, 0x33, 0x32,
            0x61, 0x69, 0x72, 0x2E, 0x66, 0x61, 0x73, 0x74, 0x5F, 0x63, 0x6C, 0x61, 0x6D, 0x70, 0x2E, 0x66,
            0x33, 0x32, 0x61, 0x69, 0x72, 0x2E, 0x66, 0x61, 0x73, 0x74, 0x5F, 0x66, 0x6D, 0x69, 0x6E, 0x2E,
            0x66, 0x33, 0x32, 0x61, 0x69, 0x72, 0x2E, 0x67, 0x61, 0x74, 0x68, 0x65, 0x72, 0x5F, 0x74, 0x65,
            0x78, 0x74, 0x75, 0x72, 0x65, 0x5F, 0x32, 0x64, 0x2E, 0x76, 0x34, 0x66, 0x33, 0x32, 0x61, 0x69,
            0x72, 0x2E, 0x67, 0x65, 0x74, 0x5F, 0x72, 0x65, 0x61, 0x64, 0x5F, 0x73, 0x61, 0x6D, 0x70, 0x6C,
            0x65, 0x72, 0x61, 0x69, 0x72, 0x2E, 0x63, 0x6F, 0x6E, 0x76, 0x65, 0x72, 0x74, 0x2E, 0x66, 0x2E,
            0x76, 0x32, 0x66, 0x33, 0x32, 0x2E, 0x75, 0x2E, 0x76, 0x32, 0x69, 0x33, 0x32, 0x33, 0x32, 0x30,
            0x32, 0x33, 0x2E, 0x38, 0x38, 0x33, 0x61, 0x69, 0x72, 0x36, 0x34, 0x5F, 0x76, 0x32, 0x38, 0x2D,
            0x61, 0x70, 0x70, 0x6C, 0x65, 0x2D, 0x6D, 0x61, 0x63, 0x6F, 0x73, 0x78, 0x32, 0x36, 0x2E, 0x30,
            0x2E, 0x30, 0x00, 0x00, 0x00, 0x00, 0x00, 0x00, 0x00, 0x00, 0x4E, 0x41, 0x4D, 0x45, 0x20, 0x00,
            0x73, 0x6C, 0x61, 0x6E, 0x67, 0x2D, 0x67, 0x65, 0x6E, 0x65, 0x72, 0x61, 0x74, 0x65, 0x64, 0x2D,
            0x69, 0x39, 0x79, 0x32, 0x76, 0x33, 0x2E, 0x6D, 0x65, 0x74, 0x61, 0x6C, 0x6C, 0x69, 0x62, 0x00,
            0x45, 0x4E, 0x44, 0x54, 0x01, 0x00, 0x00, 0x00, 0x6C, 0x07, 0x00, 0x00, 0x52, 0x42, 0x55, 0x46,
            0x5C, 0x07, 0x00, 0x00, 0x00, 0x00, 0x00, 0x00, 0x00, 0x00, 0x00, 0x00, 0x00, 0x00, 0x00, 0x00,
            0x18, 0x00, 0x00, 0x00, 0x41, 0x49, 0x52, 0x52, 0x00, 0x00, 0x0E, 0x00, 0x18, 0x00, 0x04, 0x00,
            0x10, 0x00, 0x00, 0x00, 0x00, 0x00, 0x14, 0x00, 0x0E, 0x00, 0x00, 0x00, 0x00, 0x00, 0x00, 0x00,
            0x04, 0x00, 0x00, 0x00, 0x00, 0x00, 0x00, 0x00, 0x10, 0x00, 0x00, 0x00, 0x04, 0x00, 0x00, 0x00,
            0x01, 0x00, 0x00, 0x00, 0x00, 0x00, 0x00, 0x00, 0x14, 0x00, 0x00, 0x00, 0xCC, 0x06, 0x00, 0x00,
            0x78, 0x06, 0x00, 0x00, 0x08, 0x06, 0x00, 0x00, 0x7C, 0x02, 0x00, 0x00, 0x48, 0x02, 0x00, 0x00,
            0x24, 0x02, 0x00, 0x00, 0x00, 0x02, 0x00, 0x00, 0xDC, 0x01, 0x00, 0x00, 0xB8, 0x01, 0x00, 0x00,
            0x94, 0x01, 0x00, 0x00, 0x58, 0x01, 0x00, 0x00, 0x30, 0x01, 0x00, 0x00, 0x08, 0x01, 0x00, 0x00,
            0xE0, 0x00, 0x00, 0x00, 0xB8, 0x00, 0x00, 0x00, 0x90, 0x00, 0x00, 0x00, 0x6C, 0x00, 0x00, 0x00,
            0x48, 0x00, 0x00, 0x00, 0x1C, 0x00, 0x00, 0x00, 0x04, 0x00, 0x00, 0x00, 0x48, 0xFA, 0xFF, 0xFF,
            0x03, 0x10, 0x00, 0x00, 0x04, 0x00, 0x00, 0x00, 0xC6, 0xFD, 0xFF, 0xFF, 0x40, 0x00, 0x00, 0x00,
            0xA0, 0xF9, 0xFF, 0xFF, 0x01, 0x10, 0x00, 0x00, 0x10, 0x00, 0x00, 0x00, 0x00, 0x00, 0x0A, 0x00,
            0x10, 0x00, 0x04, 0x00, 0x08, 0x00, 0x0C, 0x00, 0x0A, 0x00, 0x00, 0x00, 0x08, 0x00, 0x00, 0x00,
            0x08, 0x00, 0x00, 0x00, 0x01, 0x00, 0x00, 0x00, 0x84, 0xFA, 0xFF, 0xFF, 0x05, 0x00, 0x04, 0x00,
            0x04, 0x00, 0x00, 0x00, 0x32, 0xFE, 0xFF, 0xFF, 0x0D, 0x00, 0x00, 0x00, 0x01, 0x00, 0x00, 0x00,
            0x60, 0x02, 0x00, 0x00, 0x50, 0x02, 0x00, 0x00, 0xA4, 0xFA, 0xFF, 0xFF, 0x01, 0x00, 0x04, 0x00,
            0x04, 0x00, 0x00, 0x00, 0x52, 0xFE, 0xFF, 0xFF, 0x0C, 0x00, 0x00, 0x00, 0x01, 0x00, 0x00, 0x00,
            0x74, 0x02, 0x00, 0x00, 0x60, 0x02, 0x00, 0x00, 0xC4, 0xFA, 0xFF, 0xFF, 0x02, 0x00, 0x04, 0x00,
            0x04, 0x00, 0x00, 0x00, 0x4A, 0xFF, 0xFF, 0xFF, 0x00, 0x00, 0x00, 0x03, 0x0B, 0x00, 0x00, 0x00,
            0x01, 0x00, 0x00, 0x00, 0x84, 0x02, 0x00, 0x00, 0x70, 0x02, 0x00, 0x00, 0xE8, 0xFA, 0xFF, 0xFF,
            0x02, 0x00, 0x04, 0x00, 0x04, 0x00, 0x00, 0x00, 0x6E, 0xFF, 0xFF, 0xFF, 0x00, 0x00, 0x00, 0x03,
            0x0A, 0x00, 0x00, 0x00, 0x01, 0x00, 0x00, 0x00, 0xA8, 0x02, 0x00, 0x00, 0x98, 0x02, 0x00, 0x00,
            0x0C, 0xFB, 0xFF, 0xFF, 0x02, 0x00, 0x04, 0x00, 0x04, 0x00, 0x00, 0x00, 0x92, 0xFF, 0xFF, 0xFF,
            0x00, 0x00, 0x00, 0x04, 0x09, 0x00, 0x00, 0x00, 0x01, 0x00, 0x00, 0x00, 0x44, 0x03, 0x00, 0x00,
            0xB8, 0x02, 0x00, 0x00, 0x30, 0xFB, 0xFF, 0xFF, 0x02, 0x00, 0x04, 0x00, 0x04, 0x00, 0x00, 0x00,
            0xB6, 0xFF, 0xFF, 0xFF, 0x00, 0x00, 0x00, 0x04, 0x08, 0x00, 0x00, 0x00, 0x01, 0x00, 0x00, 0x00,
            0x20, 0x03, 0x00, 0x00, 0xC0, 0x02, 0x00, 0x00, 0x54, 0xFB, 0xFF, 0xFF, 0x02, 0x00, 0x04, 0x00,
            0x04, 0x00, 0x00, 0x00, 0xDA, 0xFF, 0xFF, 0xFF, 0x00, 0x00, 0x00, 0x04, 0x07, 0x00, 0x00, 0x00,
            0x01, 0x00, 0x00, 0x00, 0xFC, 0x02, 0x00, 0x00, 0xC0, 0x02, 0x00, 0x00, 0xBC, 0xFA, 0xFF, 0xFF,
            0x02, 0x00, 0x04, 0x00, 0x18, 0x00, 0x00, 0x00, 0x00, 0x00, 0x12, 0x00, 0x18, 0x00, 0x00, 0x00,
            0x08, 0x00, 0x0C, 0x00, 0x07, 0x00, 0x00, 0x00, 0x10, 0x00, 0x14, 0x00, 0x12, 0x00, 0x00, 0x00,
            0x00, 0x00, 0x00, 0x04, 0x06, 0x00, 0x00, 0x00, 0x01, 0x00, 0x00, 0x00, 0xC4, 0x02, 0x00, 0x00,
            0xB4, 0x02, 0x00, 0x00, 0xB0, 0xFB, 0xFF, 0xFF, 0x05, 0x00, 0x04, 0x00, 0x04, 0x00, 0x00, 0x00,
            0x5E, 0xFF, 0xFF, 0xFF, 0x05, 0x00, 0x00, 0x00, 0x01, 0x00, 0x00, 0x00, 0x2C, 0x04, 0x00, 0x00,
            0xD8, 0x02, 0x00, 0x00, 0xD0, 0xFB, 0xFF, 0xFF, 0x05, 0x00, 0x04, 0x00, 0x04, 0x00, 0x00, 0x00,
            0x7E, 0xFF, 0xFF, 0xFF, 0x04, 0x00, 0x00, 0x00, 0x01, 0x00, 0x00, 0x00, 0xC0, 0x03, 0x00, 0x00,
            0xE8, 0x02, 0x00, 0x00, 0xF0, 0xFB, 0xFF, 0xFF, 0x05, 0x00, 0x04, 0x00, 0x04, 0x00, 0x00, 0x00,
            0x9E, 0xFF, 0xFF, 0xFF, 0x03, 0x00, 0x00, 0x00, 0x01, 0x00, 0x00, 0x00, 0x1C, 0x03, 0x00, 0x00,
            0x00, 0x03, 0x00, 0x00, 0x10, 0xFC, 0xFF, 0xFF, 0x05, 0x00, 0x04, 0x00, 0x04, 0x00, 0x00, 0x00,
            0xBE, 0xFF, 0xFF, 0xFF, 0x02, 0x00, 0x00, 0x00, 0x01, 0x00, 0x00, 0x00, 0x80, 0x03, 0x00, 0x00,
            0x20, 0x03, 0x00, 0x00, 0x30, 0xFC, 0xFF, 0xFF, 0x05, 0x00, 0x04, 0x00, 0x04, 0x00, 0x00, 0x00,
            0xDE, 0xFF, 0xFF, 0xFF, 0x01, 0x00, 0x00, 0x00, 0x01, 0x00, 0x00, 0x00, 0x60, 0x03, 0x00, 0x00,
            0x40, 0x03, 0x00, 0x00, 0x94, 0xFB, 0xFF, 0xFF, 0x05, 0x00, 0x04, 0x00, 0x14, 0x00, 0x00, 0x00,
            0x00, 0x00, 0x0E, 0x00, 0x14, 0x00, 0x00, 0x00, 0x04, 0x00, 0x08, 0x00, 0x0C, 0x00, 0x10, 0x00,
            0x0E, 0x00, 0x00, 0x00, 0x00, 0x00, 0x00, 0x00, 0x01, 0x00, 0x00, 0x00, 0x7C, 0x03, 0x00, 0x00,
            0x60, 0x03, 0x00, 0x00, 0xC4, 0xFB, 0xFF, 0xFF, 0x01, 0x00, 0x08, 0x00, 0x0C, 0x00, 0x00, 0x00,
            0x00, 0x00, 0x06, 0x00, 0x08, 0x00, 0x04, 0x00, 0x06, 0x00, 0x00, 0x00, 0x04, 0x00, 0x00, 0x00,
            0x0E, 0x00, 0x00, 0x00, 0x28, 0x03, 0x00, 0x00, 0xD0, 0x02, 0x00, 0x00, 0x8C, 0x02, 0x00, 0x00,
            0x48, 0x02, 0x00, 0x00, 0x0C, 0x02, 0x00, 0x00, 0xD8, 0x01, 0x00, 0x00, 0x90, 0x01, 0x00, 0x00,
            0x60, 0x01, 0x00, 0x00, 0x38, 0x01, 0x00, 0x00, 0x08, 0x01, 0x00, 0x00, 0xC0, 0x00, 0x00, 0x00,
            0x70, 0x00, 0x00, 0x00, 0x38, 0x00, 0x00, 0x00, 0x04, 0x00, 0x00, 0x00, 0x78, 0xFD, 0xFF, 0xFF,
            0xC8, 0x00, 0x00, 0x00, 0x08, 0x00, 0x00, 0x00, 0x18, 0x00, 0x00, 0x00, 0x08, 0x00, 0x00, 0x00,
            0x11, 0x00, 0x00, 0x00, 0x05, 0x00, 0x00, 0x00, 0x50, 0x61, 0x64, 0x5F, 0x30, 0x00, 0x00, 0x00,
            0x05, 0x00, 0x00, 0x00, 0x75, 0x69, 0x6E, 0x74, 0x32, 0x00, 0x00, 0x00, 0xA8, 0xFD, 0xFF, 0xFF,
            0xC0, 0x00, 0x00, 0x00, 0x08, 0x00, 0x00, 0x00, 0x1C, 0x00, 0x00, 0x00, 0x08, 0x00, 0x00, 0x00,
            0x10, 0x00, 0x00, 0x00, 0x09, 0x00, 0x00, 0x00, 0x53, 0x61, 0x6D, 0x70, 0x6C, 0x65, 0x72, 0x5F,
            0x30, 0x00, 0x00, 0x00, 0x07, 0x00, 0x00, 0x00, 0x73, 0x61, 0x6D, 0x70, 0x6C, 0x65, 0x72, 0x00,
            0xDC, 0xFD, 0xFF, 0xFF, 0xB8, 0x00, 0x00, 0x00, 0x08, 0x00, 0x00, 0x00, 0x1C, 0x00, 0x00, 0x00,
            0x08, 0x00, 0x00, 0x00, 0x0F, 0x00, 0x00, 0x00, 0x08, 0x00, 0x00, 0x00, 0x4D, 0x6F, 0x74, 0x69,
            0x6F, 0x6E, 0x5F, 0x30, 0x00, 0x00, 0x00, 0x00, 0x1C, 0x00, 0x00, 0x00, 0x74, 0x65, 0x78, 0x74,
            0x75, 0x72, 0x65, 0x32, 0x64, 0x3C, 0x66, 0x6C, 0x6F, 0x61, 0x74, 0x2C, 0x20, 0x72, 0x65, 0x61,
            0x64, 0x5F, 0x77, 0x72, 0x69, 0x74, 0x65, 0x3E, 0x00, 0x00, 0x00, 0x00, 0x28, 0xFE, 0xFF, 0xFF,
            0xB0, 0x00, 0x00, 0x00, 0x08, 0x00, 0x00, 0x00, 0x18, 0x00, 0x00, 0x00, 0x08, 0x00, 0x00, 0x00,
            0x0E, 0x00, 0x00, 0x00, 0x07, 0x00, 0x00, 0x00, 0x59, 0x43, 0x6F, 0x43, 0x67, 0x5F, 0x30, 0x00,
            0x1B, 0x00, 0x00, 0x00, 0x74, 0x65, 0x78, 0x74, 0x75, 0x72, 0x65, 0x32, 0x64, 0x3C, 0x75, 0x69,
            0x6E, 0x74, 0x2C, 0x20, 0x72, 0x65, 0x61, 0x64, 0x5F, 0x77, 0x72, 0x69, 0x74, 0x65, 0x3E, 0x00,
            0x6C, 0xFE, 0xFF, 0xFF, 0xA8, 0x00, 0x00, 0x00, 0x08, 0x00, 0x00, 0x00, 0x94, 0x00, 0x00, 0x00,
            0x08, 0x00, 0x00, 0x00, 0x0D, 0x00, 0x00, 0x00, 0x0F, 0x00, 0x00, 0x00, 0x4D, 0x6F, 0x74, 0x69,
            0x6F, 0x6E, 0x56, 0x65, 0x63, 0x74, 0x6F, 0x72, 0x73, 0x5F, 0x30, 0x00, 0x98, 0xFE, 0xFF, 0xFF,
            0xA0, 0x00, 0x00, 0x00, 0x08, 0x00, 0x00, 0x00, 0x68, 0x00, 0x00, 0x00, 0x08, 0x00, 0x00, 0x00,
            0x0C, 0x00, 0x00, 0x00, 0x07, 0x00, 0x00, 0x00, 0x44, 0x65, 0x70, 0x74, 0x68, 0x5F, 0x30, 0x00,
            0xBC, 0xFE, 0xFF, 0xFF, 0x98, 0x00, 0x00, 0x00, 0x08, 0x00, 0x00, 0x00, 0x44, 0x00, 0x00, 0x00,
            0x08, 0x00, 0x00, 0x00, 0x0B, 0x00, 0x00, 0x00, 0x0D, 0x00, 0x00, 0x00, 0x4F, 0x70, 0x61, 0x71,
            0x75, 0x65, 0x49, 0x6E, 0x70, 0x75, 0x74, 0x5F, 0x30, 0x00, 0x00, 0x00, 0xE8, 0xFE, 0xFF, 0xFF,
            0x90, 0x00, 0x00, 0x00, 0x08, 0x00, 0x00, 0x00, 0x18, 0x00, 0x00, 0x00, 0x08, 0x00, 0x00, 0x00,
            0x0A, 0x00, 0x00, 0x00, 0x07, 0x00, 0x00, 0x00, 0x49, 0x6E, 0x70, 0x75, 0x74, 0x5F, 0x30, 0x00,
            0x18, 0x00, 0x00, 0x00, 0x74, 0x65, 0x78, 0x74, 0x75, 0x72, 0x65, 0x32, 0x64, 0x3C, 0x66, 0x6C,
            0x6F, 0x61, 0x74, 0x2C, 0x20, 0x73, 0x61, 0x6D, 0x70, 0x6C, 0x65, 0x3E, 0x00, 0x00, 0x00, 0x00,
            0x2C, 0xFF, 0xFF, 0xFF, 0x80, 0x00, 0x00, 0x00, 0x10, 0x00, 0x00, 0x00, 0x5C, 0x01, 0x00, 0x00,
            0x08, 0x00, 0x00, 0x00, 0x09, 0x00, 0x00, 0x00, 0x11, 0x00, 0x00, 0x00, 0x53, 0x61, 0x6D, 0x65,
            0x43, 0x61, 0x6D, 0x65, 0x72, 0x61, 0x52, 0x65, 0x73, 0x65, 0x74, 0x5F, 0x30, 0x00, 0x00, 0x00,
            0x5C, 0xFF, 0xFF, 0xFF, 0x70, 0x00, 0x00, 0x00, 0x10, 0x00, 0x00, 0x00, 0xE0, 0x00, 0x00, 0x00,
            0x08, 0x00, 0x00, 0x00, 0x08, 0x00, 0x00, 0x00, 0x18, 0x00, 0x00, 0x00, 0x45, 0x78, 0x70, 0x6F,
            0x73, 0x75, 0x72, 0x65, 0x46, 0x6F, 0x76, 0x4E, 0x65, 0x61, 0x72, 0x4D, 0x69, 0x6E, 0x4C, 0x65,
            0x72, 0x70, 0x5F, 0x30, 0x00, 0x00, 0x00, 0x00, 0x94, 0xFF, 0xFF, 0xFF, 0x30, 0x00, 0x00, 0x00,
            0x40, 0x00, 0x00, 0x00, 0x24, 0x00, 0x00, 0x00, 0x08, 0x00, 0x00, 0x00, 0x07, 0x00, 0x00, 0x00,
            0x10, 0x00, 0x00, 0x00, 0x43, 0x6C, 0x69, 0x70, 0x54, 0x6F, 0x50, 0x72, 0x65, 0x76, 0x43, 0x6C,
            0x69, 0x70, 0x5F, 0x30, 0x00, 0x00, 0x00, 0x00, 0x08, 0x00, 0x00, 0x00, 0x66, 0x6C, 0x6F, 0x61,
            0x74, 0x34, 0x78, 0x34, 0x00, 0x00, 0x00, 0x00, 0xD4, 0xFF, 0xFF, 0xFF, 0x20, 0x00, 0x00, 0x00,
            0x10, 0x00, 0x00, 0x00, 0x68, 0x00, 0x00, 0x00, 0x08, 0x00, 0x00, 0x00, 0x06, 0x00, 0x00, 0x00,
            0x0F, 0x00, 0x00, 0x00, 0x4A, 0x69, 0x74, 0x74, 0x65, 0x72, 0x50, 0x61, 0x64, 0x64, 0x69, 0x6E,
            0x67, 0x5F, 0x30, 0x00, 0x14, 0x00, 0x18, 0x00, 0x00, 0x00, 0x04, 0x00, 0x08, 0x00, 0x00, 0x00,
            0x0C, 0x00, 0x10, 0x00, 0x00, 0x00, 0x14, 0x00, 0x14, 0x00, 0x00, 0x00, 0x10, 0x00, 0x00, 0x00,
            0x10, 0x00, 0x00, 0x00, 0x28, 0x00, 0x00, 0x00, 0x08, 0x00, 0x00, 0x00, 0x05, 0x00, 0x00, 0x00,
            0x14, 0x00, 0x00, 0x00, 0x56, 0x69, 0x65, 0x77, 0x70, 0x6F, 0x72, 0x74, 0x44, 0x69, 0x73, 0x70,
            0x6C, 0x61, 0x79, 0x52, 0x63, 0x70, 0x5F, 0x30, 0x00, 0x00, 0x00, 0x00, 0x06, 0x00, 0x00, 0x00,
            0x66, 0x6C, 0x6F, 0x61, 0x74, 0x34, 0x00, 0x00, 0x14, 0x00, 0x14, 0x00, 0x00, 0x00, 0x00, 0x00,
            0x04, 0x00, 0x00, 0x00, 0x08, 0x00, 0x0C, 0x00, 0x00, 0x00, 0x10, 0x00, 0x14, 0x00, 0x00, 0x00,
            0x10, 0x00, 0x00, 0x00, 0x24, 0x00, 0x00, 0x00, 0x08, 0x00, 0x00, 0x00, 0x04, 0x00, 0x00, 0x00,
            0x13, 0x00, 0x00, 0x00, 0x52, 0x65, 0x6E, 0x64, 0x65, 0x72, 0x44, 0x69, 0x73, 0x70, 0x6C, 0x61,
            0x79, 0x53, 0x69, 0x7A, 0x65, 0x5F, 0x30, 0x00, 0x05, 0x00, 0x00, 0x00, 0x75, 0x69, 0x6E, 0x74,
            0x34, 0x00, 0x00, 0x00, 0x08, 0x00, 0x0C, 0x00, 0x04, 0x00, 0x08, 0x00, 0x08, 0x00, 0x00, 0x00,
            0x04, 0x00, 0x04, 0x00, 0x20, 0x00, 0x00, 0x00, 0x1C, 0x00, 0x24, 0x00, 0x00, 0x00, 0x00, 0x00,
            0x08, 0x00, 0x0C, 0x00, 0x06, 0x00, 0x07, 0x00, 0x10, 0x00, 0x00, 0x00, 0x14, 0x00, 0x18, 0x00,
            0x1C, 0x00, 0x20, 0x00, 0x1C, 0x00, 0x00, 0x00, 0x00, 0x00, 0x01, 0x02, 0x00, 0x00, 0x00, 0x00,
            0x01, 0x00, 0x00, 0x00, 0x03, 0x00, 0x00, 0x00, 0xD0, 0x00, 0x00, 0x00, 0x10, 0x00, 0x00, 0x00,
            0x18, 0x00, 0x00, 0x00, 0x04, 0x00, 0x00, 0x00, 0x0B, 0x00, 0x00, 0x00, 0x63, 0x6F, 0x6E, 0x73,
            0x74, 0x61, 0x6E, 0x74, 0x73, 0x5F, 0x31, 0x00, 0x0B, 0x00, 0x00, 0x00, 0x43, 0x6F, 0x6E, 0x73,
            0x74, 0x61, 0x6E, 0x74, 0x73, 0x5F, 0x30, 0x00, 0xB8, 0xFF, 0xFF, 0xFF, 0x00, 0x10, 0x04, 0x00,
            0x10, 0x00, 0x00, 0x00, 0x00, 0x00, 0x0A, 0x00, 0x0C, 0x00, 0x00, 0x00, 0x08, 0x00, 0x04, 0x00,
            0x0A, 0x00, 0x00, 0x00, 0x08, 0x00, 0x00, 0x00, 0x1C, 0x00, 0x00, 0x00, 0x12, 0x00, 0x00, 0x00,
            0x64, 0x69, 0x73, 0x70, 0x61, 0x74, 0x63, 0x68, 0x54, 0x68, 0x72, 0x65, 0x61, 0x64, 0x49, 0x64,
            0x5F, 0x30, 0x00, 0x00, 0x05, 0x00, 0x00, 0x00, 0x75, 0x69, 0x6E, 0x74, 0x33, 0x00, 0x00, 0x00,
            0x08, 0x00, 0x0E, 0x00, 0x04, 0x00, 0x08, 0x00, 0x08, 0x00, 0x00, 0x00, 0x02, 0x00, 0x00, 0x00,
            0x18, 0x00, 0x00, 0x00, 0x00, 0x00, 0x12, 0x00, 0x10, 0x00, 0x04, 0x00, 0x00, 0x00, 0x08, 0x00,
            0x00, 0x00, 0x00, 0x00, 0x00, 0x00, 0x0C, 0x00, 0x12, 0x00, 0x00, 0x00, 0x18, 0x00, 0x00, 0x00,
            0x08, 0x00, 0x00, 0x00, 0x13, 0x00, 0x00, 0x00, 0x02, 0x00, 0x00, 0x00, 0x01, 0x00, 0x00, 0x00,
            0x02, 0x00, 0x00, 0x00, 0x04, 0x00, 0x00, 0x00, 0x4D, 0x61, 0x69, 0x6E, 0x00, 0x00, 0x00, 0x00,
            0x45, 0x4E, 0x44, 0x54
        ],
        ThreadGroupSize = new()
        {
            X = 8,
            Y = 8,
            Z = 1
        }
    };

    private static readonly ShaderDesc VulkanSpeedMain = new()
    {
        Name = "Main",
        CodeBytes =
        [
            0x03, 0x02, 0x23, 0x07, 0x00, 0x06, 0x01, 0x00, 0x00, 0x00, 0x28, 0x00, 0x79, 0x01, 0x00, 0x00,
            0x00, 0x00, 0x00, 0x00, 0x11, 0x00, 0x02, 0x00, 0x79, 0x11, 0x00, 0x00, 0x11, 0x00, 0x02, 0x00,
            0x08, 0x14, 0x00, 0x00, 0x11, 0x00, 0x02, 0x00, 0x37, 0x00, 0x00, 0x00, 0x11, 0x00, 0x02, 0x00,
            0x38, 0x00, 0x00, 0x00, 0x11, 0x00, 0x02, 0x00, 0x01, 0x00, 0x00, 0x00, 0x0A, 0x00, 0x08, 0x00,
            0x53, 0x50, 0x56, 0x5F, 0x4B, 0x48, 0x52, 0x5F, 0x75, 0x6E, 0x74, 0x79, 0x70, 0x65, 0x64, 0x5F,
            0x70, 0x6F, 0x69, 0x6E, 0x74, 0x65, 0x72, 0x73, 0x00, 0x00, 0x00, 0x00, 0x0A, 0x00, 0x07, 0x00,
            0x53, 0x50, 0x56, 0x5F, 0x45, 0x58, 0x54, 0x5F, 0x64, 0x65, 0x73, 0x63, 0x72, 0x69, 0x70, 0x74,
            0x6F, 0x72, 0x5F, 0x68, 0x65, 0x61, 0x70, 0x00, 0x0B, 0x00, 0x06, 0x00, 0x7A, 0x00, 0x00, 0x00,
            0x47, 0x4C, 0x53, 0x4C, 0x2E, 0x73, 0x74, 0x64, 0x2E, 0x34, 0x35, 0x30, 0x00, 0x00, 0x00, 0x00,
            0x0E, 0x00, 0x03, 0x00, 0x00, 0x00, 0x00, 0x00, 0x01, 0x00, 0x00, 0x00, 0x0F, 0x00, 0x09, 0x00,
            0x05, 0x00, 0x00, 0x00, 0x02, 0x00, 0x00, 0x00, 0x4D, 0x61, 0x69, 0x6E, 0x00, 0x00, 0x00, 0x00,
            0x3D, 0x00, 0x00, 0x00, 0x47, 0x00, 0x00, 0x00, 0x1B, 0x00, 0x00, 0x00, 0x29, 0x00, 0x00, 0x00,
            0x10, 0x00, 0x06, 0x00, 0x02, 0x00, 0x00, 0x00, 0x11, 0x00, 0x00, 0x00, 0x08, 0x00, 0x00, 0x00,
            0x08, 0x00, 0x00, 0x00, 0x01, 0x00, 0x00, 0x00, 0x03, 0x00, 0x03, 0x00, 0x0B, 0x00, 0x00, 0x00,
            0x01, 0x00, 0x00, 0x00, 0x05, 0x00, 0x05, 0x00, 0x07, 0x00, 0x00, 0x00, 0x64, 0x65, 0x70, 0x74,
            0x68, 0x63, 0x6C, 0x69, 0x70, 0x00, 0x00, 0x00, 0x05, 0x00, 0x05, 0x00, 0x07, 0x00, 0x00, 0x00,
            0x64, 0x65, 0x70, 0x74, 0x68, 0x63, 0x6C, 0x69, 0x70, 0x00, 0x00, 0x00, 0x05, 0x00, 0x04, 0x00,
            0x0A, 0x00, 0x00, 0x00, 0x6D, 0x6F, 0x74, 0x69, 0x6F, 0x6E, 0x00, 0x00, 0x05, 0x00, 0x04, 0x00,
            0x0A, 0x00, 0x00, 0x00, 0x6D, 0x6F, 0x74, 0x69, 0x6F, 0x6E, 0x00, 0x00, 0x05, 0x00, 0x05, 0x00,
            0x0D, 0x00, 0x00, 0x00, 0x43, 0x6F, 0x6C, 0x6F, 0x72, 0x79, 0x63, 0x6F, 0x63, 0x67, 0x00, 0x00,
            0x05, 0x00, 0x05, 0x00, 0x0D, 0x00, 0x00, 0x00, 0x43, 0x6F, 0x6C, 0x6F, 0x72, 0x79, 0x63, 0x6F,
            0x63, 0x67, 0x00, 0x00, 0x05, 0x00, 0x07, 0x00, 0x14, 0x00, 0x00, 0x00, 0x43, 0x6F, 0x6E, 0x73,
            0x74, 0x61, 0x6E, 0x74, 0x73, 0x5F, 0x73, 0x74, 0x64, 0x31, 0x34, 0x30, 0x00, 0x00, 0x00, 0x00,
            0x06, 0x00, 0x08, 0x00, 0x14, 0x00, 0x00, 0x00, 0x00, 0x00, 0x00, 0x00, 0x52, 0x65, 0x6E, 0x64,
            0x65, 0x72, 0x44, 0x69, 0x73, 0x70, 0x6C, 0x61, 0x79, 0x53, 0x69, 0x7A, 0x65, 0x00, 0x00, 0x00,
            0x06, 0x00, 0x08, 0x00, 0x14, 0x00, 0x00, 0x00, 0x01, 0x00, 0x00, 0x00, 0x56, 0x69, 0x65, 0x77,
            0x70, 0x6F, 0x72, 0x74, 0x44, 0x69, 0x73, 0x70, 0x6C, 0x61, 0x79, 0x52, 0x63, 0x70, 0x00, 0x00,
            0x06, 0x00, 0x07, 0x00, 0x14, 0x00, 0x00, 0x00, 0x02, 0x00, 0x00, 0x00, 0x4A, 0x69, 0x74, 0x74,
            0x65, 0x72, 0x50, 0x61, 0x64, 0x64, 0x69, 0x6E, 0x67, 0x00, 0x00, 0x00, 0x06, 0x00, 0x07, 0x00,
            0x14, 0x00, 0x00, 0x00, 0x03, 0x00, 0x00, 0x00, 0x43, 0x6C, 0x69, 0x70, 0x54, 0x6F, 0x50, 0x72,
            0x65, 0x76, 0x43, 0x6C, 0x69, 0x70, 0x00, 0x00, 0x06, 0x00, 0x09, 0x00, 0x14, 0x00, 0x00, 0x00,
            0x04, 0x00, 0x00, 0x00, 0x45, 0x78, 0x70, 0x6F, 0x73, 0x75, 0x72, 0x65, 0x46, 0x6F, 0x76, 0x4E,
            0x65, 0x61, 0x72, 0x4D, 0x69, 0x6E, 0x4C, 0x65, 0x72, 0x70, 0x00, 0x00, 0x06, 0x00, 0x07, 0x00,
            0x14, 0x00, 0x00, 0x00, 0x05, 0x00, 0x00, 0x00, 0x53, 0x61, 0x6D, 0x65, 0x43, 0x61, 0x6D, 0x65,
            0x72, 0x61, 0x52, 0x65, 0x73, 0x65, 0x74, 0x00, 0x06, 0x00, 0x05, 0x00, 0x14, 0x00, 0x00, 0x00,
            0x06, 0x00, 0x00, 0x00, 0x49, 0x6E, 0x70, 0x75, 0x74, 0x00, 0x00, 0x00, 0x06, 0x00, 0x06, 0x00,
            0x14, 0x00, 0x00, 0x00, 0x07, 0x00, 0x00, 0x00, 0x4F, 0x70, 0x61, 0x71, 0x75, 0x65, 0x49, 0x6E,
            0x70, 0x75, 0x74, 0x00, 0x06, 0x00, 0x05, 0x00, 0x14, 0x00, 0x00, 0x00, 0x08, 0x00, 0x00, 0x00,
            0x44, 0x65, 0x70, 0x74, 0x68, 0x00, 0x00, 0x00, 0x06, 0x00, 0x07, 0x00, 0x14, 0x00, 0x00, 0x00,
            0x09, 0x00, 0x00, 0x00, 0x4D, 0x6F, 0x74, 0x69, 0x6F, 0x6E, 0x56, 0x65, 0x63, 0x74, 0x6F, 0x72,
            0x73, 0x00, 0x00, 0x00, 0x06, 0x00, 0x05, 0x00, 0x14, 0x00, 0x00, 0x00, 0x0A, 0x00, 0x00, 0x00,
            0x59, 0x43, 0x6F, 0x43, 0x67, 0x00, 0x00, 0x00, 0x06, 0x00, 0x05, 0x00, 0x14, 0x00, 0x00, 0x00,
            0x0B, 0x00, 0x00, 0x00, 0x4D, 0x6F, 0x74, 0x69, 0x6F, 0x6E, 0x00, 0x00, 0x06, 0x00, 0x05, 0x00,
            0x14, 0x00, 0x00, 0x00, 0x0C, 0x00, 0x00, 0x00, 0x53, 0x61, 0x6D, 0x70, 0x6C, 0x65, 0x72, 0x00,
            0x06, 0x00, 0x04, 0x00, 0x14, 0x00, 0x00, 0x00, 0x0D, 0x00, 0x00, 0x00, 0x50, 0x61, 0x64, 0x00,
            0x05, 0x00, 0x05, 0x00, 0x1B, 0x00, 0x00, 0x00, 0x63, 0x6F, 0x6E, 0x73, 0x74, 0x61, 0x6E, 0x74,
            0x73, 0x00, 0x00, 0x00, 0x05, 0x00, 0x06, 0x00, 0x21, 0x00, 0x00, 0x00, 0x45, 0x78, 0x70, 0x6F,
            0x73, 0x75, 0x72, 0x65, 0x5F, 0x63, 0x6F, 0x5F, 0x72, 0x63, 0x70, 0x00, 0x05, 0x00, 0x07, 0x00,
            0x25, 0x00, 0x00, 0x00, 0x56, 0x69, 0x65, 0x77, 0x70, 0x6F, 0x72, 0x74, 0x53, 0x69, 0x7A, 0x65,
            0x49, 0x6E, 0x76, 0x65, 0x72, 0x73, 0x65, 0x00, 0x05, 0x00, 0x05, 0x00, 0x2A, 0x00, 0x00, 0x00,
            0x49, 0x6E, 0x70, 0x75, 0x74, 0x50, 0x6F, 0x73, 0x00, 0x00, 0x00, 0x00, 0x05, 0x00, 0x05, 0x00,
            0x2E, 0x00, 0x00, 0x00, 0x67, 0x61, 0x74, 0x68, 0x65, 0x72, 0x43, 0x6F, 0x6F, 0x72, 0x64, 0x00,
            0x05, 0x00, 0x05, 0x00, 0x32, 0x00, 0x00, 0x00, 0x56, 0x69, 0x65, 0x77, 0x70, 0x6F, 0x72, 0x74,
            0x55, 0x56, 0x00, 0x00, 0x05, 0x00, 0x07, 0x00, 0x3D, 0x00, 0x00, 0x00, 0x73, 0x6C, 0x61, 0x6E,
            0x67, 0x5F, 0x72, 0x65, 0x73, 0x6F, 0x75, 0x72, 0x63, 0x65, 0x48, 0x65, 0x61, 0x70, 0x00, 0x00,
            0x05, 0x00, 0x07, 0x00, 0x47, 0x00, 0x00, 0x00, 0x73, 0x6C, 0x61, 0x6E, 0x67, 0x5F, 0x73, 0x61,
            0x6D, 0x70, 0x6C, 0x65, 0x72, 0x48, 0x65, 0x61, 0x70, 0x00, 0x00, 0x00, 0x05, 0x00, 0x03, 0x00,
            0x50, 0x00, 0x00, 0x00, 0x76, 0x31, 0x30, 0x00, 0x05, 0x00, 0x03, 0x00, 0x5F, 0x00, 0x00, 0x00,
            0x76, 0x31, 0x32, 0x00, 0x05, 0x00, 0x03, 0x00, 0x6B, 0x00, 0x00, 0x00, 0x76, 0x31, 0x34, 0x00,
            0x05, 0x00, 0x04, 0x00, 0x9F, 0x00, 0x00, 0x00, 0x4B, 0x66, 0x6F, 0x76, 0x00, 0x00, 0x00, 0x00,
            0x05, 0x00, 0x07, 0x00, 0xA8, 0x00, 0x00, 0x00, 0x4B, 0x73, 0x65, 0x70, 0x5F, 0x4B, 0x66, 0x6F,
            0x76, 0x5F, 0x64, 0x69, 0x61, 0x67, 0x6F, 0x6E, 0x61, 0x6C, 0x00, 0x00, 0x05, 0x00, 0x05, 0x00,
            0xAB, 0x00, 0x00, 0x00, 0x44, 0x65, 0x70, 0x74, 0x68, 0x73, 0x65, 0x70, 0x00, 0x00, 0x00, 0x00,
            0x05, 0x00, 0x04, 0x00, 0xB7, 0x00, 0x00, 0x00, 0x57, 0x64, 0x65, 0x70, 0x74, 0x68, 0x00, 0x00,
            0x05, 0x00, 0x04, 0x00, 0xBD, 0x00, 0x00, 0x00, 0x57, 0x64, 0x65, 0x70, 0x74, 0x68, 0x00, 0x00,
            0x05, 0x00, 0x04, 0x00, 0xC3, 0x00, 0x00, 0x00, 0x57, 0x64, 0x65, 0x70, 0x74, 0x68, 0x00, 0x00,
            0x05, 0x00, 0x05, 0x00, 0xD9, 0x00, 0x00, 0x00, 0x5F, 0x5F, 0x73, 0x61, 0x6D, 0x70, 0x6C, 0x65,
            0x64, 0x00, 0x00, 0x00, 0x05, 0x00, 0x05, 0x00, 0xFA, 0x00, 0x00, 0x00, 0x53, 0x63, 0x72, 0x65,
            0x65, 0x6E, 0x50, 0x6F, 0x73, 0x00, 0x00, 0x00, 0x05, 0x00, 0x05, 0x00, 0xFB, 0x00, 0x00, 0x00,
            0x50, 0x6F, 0x73, 0x69, 0x74, 0x69, 0x6F, 0x6E, 0x00, 0x00, 0x00, 0x00, 0x05, 0x00, 0x05, 0x00,
            0x04, 0x01, 0x00, 0x00, 0x50, 0x72, 0x65, 0x53, 0x63, 0x72, 0x65, 0x65, 0x6E, 0x00, 0x00, 0x00,
            0x05, 0x00, 0x05, 0x00, 0x12, 0x01, 0x00, 0x00, 0x5F, 0x5F, 0x73, 0x61, 0x6D, 0x70, 0x6C, 0x65,
            0x64, 0x00, 0x00, 0x00, 0x05, 0x00, 0x05, 0x00, 0x14, 0x01, 0x00, 0x00, 0x43, 0x6F, 0x6C, 0x6F,
            0x72, 0x72, 0x67, 0x62, 0x00, 0x00, 0x00, 0x00, 0x05, 0x00, 0x05, 0x00, 0x1A, 0x01, 0x00, 0x00,
            0x43, 0x6F, 0x6C, 0x6F, 0x72, 0x4D, 0x61, 0x78, 0x00, 0x00, 0x00, 0x00, 0x05, 0x00, 0x05, 0x00,
            0x1C, 0x01, 0x00, 0x00, 0x43, 0x6F, 0x6C, 0x6F, 0x72, 0x72, 0x67, 0x62, 0x00, 0x00, 0x00, 0x00,
            0x05, 0x00, 0x03, 0x00, 0x3B, 0x01, 0x00, 0x00, 0x78, 0x31, 0x31, 0x00, 0x05, 0x00, 0x03, 0x00,
            0x3F, 0x01, 0x00, 0x00, 0x79, 0x31, 0x31, 0x00, 0x05, 0x00, 0x03, 0x00, 0x44, 0x01, 0x00, 0x00,
            0x7A, 0x31, 0x30, 0x00, 0x05, 0x00, 0x03, 0x00, 0x5B, 0x01, 0x00, 0x00, 0x76, 0x32, 0x39, 0x00,
            0x05, 0x00, 0x04, 0x00, 0x02, 0x00, 0x00, 0x00, 0x4D, 0x61, 0x69, 0x6E, 0x00, 0x00, 0x00, 0x00,
            0x47, 0x00, 0x03, 0x00, 0x14, 0x00, 0x00, 0x00, 0x02, 0x00, 0x00, 0x00, 0x48, 0x00, 0x05, 0x00,
            0x14, 0x00, 0x00, 0x00, 0x00, 0x00, 0x00, 0x00, 0x23, 0x00, 0x00, 0x00, 0x00, 0x00, 0x00, 0x00,
            0x48, 0x00, 0x05, 0x00, 0x14, 0x00, 0x00, 0x00, 0x01, 0x00, 0x00, 0x00, 0x23, 0x00, 0x00, 0x00,
            0x10, 0x00, 0x00, 0x00, 0x48, 0x00, 0x05, 0x00, 0x14, 0x00, 0x00, 0x00, 0x02, 0x00, 0x00, 0x00,
            0x23, 0x00, 0x00, 0x00, 0x20, 0x00, 0x00, 0x00, 0x48, 0x00, 0x05, 0x00, 0x14, 0x00, 0x00, 0x00,
            0x03, 0x00, 0x00, 0x00, 0x23, 0x00, 0x00, 0x00, 0x30, 0x00, 0x00, 0x00, 0x48, 0x00, 0x04, 0x00,
            0x14, 0x00, 0x00, 0x00, 0x03, 0x00, 0x00, 0x00, 0x05, 0x00, 0x00, 0x00, 0x48, 0x00, 0x05, 0x00,
            0x14, 0x00, 0x00, 0x00, 0x03, 0x00, 0x00, 0x00, 0x07, 0x00, 0x00, 0x00, 0x10, 0x00, 0x00, 0x00,
            0x48, 0x00, 0x05, 0x00, 0x14, 0x00, 0x00, 0x00, 0x04, 0x00, 0x00, 0x00, 0x23, 0x00, 0x00, 0x00,
            0x70, 0x00, 0x00, 0x00, 0x48, 0x00, 0x05, 0x00, 0x14, 0x00, 0x00, 0x00, 0x05, 0x00, 0x00, 0x00,
            0x23, 0x00, 0x00, 0x00, 0x80, 0x00, 0x00, 0x00, 0x48, 0x00, 0x05, 0x00, 0x14, 0x00, 0x00, 0x00,
            0x06, 0x00, 0x00, 0x00, 0x23, 0x00, 0x00, 0x00, 0x90, 0x00, 0x00, 0x00, 0x48, 0x00, 0x05, 0x00,
            0x14, 0x00, 0x00, 0x00, 0x07, 0x00, 0x00, 0x00, 0x23, 0x00, 0x00, 0x00, 0x98, 0x00, 0x00, 0x00,
            0x48, 0x00, 0x05, 0x00, 0x14, 0x00, 0x00, 0x00, 0x08, 0x00, 0x00, 0x00, 0x23, 0x00, 0x00, 0x00,
            0xA0, 0x00, 0x00, 0x00, 0x48, 0x00, 0x05, 0x00, 0x14, 0x00, 0x00, 0x00, 0x09, 0x00, 0x00, 0x00,
            0x23, 0x00, 0x00, 0x00, 0xA8, 0x00, 0x00, 0x00, 0x48, 0x00, 0x05, 0x00, 0x14, 0x00, 0x00, 0x00,
            0x0A, 0x00, 0x00, 0x00, 0x23, 0x00, 0x00, 0x00, 0xB0, 0x00, 0x00, 0x00, 0x48, 0x00, 0x05, 0x00,
            0x14, 0x00, 0x00, 0x00, 0x0B, 0x00, 0x00, 0x00, 0x23, 0x00, 0x00, 0x00, 0xB8, 0x00, 0x00, 0x00,
            0x48, 0x00, 0x05, 0x00, 0x14, 0x00, 0x00, 0x00, 0x0C, 0x00, 0x00, 0x00, 0x23, 0x00, 0x00, 0x00,
            0xC0, 0x00, 0x00, 0x00, 0x48, 0x00, 0x05, 0x00, 0x14, 0x00, 0x00, 0x00, 0x0D, 0x00, 0x00, 0x00,
            0x23, 0x00, 0x00, 0x00, 0xC8, 0x00, 0x00, 0x00, 0x47, 0x00, 0x04, 0x00, 0x1B, 0x00, 0x00, 0x00,
            0x21, 0x00, 0x00, 0x00, 0x00, 0x00, 0x00, 0x00, 0x47, 0x00, 0x04, 0x00, 0x1B, 0x00, 0x00, 0x00,
            0x22, 0x00, 0x00, 0x00, 0x00, 0x00, 0x00, 0x00, 0x47, 0x00, 0x04, 0x00, 0x29, 0x00, 0x00, 0x00,
            0x0B, 0x00, 0x00, 0x00, 0x1C, 0x00, 0x00, 0x00, 0x4C, 0x01, 0x04, 0x00, 0x3A, 0x00, 0x00, 0x00,
            0x04, 0x14, 0x00, 0x00, 0x39, 0x00, 0x00, 0x00, 0x47, 0x00, 0x04, 0x00, 0x3D, 0x00, 0x00, 0x00,
            0x0B, 0x00, 0x00, 0x00, 0x03, 0x14, 0x00, 0x00, 0x4C, 0x01, 0x04, 0x00, 0x45, 0x00, 0x00, 0x00,
            0x04, 0x14, 0x00, 0x00, 0x44, 0x00, 0x00, 0x00, 0x47, 0x00, 0x04, 0x00, 0x47, 0x00, 0x00, 0x00,
            0x0B, 0x00, 0x00, 0x00, 0x02, 0x14, 0x00, 0x00, 0x4C, 0x01, 0x04, 0x00, 0x4B, 0x01, 0x00, 0x00,
            0x04, 0x14, 0x00, 0x00, 0x4A, 0x01, 0x00, 0x00, 0x4C, 0x01, 0x04, 0x00, 0x62, 0x01, 0x00, 0x00,
            0x04, 0x14, 0x00, 0x00, 0x61, 0x01, 0x00, 0x00, 0x13, 0x00, 0x02, 0x00, 0x01, 0x00, 0x00, 0x00,
            0x21, 0x00, 0x03, 0x00, 0x03, 0x00, 0x00, 0x00, 0x01, 0x00, 0x00, 0x00, 0x16, 0x00, 0x03, 0x00,
            0x05, 0x00, 0x00, 0x00, 0x20, 0x00, 0x00, 0x00, 0x20, 0x00, 0x04, 0x00, 0x06, 0x00, 0x00, 0x00,
            0x07, 0x00, 0x00, 0x00, 0x05, 0x00, 0x00, 0x00, 0x17, 0x00, 0x04, 0x00, 0x08, 0x00, 0x00, 0x00,
            0x05, 0x00, 0x00, 0x00, 0x02, 0x00, 0x00, 0x00, 0x20, 0x00, 0x04, 0x00, 0x09, 0x00, 0x00, 0x00,
            0x07, 0x00, 0x00, 0x00, 0x08, 0x00, 0x00, 0x00, 0x17, 0x00, 0x04, 0x00, 0x0B, 0x00, 0x00, 0x00,
            0x05, 0x00, 0x00, 0x00, 0x03, 0x00, 0x00, 0x00, 0x20, 0x00, 0x04, 0x00, 0x0C, 0x00, 0x00, 0x00,
            0x07, 0x00, 0x00, 0x00, 0x0B, 0x00, 0x00, 0x00, 0x15, 0x00, 0x04, 0x00, 0x15, 0x00, 0x00, 0x00,
            0x20, 0x00, 0x00, 0x00, 0x00, 0x00, 0x00, 0x00, 0x17, 0x00, 0x04, 0x00, 0x16, 0x00, 0x00, 0x00,
            0x15, 0x00, 0x00, 0x00, 0x04, 0x00, 0x00, 0x00, 0x17, 0x00, 0x04, 0x00, 0x17, 0x00, 0x00, 0x00,
            0x05, 0x00, 0x00, 0x00, 0x04, 0x00, 0x00, 0x00, 0x18, 0x00, 0x04, 0x00, 0x18, 0x00, 0x00, 0x00,
            0x17, 0x00, 0x00, 0x00, 0x04, 0x00, 0x00, 0x00, 0x17, 0x00, 0x04, 0x00, 0x19, 0x00, 0x00, 0x00,
            0x15, 0x00, 0x00, 0x00, 0x02, 0x00, 0x00, 0x00, 0x1E, 0x00, 0x10, 0x00, 0x14, 0x00, 0x00, 0x00,
            0x16, 0x00, 0x00, 0x00, 0x17, 0x00, 0x00, 0x00, 0x17, 0x00, 0x00, 0x00, 0x18, 0x00, 0x00, 0x00,
            0x17, 0x00, 0x00, 0x00, 0x16, 0x00, 0x00, 0x00, 0x19, 0x00, 0x00, 0x00, 0x19, 0x00, 0x00, 0x00,
            0x19, 0x00, 0x00, 0x00, 0x19, 0x00, 0x00, 0x00, 0x19, 0x00, 0x00, 0x00, 0x19, 0x00, 0x00, 0x00,
            0x19, 0x00, 0x00, 0x00, 0x19, 0x00, 0x00, 0x00, 0x20, 0x00, 0x04, 0x00, 0x1A, 0x00, 0x00, 0x00,
            0x02, 0x00, 0x00, 0x00, 0x14, 0x00, 0x00, 0x00, 0x15, 0x00, 0x04, 0x00, 0x1C, 0x00, 0x00, 0x00,
            0x20, 0x00, 0x00, 0x00, 0x01, 0x00, 0x00, 0x00, 0x2B, 0x00, 0x04, 0x00, 0x1C, 0x00, 0x00, 0x00,
            0x1D, 0x00, 0x00, 0x00, 0x04, 0x00, 0x00, 0x00, 0x20, 0x00, 0x04, 0x00, 0x1E, 0x00, 0x00, 0x00,
            0x02, 0x00, 0x00, 0x00, 0x17, 0x00, 0x00, 0x00, 0x2B, 0x00, 0x04, 0x00, 0x1C, 0x00, 0x00, 0x00,
            0x22, 0x00, 0x00, 0x00, 0x01, 0x00, 0x00, 0x00, 0x17, 0x00, 0x04, 0x00, 0x26, 0x00, 0x00, 0x00,
            0x15, 0x00, 0x00, 0x00, 0x03, 0x00, 0x00, 0x00, 0x20, 0x00, 0x04, 0x00, 0x28, 0x00, 0x00, 0x00,
            0x01, 0x00, 0x00, 0x00, 0x26, 0x00, 0x00, 0x00, 0x2B, 0x00, 0x04, 0x00, 0x05, 0x00, 0x00, 0x00,
            0x31, 0x00, 0x00, 0x00, 0x00, 0x00, 0x00, 0x3F, 0x2C, 0x00, 0x05, 0x00, 0x08, 0x00, 0x00, 0x00,
            0x30, 0x00, 0x00, 0x00, 0x31, 0x00, 0x00, 0x00, 0x31, 0x00, 0x00, 0x00, 0x2B, 0x00, 0x04, 0x00,
            0x1C, 0x00, 0x00, 0x00, 0x33, 0x00, 0x00, 0x00, 0x08, 0x00, 0x00, 0x00, 0x20, 0x00, 0x04, 0x00,
            0x34, 0x00, 0x00, 0x00, 0x02, 0x00, 0x00, 0x00, 0x19, 0x00, 0x00, 0x00, 0x19, 0x00, 0x09, 0x00,
            0x38, 0x00, 0x00, 0x00, 0x05, 0x00, 0x00, 0x00, 0x01, 0x00, 0x00, 0x00, 0x02, 0x00, 0x00, 0x00,
            0x00, 0x00, 0x00, 0x00, 0x00, 0x00, 0x00, 0x00, 0x01, 0x00, 0x00, 0x00, 0x00, 0x00, 0x00, 0x00,
            0x09, 0x14, 0x04, 0x00, 0x15, 0x00, 0x00, 0x00, 0x39, 0x00, 0x00, 0x00, 0x38, 0x00, 0x00, 0x00,
            0x1D, 0x00, 0x03, 0x00, 0x3A, 0x00, 0x00, 0x00, 0x38, 0x00, 0x00, 0x00, 0x41, 0x11, 0x03, 0x00,
            0x3B, 0x00, 0x00, 0x00, 0x00, 0x00, 0x00, 0x00, 0x2B, 0x00, 0x04, 0x00, 0x1C, 0x00, 0x00, 0x00,
            0x3F, 0x00, 0x00, 0x00, 0x0C, 0x00, 0x00, 0x00, 0x1A, 0x00, 0x02, 0x00, 0x43, 0x00, 0x00, 0x00,
            0x09, 0x14, 0x04, 0x00, 0x15, 0x00, 0x00, 0x00, 0x44, 0x00, 0x00, 0x00, 0x43, 0x00, 0x00, 0x00,
            0x1D, 0x00, 0x03, 0x00, 0x45, 0x00, 0x00, 0x00, 0x43, 0x00, 0x00, 0x00, 0x1B, 0x00, 0x03, 0x00,
            0x49, 0x00, 0x00, 0x00, 0x38, 0x00, 0x00, 0x00, 0x2B, 0x00, 0x04, 0x00, 0x1C, 0x00, 0x00, 0x00,
            0x4C, 0x00, 0x00, 0x00, 0x00, 0x00, 0x00, 0x00, 0x2B, 0x00, 0x04, 0x00, 0x05, 0x00, 0x00, 0x00,
            0x4F, 0x00, 0x00, 0x00, 0x00, 0x00, 0x00, 0x40, 0x2B, 0x00, 0x04, 0x00, 0x05, 0x00, 0x00, 0x00,
            0x51, 0x00, 0x00, 0x00, 0x00, 0x00, 0x00, 0x00, 0x14, 0x00, 0x02, 0x00, 0x8A, 0x00, 0x00, 0x00,
            0x2B, 0x00, 0x04, 0x00, 0x05, 0x00, 0x00, 0x00, 0x8C, 0x00, 0x00, 0x00, 0x58, 0xFF, 0x7F, 0x3F,
            0x20, 0x00, 0x04, 0x00, 0xA0, 0x00, 0x00, 0x00, 0x02, 0x00, 0x00, 0x00, 0x16, 0x00, 0x00, 0x00,
            0x2B, 0x00, 0x04, 0x00, 0x05, 0x00, 0x00, 0x00, 0xA7, 0x00, 0x00, 0x00, 0x0D, 0xD9, 0x65, 0x37,
            0x2B, 0x00, 0x04, 0x00, 0x05, 0x00, 0x00, 0x00, 0xAA, 0x00, 0x00, 0x00, 0x00, 0x00, 0x80, 0x3F,
            0x2B, 0x00, 0x04, 0x00, 0x05, 0x00, 0x00, 0x00, 0xAF, 0x00, 0x00, 0x00, 0xF1, 0x8C, 0xFF, 0x33,
            0x2B, 0x00, 0x04, 0x00, 0x05, 0x00, 0x00, 0x00, 0xC5, 0x00, 0x00, 0x00, 0x00, 0x00, 0x80, 0x3E,
            0x2B, 0x00, 0x04, 0x00, 0x1C, 0x00, 0x00, 0x00, 0xCC, 0x00, 0x00, 0x00, 0x09, 0x00, 0x00, 0x00,
            0x17, 0x00, 0x04, 0x00, 0xD4, 0x00, 0x00, 0x00, 0x1C, 0x00, 0x00, 0x00, 0x02, 0x00, 0x00, 0x00,
            0x17, 0x00, 0x04, 0x00, 0xD6, 0x00, 0x00, 0x00, 0x1C, 0x00, 0x00, 0x00, 0x03, 0x00, 0x00, 0x00,
            0x2B, 0x00, 0x04, 0x00, 0x05, 0x00, 0x00, 0x00, 0xE7, 0x00, 0x00, 0x00, 0xAB, 0x41, 0x80, 0x40,
            0x2B, 0x00, 0x04, 0x00, 0x05, 0x00, 0x00, 0x00, 0xE9, 0x00, 0x00, 0x00, 0x2B, 0x41, 0x00, 0x40,
            0x2B, 0x00, 0x04, 0x00, 0x1C, 0x00, 0x00, 0x00, 0xFC, 0x00, 0x00, 0x00, 0x03, 0x00, 0x00, 0x00,
            0x20, 0x00, 0x04, 0x00, 0xFD, 0x00, 0x00, 0x00, 0x02, 0x00, 0x00, 0x00, 0x18, 0x00, 0x00, 0x00,
            0x2B, 0x00, 0x04, 0x00, 0x1C, 0x00, 0x00, 0x00, 0x09, 0x01, 0x00, 0x00, 0x06, 0x00, 0x00, 0x00,
            0x2B, 0x00, 0x04, 0x00, 0x1C, 0x00, 0x00, 0x00, 0x2E, 0x01, 0x00, 0x00, 0x02, 0x00, 0x00, 0x00,
            0x2B, 0x00, 0x04, 0x00, 0x05, 0x00, 0x00, 0x00, 0x3A, 0x01, 0x00, 0x00, 0x00, 0xF0, 0xFF, 0x44,
            0x2B, 0x00, 0x04, 0x00, 0x05, 0x00, 0x00, 0x00, 0x43, 0x01, 0x00, 0x00, 0x00, 0xE0, 0x7F, 0x44,
            0x2B, 0x00, 0x04, 0x00, 0x1C, 0x00, 0x00, 0x00, 0x45, 0x01, 0x00, 0x00, 0x0A, 0x00, 0x00, 0x00,
            0x19, 0x00, 0x09, 0x00, 0x49, 0x01, 0x00, 0x00, 0x15, 0x00, 0x00, 0x00, 0x01, 0x00, 0x00, 0x00,
            0x02, 0x00, 0x00, 0x00, 0x00, 0x00, 0x00, 0x00, 0x00, 0x00, 0x00, 0x00, 0x02, 0x00, 0x00, 0x00,
            0x00, 0x00, 0x00, 0x00, 0x09, 0x14, 0x04, 0x00, 0x15, 0x00, 0x00, 0x00, 0x4A, 0x01, 0x00, 0x00,
            0x49, 0x01, 0x00, 0x00, 0x1D, 0x00, 0x03, 0x00, 0x4B, 0x01, 0x00, 0x00, 0x49, 0x01, 0x00, 0x00,
            0x2B, 0x00, 0x04, 0x00, 0x1C, 0x00, 0x00, 0x00, 0x53, 0x01, 0x00, 0x00, 0x15, 0x00, 0x00, 0x00,
            0x2B, 0x00, 0x04, 0x00, 0x1C, 0x00, 0x00, 0x00, 0x5C, 0x01, 0x00, 0x00, 0x0B, 0x00, 0x00, 0x00,
            0x19, 0x00, 0x09, 0x00, 0x60, 0x01, 0x00, 0x00, 0x05, 0x00, 0x00, 0x00, 0x01, 0x00, 0x00, 0x00,
            0x02, 0x00, 0x00, 0x00, 0x00, 0x00, 0x00, 0x00, 0x00, 0x00, 0x00, 0x00, 0x02, 0x00, 0x00, 0x00,
            0x00, 0x00, 0x00, 0x00, 0x09, 0x14, 0x04, 0x00, 0x15, 0x00, 0x00, 0x00, 0x61, 0x01, 0x00, 0x00,
            0x60, 0x01, 0x00, 0x00, 0x1D, 0x00, 0x03, 0x00, 0x62, 0x01, 0x00, 0x00, 0x60, 0x01, 0x00, 0x00,
            0x3B, 0x00, 0x04, 0x00, 0x1A, 0x00, 0x00, 0x00, 0x1B, 0x00, 0x00, 0x00, 0x02, 0x00, 0x00, 0x00,
            0x3B, 0x00, 0x04, 0x00, 0x28, 0x00, 0x00, 0x00, 0x29, 0x00, 0x00, 0x00, 0x01, 0x00, 0x00, 0x00,
            0x42, 0x11, 0x04, 0x00, 0x3B, 0x00, 0x00, 0x00, 0x3D, 0x00, 0x00, 0x00, 0x00, 0x00, 0x00, 0x00,
            0x42, 0x11, 0x04, 0x00, 0x3B, 0x00, 0x00, 0x00, 0x47, 0x00, 0x00, 0x00, 0x00, 0x00, 0x00, 0x00,
            0x2C, 0x00, 0x05, 0x00, 0x08, 0x00, 0x00, 0x00, 0x77, 0x01, 0x00, 0x00, 0xE9, 0x00, 0x00, 0x00,
            0xE9, 0x00, 0x00, 0x00, 0x2E, 0x00, 0x03, 0x00, 0x08, 0x00, 0x00, 0x00, 0x78, 0x01, 0x00, 0x00,
            0x36, 0x00, 0x05, 0x00, 0x01, 0x00, 0x00, 0x00, 0x02, 0x00, 0x00, 0x00, 0x00, 0x00, 0x00, 0x00,
            0x03, 0x00, 0x00, 0x00, 0xF8, 0x00, 0x02, 0x00, 0x04, 0x00, 0x00, 0x00, 0x3B, 0x00, 0x04, 0x00,
            0x09, 0x00, 0x00, 0x00, 0x6B, 0x01, 0x00, 0x00, 0x07, 0x00, 0x00, 0x00, 0x3B, 0x00, 0x04, 0x00,
            0x09, 0x00, 0x00, 0x00, 0x6C, 0x01, 0x00, 0x00, 0x07, 0x00, 0x00, 0x00, 0x3B, 0x00, 0x04, 0x00,
            0x06, 0x00, 0x00, 0x00, 0x07, 0x00, 0x00, 0x00, 0x07, 0x00, 0x00, 0x00, 0x3B, 0x00, 0x04, 0x00,
            0x09, 0x00, 0x00, 0x00, 0x0A, 0x00, 0x00, 0x00, 0x07, 0x00, 0x00, 0x00, 0x3B, 0x00, 0x04, 0x00,
            0x0C, 0x00, 0x00, 0x00, 0x0D, 0x00, 0x00, 0x00, 0x07, 0x00, 0x00, 0x00, 0x41, 0x00, 0x05, 0x00,
            0x1E, 0x00, 0x00, 0x00, 0x1F, 0x00, 0x00, 0x00, 0x1B, 0x00, 0x00, 0x00, 0x1D, 0x00, 0x00, 0x00,
            0x3D, 0x00, 0x04, 0x00, 0x17, 0x00, 0x00, 0x00, 0x20, 0x00, 0x00, 0x00, 0x1F, 0x00, 0x00, 0x00,
            0x51, 0x00, 0x05, 0x00, 0x05, 0x00, 0x00, 0x00, 0x21, 0x00, 0x00, 0x00, 0x20, 0x00, 0x00, 0x00,
            0x00, 0x00, 0x00, 0x00, 0x41, 0x00, 0x05, 0x00, 0x1E, 0x00, 0x00, 0x00, 0x23, 0x00, 0x00, 0x00,
            0x1B, 0x00, 0x00, 0x00, 0x22, 0x00, 0x00, 0x00, 0x3D, 0x00, 0x04, 0x00, 0x17, 0x00, 0x00, 0x00,
            0x24, 0x00, 0x00, 0x00, 0x23, 0x00, 0x00, 0x00, 0x4F, 0x00, 0x07, 0x00, 0x08, 0x00, 0x00, 0x00,
            0x25, 0x00, 0x00, 0x00, 0x24, 0x00, 0x00, 0x00, 0x24, 0x00, 0x00, 0x00, 0x00, 0x00, 0x00, 0x00,
            0x01, 0x00, 0x00, 0x00, 0x3D, 0x00, 0x04, 0x00, 0x26, 0x00, 0x00, 0x00, 0x27, 0x00, 0x00, 0x00,
            0x29, 0x00, 0x00, 0x00, 0x4F, 0x00, 0x07, 0x00, 0x19, 0x00, 0x00, 0x00, 0x2A, 0x00, 0x00, 0x00,
            0x27, 0x00, 0x00, 0x00, 0x27, 0x00, 0x00, 0x00, 0x00, 0x00, 0x00, 0x00, 0x01, 0x00, 0x00, 0x00,
            0x3D, 0x00, 0x04, 0x00, 0x26, 0x00, 0x00, 0x00, 0x2B, 0x00, 0x00, 0x00, 0x29, 0x00, 0x00, 0x00,
            0x4F, 0x00, 0x07, 0x00, 0x19, 0x00, 0x00, 0x00, 0x2C, 0x00, 0x00, 0x00, 0x2B, 0x00, 0x00, 0x00,
            0x2B, 0x00, 0x00, 0x00, 0x00, 0x00, 0x00, 0x00, 0x01, 0x00, 0x00, 0x00, 0x70, 0x00, 0x04, 0x00,
            0x08, 0x00, 0x00, 0x00, 0x2D, 0x00, 0x00, 0x00, 0x2C, 0x00, 0x00, 0x00, 0x85, 0x00, 0x05, 0x00,
            0x08, 0x00, 0x00, 0x00, 0x2E, 0x00, 0x00, 0x00, 0x2D, 0x00, 0x00, 0x00, 0x25, 0x00, 0x00, 0x00,
            0x85, 0x00, 0x05, 0x00, 0x08, 0x00, 0x00, 0x00, 0x2F, 0x00, 0x00, 0x00, 0x30, 0x00, 0x00, 0x00,
            0x25, 0x00, 0x00, 0x00, 0x81, 0x00, 0x05, 0x00, 0x08, 0x00, 0x00, 0x00, 0x32, 0x00, 0x00, 0x00,
            0x2E, 0x00, 0x00, 0x00, 0x2F, 0x00, 0x00, 0x00, 0x41, 0x00, 0x05, 0x00, 0x34, 0x00, 0x00, 0x00,
            0x35, 0x00, 0x00, 0x00, 0x1B, 0x00, 0x00, 0x00, 0x33, 0x00, 0x00, 0x00, 0x3D, 0x00, 0x04, 0x00,
            0x19, 0x00, 0x00, 0x00, 0x36, 0x00, 0x00, 0x00, 0x35, 0x00, 0x00, 0x00, 0x51, 0x00, 0x05, 0x00,
            0x15, 0x00, 0x00, 0x00, 0x37, 0x00, 0x00, 0x00, 0x36, 0x00, 0x00, 0x00, 0x00, 0x00, 0x00, 0x00,
            0x43, 0x11, 0x06, 0x00, 0x3B, 0x00, 0x00, 0x00, 0x3C, 0x00, 0x00, 0x00, 0x3A, 0x00, 0x00, 0x00,
            0x3D, 0x00, 0x00, 0x00, 0x37, 0x00, 0x00, 0x00, 0x3D, 0x00, 0x04, 0x00, 0x38, 0x00, 0x00, 0x00,
            0x3E, 0x00, 0x00, 0x00, 0x3C, 0x00, 0x00, 0x00, 0x41, 0x00, 0x05, 0x00, 0x34, 0x00, 0x00, 0x00,
            0x40, 0x00, 0x00, 0x00, 0x1B, 0x00, 0x00, 0x00, 0x3F, 0x00, 0x00, 0x00, 0x3D, 0x00, 0x04, 0x00,
            0x19, 0x00, 0x00, 0x00, 0x41, 0x00, 0x00, 0x00, 0x40, 0x00, 0x00, 0x00, 0x51, 0x00, 0x05, 0x00,
            0x15, 0x00, 0x00, 0x00, 0x42, 0x00, 0x00, 0x00, 0x41, 0x00, 0x00, 0x00, 0x00, 0x00, 0x00, 0x00,
            0x43, 0x11, 0x06, 0x00, 0x3B, 0x00, 0x00, 0x00, 0x46, 0x00, 0x00, 0x00, 0x45, 0x00, 0x00, 0x00,
            0x47, 0x00, 0x00, 0x00, 0x42, 0x00, 0x00, 0x00, 0x3D, 0x00, 0x04, 0x00, 0x43, 0x00, 0x00, 0x00,
            0x48, 0x00, 0x00, 0x00, 0x46, 0x00, 0x00, 0x00, 0x56, 0x00, 0x05, 0x00, 0x49, 0x00, 0x00, 0x00,
            0x4A, 0x00, 0x00, 0x00, 0x3E, 0x00, 0x00, 0x00, 0x48, 0x00, 0x00, 0x00, 0x60, 0x00, 0x06, 0x00,
            0x17, 0x00, 0x00, 0x00, 0x4B, 0x00, 0x00, 0x00, 0x4A, 0x00, 0x00, 0x00, 0x2E, 0x00, 0x00, 0x00,
            0x4C, 0x00, 0x00, 0x00, 0x51, 0x00, 0x05, 0x00, 0x05, 0x00, 0x00, 0x00, 0x4D, 0x00, 0x00, 0x00,
            0x24, 0x00, 0x00, 0x00, 0x00, 0x00, 0x00, 0x00, 0x85, 0x00, 0x05, 0x00, 0x05, 0x00, 0x00, 0x00,
            0x4E, 0x00, 0x00, 0x00, 0x4D, 0x00, 0x00, 0x00, 0x4F, 0x00, 0x00, 0x00, 0x50, 0x00, 0x05, 0x00,
            0x08, 0x00, 0x00, 0x00, 0x50, 0x00, 0x00, 0x00, 0x4E, 0x00, 0x00, 0x00, 0x51, 0x00, 0x00, 0x00,
            0x3D, 0x00, 0x04, 0x00, 0x19, 0x00, 0x00, 0x00, 0x52, 0x00, 0x00, 0x00, 0x35, 0x00, 0x00, 0x00,
            0x51, 0x00, 0x05, 0x00, 0x15, 0x00, 0x00, 0x00, 0x53, 0x00, 0x00, 0x00, 0x52, 0x00, 0x00, 0x00,
            0x00, 0x00, 0x00, 0x00, 0x43, 0x11, 0x06, 0x00, 0x3B, 0x00, 0x00, 0x00, 0x54, 0x00, 0x00, 0x00,
            0x3A, 0x00, 0x00, 0x00, 0x3D, 0x00, 0x00, 0x00, 0x53, 0x00, 0x00, 0x00, 0x3D, 0x00, 0x04, 0x00,
            0x38, 0x00, 0x00, 0x00, 0x55, 0x00, 0x00, 0x00, 0x54, 0x00, 0x00, 0x00, 0x3D, 0x00, 0x04, 0x00,
            0x19, 0x00, 0x00, 0x00, 0x56, 0x00, 0x00, 0x00, 0x40, 0x00, 0x00, 0x00, 0x51, 0x00, 0x05, 0x00,
            0x15, 0x00, 0x00, 0x00, 0x57, 0x00, 0x00, 0x00, 0x56, 0x00, 0x00, 0x00, 0x00, 0x00, 0x00, 0x00,
            0x43, 0x11, 0x06, 0x00, 0x3B, 0x00, 0x00, 0x00, 0x58, 0x00, 0x00, 0x00, 0x45, 0x00, 0x00, 0x00,
            0x47, 0x00, 0x00, 0x00, 0x57, 0x00, 0x00, 0x00, 0x3D, 0x00, 0x04, 0x00, 0x43, 0x00, 0x00, 0x00,
            0x59, 0x00, 0x00, 0x00, 0x58, 0x00, 0x00, 0x00, 0x81, 0x00, 0x05, 0x00, 0x08, 0x00, 0x00, 0x00,
            0x5A, 0x00, 0x00, 0x00, 0x2E, 0x00, 0x00, 0x00, 0x50, 0x00, 0x00, 0x00, 0x56, 0x00, 0x05, 0x00,
            0x49, 0x00, 0x00, 0x00, 0x5B, 0x00, 0x00, 0x00, 0x55, 0x00, 0x00, 0x00, 0x59, 0x00, 0x00, 0x00,
            0x60, 0x00, 0x06, 0x00, 0x17, 0x00, 0x00, 0x00, 0x5C, 0x00, 0x00, 0x00, 0x5B, 0x00, 0x00, 0x00,
            0x5A, 0x00, 0x00, 0x00, 0x4C, 0x00, 0x00, 0x00, 0x51, 0x00, 0x05, 0x00, 0x05, 0x00, 0x00, 0x00,
            0x5D, 0x00, 0x00, 0x00, 0x24, 0x00, 0x00, 0x00, 0x01, 0x00, 0x00, 0x00, 0x85, 0x00, 0x05, 0x00,
            0x05, 0x00, 0x00, 0x00, 0x5E, 0x00, 0x00, 0x00, 0x5D, 0x00, 0x00, 0x00, 0x4F, 0x00, 0x00, 0x00,
            0x50, 0x00, 0x05, 0x00, 0x08, 0x00, 0x00, 0x00, 0x5F, 0x00, 0x00, 0x00, 0x51, 0x00, 0x00, 0x00,
            0x5E, 0x00, 0x00, 0x00, 0x3D, 0x00, 0x04, 0x00, 0x19, 0x00, 0x00, 0x00, 0x60, 0x00, 0x00, 0x00,
            0x35, 0x00, 0x00, 0x00, 0x51, 0x00, 0x05, 0x00, 0x15, 0x00, 0x00, 0x00, 0x61, 0x00, 0x00, 0x00,
            0x60, 0x00, 0x00, 0x00, 0x00, 0x00, 0x00, 0x00, 0x43, 0x11, 0x06, 0x00, 0x3B, 0x00, 0x00, 0x00,
            0x62, 0x00, 0x00, 0x00, 0x3A, 0x00, 0x00, 0x00, 0x3D, 0x00, 0x00, 0x00, 0x61, 0x00, 0x00, 0x00,
            0x3D, 0x00, 0x04, 0x00, 0x38, 0x00, 0x00, 0x00, 0x63, 0x00, 0x00, 0x00, 0x62, 0x00, 0x00, 0x00,
            0x3D, 0x00, 0x04, 0x00, 0x19, 0x00, 0x00, 0x00, 0x64, 0x00, 0x00, 0x00, 0x40, 0x00, 0x00, 0x00,
            0x51, 0x00, 0x05, 0x00, 0x15, 0x00, 0x00, 0x00, 0x65, 0x00, 0x00, 0x00, 0x64, 0x00, 0x00, 0x00,
            0x00, 0x00, 0x00, 0x00, 0x43, 0x11, 0x06, 0x00, 0x3B, 0x00, 0x00, 0x00, 0x66, 0x00, 0x00, 0x00,
            0x45, 0x00, 0x00, 0x00, 0x47, 0x00, 0x00, 0x00, 0x65, 0x00, 0x00, 0x00, 0x3D, 0x00, 0x04, 0x00,
            0x43, 0x00, 0x00, 0x00, 0x67, 0x00, 0x00, 0x00, 0x66, 0x00, 0x00, 0x00, 0x81, 0x00, 0x05, 0x00,
            0x08, 0x00, 0x00, 0x00, 0x68, 0x00, 0x00, 0x00, 0x2E, 0x00, 0x00, 0x00, 0x5F, 0x00, 0x00, 0x00,
            0x56, 0x00, 0x05, 0x00, 0x49, 0x00, 0x00, 0x00, 0x69, 0x00, 0x00, 0x00, 0x63, 0x00, 0x00, 0x00,
            0x67, 0x00, 0x00, 0x00, 0x60, 0x00, 0x06, 0x00, 0x17, 0x00, 0x00, 0x00, 0x6A, 0x00, 0x00, 0x00,
            0x69, 0x00, 0x00, 0x00, 0x68, 0x00, 0x00, 0x00, 0x4C, 0x00, 0x00, 0x00, 0x50, 0x00, 0x05, 0x00,
            0x08, 0x00, 0x00, 0x00, 0x6B, 0x00, 0x00, 0x00, 0x4E, 0x00, 0x00, 0x00, 0x5E, 0x00, 0x00, 0x00,
            0x3D, 0x00, 0x04, 0x00, 0x19, 0x00, 0x00, 0x00, 0x6C, 0x00, 0x00, 0x00, 0x35, 0x00, 0x00, 0x00,
            0x51, 0x00, 0x05, 0x00, 0x15, 0x00, 0x00, 0x00, 0x6D, 0x00, 0x00, 0x00, 0x6C, 0x00, 0x00, 0x00,
            0x00, 0x00, 0x00, 0x00, 0x43, 0x11, 0x06, 0x00, 0x3B, 0x00, 0x00, 0x00, 0x6E, 0x00, 0x00, 0x00,
            0x3A, 0x00, 0x00, 0x00, 0x3D, 0x00, 0x00, 0x00, 0x6D, 0x00, 0x00, 0x00, 0x3D, 0x00, 0x04, 0x00,
            0x38, 0x00, 0x00, 0x00, 0x6F, 0x00, 0x00, 0x00, 0x6E, 0x00, 0x00, 0x00, 0x3D, 0x00, 0x04, 0x00,
            0x19, 0x00, 0x00, 0x00, 0x70, 0x00, 0x00, 0x00, 0x40, 0x00, 0x00, 0x00, 0x51, 0x00, 0x05, 0x00,
            0x15, 0x00, 0x00, 0x00, 0x71, 0x00, 0x00, 0x00, 0x70, 0x00, 0x00, 0x00, 0x00, 0x00, 0x00, 0x00,
            0x43, 0x11, 0x06, 0x00, 0x3B, 0x00, 0x00, 0x00, 0x72, 0x00, 0x00, 0x00, 0x45, 0x00, 0x00, 0x00,
            0x47, 0x00, 0x00, 0x00, 0x71, 0x00, 0x00, 0x00, 0x3D, 0x00, 0x04, 0x00, 0x43, 0x00, 0x00, 0x00,
            0x73, 0x00, 0x00, 0x00, 0x72, 0x00, 0x00, 0x00, 0x81, 0x00, 0x05, 0x00, 0x08, 0x00, 0x00, 0x00,
            0x74, 0x00, 0x00, 0x00, 0x2E, 0x00, 0x00, 0x00, 0x6B, 0x00, 0x00, 0x00, 0x56, 0x00, 0x05, 0x00,
            0x49, 0x00, 0x00, 0x00, 0x75, 0x00, 0x00, 0x00, 0x6F, 0x00, 0x00, 0x00, 0x73, 0x00, 0x00, 0x00,
            0x60, 0x00, 0x06, 0x00, 0x17, 0x00, 0x00, 0x00, 0x76, 0x00, 0x00, 0x00, 0x75, 0x00, 0x00, 0x00,
            0x74, 0x00, 0x00, 0x00, 0x4C, 0x00, 0x00, 0x00, 0x51, 0x00, 0x05, 0x00, 0x05, 0x00, 0x00, 0x00,
            0x77, 0x00, 0x00, 0x00, 0x4B, 0x00, 0x00, 0x00, 0x01, 0x00, 0x00, 0x00, 0x51, 0x00, 0x05, 0x00,
            0x05, 0x00, 0x00, 0x00, 0x78, 0x00, 0x00, 0x00, 0x5C, 0x00, 0x00, 0x00, 0x00, 0x00, 0x00, 0x00,
            0x0C, 0x00, 0x07, 0x00, 0x05, 0x00, 0x00, 0x00, 0x79, 0x00, 0x00, 0x00, 0x7A, 0x00, 0x00, 0x00,
            0x25, 0x00, 0x00, 0x00, 0x77, 0x00, 0x00, 0x00, 0x78, 0x00, 0x00, 0x00, 0x51, 0x00, 0x05, 0x00,
            0x05, 0x00, 0x00, 0x00, 0x7B, 0x00, 0x00, 0x00, 0x6A, 0x00, 0x00, 0x00, 0x02, 0x00, 0x00, 0x00,
            0x0C, 0x00, 0x07, 0x00, 0x05, 0x00, 0x00, 0x00, 0x7C, 0x00, 0x00, 0x00, 0x7A, 0x00, 0x00, 0x00,
            0x25, 0x00, 0x00, 0x00, 0x79, 0x00, 0x00, 0x00, 0x7B, 0x00, 0x00, 0x00, 0x51, 0x00, 0x05, 0x00,
            0x05, 0x00, 0x00, 0x00, 0x7D, 0x00, 0x00, 0x00, 0x76, 0x00, 0x00, 0x00, 0x03, 0x00, 0x00, 0x00,
            0x0C, 0x00, 0x07, 0x00, 0x05, 0x00, 0x00, 0x00, 0x7E, 0x00, 0x00, 0x00, 0x7A, 0x00, 0x00, 0x00,
            0x25, 0x00, 0x00, 0x00, 0x7C, 0x00, 0x00, 0x00, 0x7D, 0x00, 0x00, 0x00, 0x51, 0x00, 0x05, 0x00,
            0x05, 0x00, 0x00, 0x00, 0x7F, 0x00, 0x00, 0x00, 0x4B, 0x00, 0x00, 0x00, 0x00, 0x00, 0x00, 0x00,
            0x0C, 0x00, 0x07, 0x00, 0x05, 0x00, 0x00, 0x00, 0x80, 0x00, 0x00, 0x00, 0x7A, 0x00, 0x00, 0x00,
            0x25, 0x00, 0x00, 0x00, 0x77, 0x00, 0x00, 0x00, 0x7F, 0x00, 0x00, 0x00, 0x51, 0x00, 0x05, 0x00,
            0x05, 0x00, 0x00, 0x00, 0x81, 0x00, 0x00, 0x00, 0x4B, 0x00, 0x00, 0x00, 0x02, 0x00, 0x00, 0x00,
            0x0C, 0x00, 0x07, 0x00, 0x05, 0x00, 0x00, 0x00, 0x82, 0x00, 0x00, 0x00, 0x7A, 0x00, 0x00, 0x00,
            0x25, 0x00, 0x00, 0x00, 0x80, 0x00, 0x00, 0x00, 0x81, 0x00, 0x00, 0x00, 0x51, 0x00, 0x05, 0x00,
            0x05, 0x00, 0x00, 0x00, 0x83, 0x00, 0x00, 0x00, 0x4B, 0x00, 0x00, 0x00, 0x03, 0x00, 0x00, 0x00,
            0x0C, 0x00, 0x07, 0x00, 0x05, 0x00, 0x00, 0x00, 0x84, 0x00, 0x00, 0x00, 0x7A, 0x00, 0x00, 0x00,
            0x25, 0x00, 0x00, 0x00, 0x82, 0x00, 0x00, 0x00, 0x83, 0x00, 0x00, 0x00, 0x51, 0x00, 0x05, 0x00,
            0x05, 0x00, 0x00, 0x00, 0x85, 0x00, 0x00, 0x00, 0x6A, 0x00, 0x00, 0x00, 0x03, 0x00, 0x00, 0x00,
            0x0C, 0x00, 0x07, 0x00, 0x05, 0x00, 0x00, 0x00, 0x86, 0x00, 0x00, 0x00, 0x7A, 0x00, 0x00, 0x00,
            0x25, 0x00, 0x00, 0x00, 0x7E, 0x00, 0x00, 0x00, 0x84, 0x00, 0x00, 0x00, 0x51, 0x00, 0x05, 0x00,
            0x05, 0x00, 0x00, 0x00, 0x87, 0x00, 0x00, 0x00, 0x5C, 0x00, 0x00, 0x00, 0x03, 0x00, 0x00, 0x00,
            0x0C, 0x00, 0x07, 0x00, 0x05, 0x00, 0x00, 0x00, 0x88, 0x00, 0x00, 0x00, 0x7A, 0x00, 0x00, 0x00,
            0x25, 0x00, 0x00, 0x00, 0x86, 0x00, 0x00, 0x00, 0x87, 0x00, 0x00, 0x00, 0x0C, 0x00, 0x07, 0x00,
            0x05, 0x00, 0x00, 0x00, 0x89, 0x00, 0x00, 0x00, 0x7A, 0x00, 0x00, 0x00, 0x25, 0x00, 0x00, 0x00,
            0x85, 0x00, 0x00, 0x00, 0x88, 0x00, 0x00, 0x00, 0xB8, 0x00, 0x05, 0x00, 0x8A, 0x00, 0x00, 0x00,
            0x8B, 0x00, 0x00, 0x00, 0x7E, 0x00, 0x00, 0x00, 0x8C, 0x00, 0x00, 0x00, 0xF7, 0x00, 0x03, 0x00,
            0x10, 0x00, 0x00, 0x00, 0x00, 0x00, 0x00, 0x00, 0xFA, 0x00, 0x04, 0x00, 0x8B, 0x00, 0x00, 0x00,
            0x0E, 0x00, 0x00, 0x00, 0x0F, 0x00, 0x00, 0x00, 0xF8, 0x00, 0x02, 0x00, 0x0E, 0x00, 0x00, 0x00,
            0x51, 0x00, 0x05, 0x00, 0x05, 0x00, 0x00, 0x00, 0x8E, 0x00, 0x00, 0x00, 0x5C, 0x00, 0x00, 0x00,
            0x01, 0x00, 0x00, 0x00, 0x0C, 0x00, 0x07, 0x00, 0x05, 0x00, 0x00, 0x00, 0x8F, 0x00, 0x00, 0x00,
            0x7A, 0x00, 0x00, 0x00, 0x25, 0x00, 0x00, 0x00, 0x8E, 0x00, 0x00, 0x00, 0x78, 0x00, 0x00, 0x00,
            0x51, 0x00, 0x05, 0x00, 0x05, 0x00, 0x00, 0x00, 0x90, 0x00, 0x00, 0x00, 0x5C, 0x00, 0x00, 0x00,
            0x02, 0x00, 0x00, 0x00, 0x0C, 0x00, 0x07, 0x00, 0x05, 0x00, 0x00, 0x00, 0x91, 0x00, 0x00, 0x00,
            0x7A, 0x00, 0x00, 0x00, 0x25, 0x00, 0x00, 0x00, 0x8F, 0x00, 0x00, 0x00, 0x90, 0x00, 0x00, 0x00,
            0x0C, 0x00, 0x07, 0x00, 0x05, 0x00, 0x00, 0x00, 0x92, 0x00, 0x00, 0x00, 0x7A, 0x00, 0x00, 0x00,
            0x25, 0x00, 0x00, 0x00, 0x91, 0x00, 0x00, 0x00, 0x87, 0x00, 0x00, 0x00, 0x51, 0x00, 0x05, 0x00,
            0x05, 0x00, 0x00, 0x00, 0x93, 0x00, 0x00, 0x00, 0x6A, 0x00, 0x00, 0x00, 0x01, 0x00, 0x00, 0x00,
            0x51, 0x00, 0x05, 0x00, 0x05, 0x00, 0x00, 0x00, 0x94, 0x00, 0x00, 0x00, 0x6A, 0x00, 0x00, 0x00,
            0x00, 0x00, 0x00, 0x00, 0x0C, 0x00, 0x07, 0x00, 0x05, 0x00, 0x00, 0x00, 0x95, 0x00, 0x00, 0x00,
            0x7A, 0x00, 0x00, 0x00, 0x25, 0x00, 0x00, 0x00, 0x93, 0x00, 0x00, 0x00, 0x94, 0x00, 0x00, 0x00,
            0x0C, 0x00, 0x07, 0x00, 0x05, 0x00, 0x00, 0x00, 0x96, 0x00, 0x00, 0x00, 0x7A, 0x00, 0x00, 0x00,
            0x25, 0x00, 0x00, 0x00, 0x95, 0x00, 0x00, 0x00, 0x7B, 0x00, 0x00, 0x00, 0x0C, 0x00, 0x07, 0x00,
            0x05, 0x00, 0x00, 0x00, 0x97, 0x00, 0x00, 0x00, 0x7A, 0x00, 0x00, 0x00, 0x25, 0x00, 0x00, 0x00,
            0x96, 0x00, 0x00, 0x00, 0x85, 0x00, 0x00, 0x00, 0x51, 0x00, 0x05, 0x00, 0x05, 0x00, 0x00, 0x00,
            0x98, 0x00, 0x00, 0x00, 0x76, 0x00, 0x00, 0x00, 0x01, 0x00, 0x00, 0x00, 0x51, 0x00, 0x05, 0x00,
            0x05, 0x00, 0x00, 0x00, 0x99, 0x00, 0x00, 0x00, 0x76, 0x00, 0x00, 0x00, 0x00, 0x00, 0x00, 0x00,
            0x0C, 0x00, 0x07, 0x00, 0x05, 0x00, 0x00, 0x00, 0x9A, 0x00, 0x00, 0x00, 0x7A, 0x00, 0x00, 0x00,
            0x25, 0x00, 0x00, 0x00, 0x98, 0x00, 0x00, 0x00, 0x99, 0x00, 0x00, 0x00, 0x51, 0x00, 0x05, 0x00,
            0x05, 0x00, 0x00, 0x00, 0x9B, 0x00, 0x00, 0x00, 0x76, 0x00, 0x00, 0x00, 0x02, 0x00, 0x00, 0x00,
            0x0C, 0x00, 0x07, 0x00, 0x05, 0x00, 0x00, 0x00, 0x9C, 0x00, 0x00, 0x00, 0x7A, 0x00, 0x00, 0x00,
            0x25, 0x00, 0x00, 0x00, 0x9A, 0x00, 0x00, 0x00, 0x9B, 0x00, 0x00, 0x00, 0x0C, 0x00, 0x07, 0x00,
            0x05, 0x00, 0x00, 0x00, 0x9D, 0x00, 0x00, 0x00, 0x7A, 0x00, 0x00, 0x00, 0x25, 0x00, 0x00, 0x00,
            0x9C, 0x00, 0x00, 0x00, 0x7D, 0x00, 0x00, 0x00, 0x3D, 0x00, 0x04, 0x00, 0x17, 0x00, 0x00, 0x00,
            0x9E, 0x00, 0x00, 0x00, 0x1F, 0x00, 0x00, 0x00, 0x51, 0x00, 0x05, 0x00, 0x05, 0x00, 0x00, 0x00,
            0x9F, 0x00, 0x00, 0x00, 0x9E, 0x00, 0x00, 0x00, 0x01, 0x00, 0x00, 0x00, 0x41, 0x00, 0x05, 0x00,
            0xA0, 0x00, 0x00, 0x00, 0xA1, 0x00, 0x00, 0x00, 0x1B, 0x00, 0x00, 0x00, 0x4C, 0x00, 0x00, 0x00,
            0x3D, 0x00, 0x04, 0x00, 0x16, 0x00, 0x00, 0x00, 0xA2, 0x00, 0x00, 0x00, 0xA1, 0x00, 0x00, 0x00,
            0x4F, 0x00, 0x07, 0x00, 0x19, 0x00, 0x00, 0x00, 0xA3, 0x00, 0x00, 0x00, 0xA2, 0x00, 0x00, 0x00,
            0xA2, 0x00, 0x00, 0x00, 0x00, 0x00, 0x00, 0x00, 0x01, 0x00, 0x00, 0x00, 0x70, 0x00, 0x04, 0x00,
            0x08, 0x00, 0x00, 0x00, 0xA4, 0x00, 0x00, 0x00, 0xA3, 0x00, 0x00, 0x00, 0x0C, 0x00, 0x06, 0x00,
            0x05, 0x00, 0x00, 0x00, 0xA5, 0x00, 0x00, 0x00, 0x7A, 0x00, 0x00, 0x00, 0x42, 0x00, 0x00, 0x00,
            0xA4, 0x00, 0x00, 0x00, 0x85, 0x00, 0x05, 0x00, 0x05, 0x00, 0x00, 0x00, 0xA6, 0x00, 0x00, 0x00,
            0xA7, 0x00, 0x00, 0x00, 0x9F, 0x00, 0x00, 0x00, 0x85, 0x00, 0x05, 0x00, 0x05, 0x00, 0x00, 0x00,
            0xA8, 0x00, 0x00, 0x00, 0xA6, 0x00, 0x00, 0x00, 0xA5, 0x00, 0x00, 0x00, 0x83, 0x00, 0x05, 0x00,
            0x05, 0x00, 0x00, 0x00, 0xA9, 0x00, 0x00, 0x00, 0xAA, 0x00, 0x00, 0x00, 0x7E, 0x00, 0x00, 0x00,
            0x85, 0x00, 0x05, 0x00, 0x05, 0x00, 0x00, 0x00, 0xAB, 0x00, 0x00, 0x00, 0xA8, 0x00, 0x00, 0x00,
            0xA9, 0x00, 0x00, 0x00, 0x83, 0x00, 0x05, 0x00, 0x05, 0x00, 0x00, 0x00, 0xAC, 0x00, 0x00, 0x00,
            0x7E, 0x00, 0x00, 0x00, 0x84, 0x00, 0x00, 0x00, 0x0C, 0x00, 0x06, 0x00, 0x05, 0x00, 0x00, 0x00,
            0xAD, 0x00, 0x00, 0x00, 0x7A, 0x00, 0x00, 0x00, 0x04, 0x00, 0x00, 0x00, 0xAC, 0x00, 0x00, 0x00,
            0x81, 0x00, 0x05, 0x00, 0x05, 0x00, 0x00, 0x00, 0xAE, 0x00, 0x00, 0x00, 0xAD, 0x00, 0x00, 0x00,
            0xAF, 0x00, 0x00, 0x00, 0x88, 0x00, 0x05, 0x00, 0x05, 0x00, 0x00, 0x00, 0xB0, 0x00, 0x00, 0x00,
            0xAB, 0x00, 0x00, 0x00, 0xAE, 0x00, 0x00, 0x00, 0x0C, 0x00, 0x08, 0x00, 0x05, 0x00, 0x00, 0x00,
            0xB1, 0x00, 0x00, 0x00, 0x7A, 0x00, 0x00, 0x00, 0x2B, 0x00, 0x00, 0x00, 0xB0, 0x00, 0x00, 0x00,
            0x51, 0x00, 0x00, 0x00, 0xAA, 0x00, 0x00, 0x00, 0x83, 0x00, 0x05, 0x00, 0x05, 0x00, 0x00, 0x00,
            0xB2, 0x00, 0x00, 0x00, 0x7E, 0x00, 0x00, 0x00, 0x92, 0x00, 0x00, 0x00, 0x0C, 0x00, 0x06, 0x00,
            0x05, 0x00, 0x00, 0x00, 0xB3, 0x00, 0x00, 0x00, 0x7A, 0x00, 0x00, 0x00, 0x04, 0x00, 0x00, 0x00,
            0xB2, 0x00, 0x00, 0x00, 0x81, 0x00, 0x05, 0x00, 0x05, 0x00, 0x00, 0x00, 0xB4, 0x00, 0x00, 0x00,
            0xB3, 0x00, 0x00, 0x00, 0xAF, 0x00, 0x00, 0x00, 0x88, 0x00, 0x05, 0x00, 0x05, 0x00, 0x00, 0x00,
            0xB5, 0x00, 0x00, 0x00, 0xAB, 0x00, 0x00, 0x00, 0xB4, 0x00, 0x00, 0x00, 0x0C, 0x00, 0x08, 0x00,
            0x05, 0x00, 0x00, 0x00, 0xB6, 0x00, 0x00, 0x00, 0x7A, 0x00, 0x00, 0x00, 0x2B, 0x00, 0x00, 0x00,
            0xB5, 0x00, 0x00, 0x00, 0x51, 0x00, 0x00, 0x00, 0xAA, 0x00, 0x00, 0x00, 0x81, 0x00, 0x05, 0x00,
            0x05, 0x00, 0x00, 0x00, 0xB7, 0x00, 0x00, 0x00, 0xB1, 0x00, 0x00, 0x00, 0xB6, 0x00, 0x00, 0x00,
            0x83, 0x00, 0x05, 0x00, 0x05, 0x00, 0x00, 0x00, 0xB8, 0x00, 0x00, 0x00, 0x7E, 0x00, 0x00, 0x00,
            0x97, 0x00, 0x00, 0x00, 0x0C, 0x00, 0x06, 0x00, 0x05, 0x00, 0x00, 0x00, 0xB9, 0x00, 0x00, 0x00,
            0x7A, 0x00, 0x00, 0x00, 0x04, 0x00, 0x00, 0x00, 0xB8, 0x00, 0x00, 0x00, 0x81, 0x00, 0x05, 0x00,
            0x05, 0x00, 0x00, 0x00, 0xBA, 0x00, 0x00, 0x00, 0xB9, 0x00, 0x00, 0x00, 0xAF, 0x00, 0x00, 0x00,
            0x88, 0x00, 0x05, 0x00, 0x05, 0x00, 0x00, 0x00, 0xBB, 0x00, 0x00, 0x00, 0xAB, 0x00, 0x00, 0x00,
            0xBA, 0x00, 0x00, 0x00, 0x0C, 0x00, 0x08, 0x00, 0x05, 0x00, 0x00, 0x00, 0xBC, 0x00, 0x00, 0x00,
            0x7A, 0x00, 0x00, 0x00, 0x2B, 0x00, 0x00, 0x00, 0xBB, 0x00, 0x00, 0x00, 0x51, 0x00, 0x00, 0x00,
            0xAA, 0x00, 0x00, 0x00, 0x81, 0x00, 0x05, 0x00, 0x05, 0x00, 0x00, 0x00, 0xBD, 0x00, 0x00, 0x00,
            0xB7, 0x00, 0x00, 0x00, 0xBC, 0x00, 0x00, 0x00, 0x83, 0x00, 0x05, 0x00, 0x05, 0x00, 0x00, 0x00,
            0xBE, 0x00, 0x00, 0x00, 0x7E, 0x00, 0x00, 0x00, 0x9D, 0x00, 0x00, 0x00, 0x0C, 0x00, 0x06, 0x00,
            0x05, 0x00, 0x00, 0x00, 0xBF, 0x00, 0x00, 0x00, 0x7A, 0x00, 0x00, 0x00, 0x04, 0x00, 0x00, 0x00,
            0xBE, 0x00, 0x00, 0x00, 0x81, 0x00, 0x05, 0x00, 0x05, 0x00, 0x00, 0x00, 0xC0, 0x00, 0x00, 0x00,
            0xBF, 0x00, 0x00, 0x00, 0xAF, 0x00, 0x00, 0x00, 0x88, 0x00, 0x05, 0x00, 0x05, 0x00, 0x00, 0x00,
            0xC1, 0x00, 0x00, 0x00, 0xAB, 0x00, 0x00, 0x00, 0xC0, 0x00, 0x00, 0x00, 0x0C, 0x00, 0x08, 0x00,
            0x05, 0x00, 0x00, 0x00, 0xC2, 0x00, 0x00, 0x00, 0x7A, 0x00, 0x00, 0x00, 0x2B, 0x00, 0x00, 0x00,
            0xC1, 0x00, 0x00, 0x00, 0x51, 0x00, 0x00, 0x00, 0xAA, 0x00, 0x00, 0x00, 0x81, 0x00, 0x05, 0x00,
            0x05, 0x00, 0x00, 0x00, 0xC3, 0x00, 0x00, 0x00, 0xBD, 0x00, 0x00, 0x00, 0xC2, 0x00, 0x00, 0x00,
            0x85, 0x00, 0x05, 0x00, 0x05, 0x00, 0x00, 0x00, 0xC4, 0x00, 0x00, 0x00, 0xC3, 0x00, 0x00, 0x00,
            0xC5, 0x00, 0x00, 0x00, 0x83, 0x00, 0x05, 0x00, 0x05, 0x00, 0x00, 0x00, 0xC6, 0x00, 0x00, 0x00,
            0xAA, 0x00, 0x00, 0x00, 0xC4, 0x00, 0x00, 0x00, 0x0C, 0x00, 0x08, 0x00, 0x05, 0x00, 0x00, 0x00,
            0xC7, 0x00, 0x00, 0x00, 0x7A, 0x00, 0x00, 0x00, 0x2B, 0x00, 0x00, 0x00, 0xC6, 0x00, 0x00, 0x00,
            0x51, 0x00, 0x00, 0x00, 0xAA, 0x00, 0x00, 0x00, 0x3E, 0x00, 0x03, 0x00, 0x07, 0x00, 0x00, 0x00,
            0xC7, 0x00, 0x00, 0x00, 0xF9, 0x00, 0x02, 0x00, 0x10, 0x00, 0x00, 0x00, 0xF8, 0x00, 0x02, 0x00,
            0x0F, 0x00, 0x00, 0x00, 0x3E, 0x00, 0x03, 0x00, 0x07, 0x00, 0x00, 0x00, 0x51, 0x00, 0x00, 0x00,
            0xF9, 0x00, 0x02, 0x00, 0x10, 0x00, 0x00, 0x00, 0xF8, 0x00, 0x02, 0x00, 0x10, 0x00, 0x00, 0x00,
            0x41, 0x00, 0x05, 0x00, 0x34, 0x00, 0x00, 0x00, 0xCD, 0x00, 0x00, 0x00, 0x1B, 0x00, 0x00, 0x00,
            0xCC, 0x00, 0x00, 0x00, 0x3D, 0x00, 0x04, 0x00, 0x19, 0x00, 0x00, 0x00, 0xCE, 0x00, 0x00, 0x00,
            0xCD, 0x00, 0x00, 0x00, 0x51, 0x00, 0x05, 0x00, 0x15, 0x00, 0x00, 0x00, 0xCF, 0x00, 0x00, 0x00,
            0xCE, 0x00, 0x00, 0x00, 0x00, 0x00, 0x00, 0x00, 0x43, 0x11, 0x06, 0x00, 0x3B, 0x00, 0x00, 0x00,
            0xD0, 0x00, 0x00, 0x00, 0x3A, 0x00, 0x00, 0x00, 0x3D, 0x00, 0x00, 0x00, 0xCF, 0x00, 0x00, 0x00,
            0x3D, 0x00, 0x04, 0x00, 0x38, 0x00, 0x00, 0x00, 0xD1, 0x00, 0x00, 0x00, 0xD0, 0x00, 0x00, 0x00,
            0x3D, 0x00, 0x04, 0x00, 0x26, 0x00, 0x00, 0x00, 0xD2, 0x00, 0x00, 0x00, 0x29, 0x00, 0x00, 0x00,
            0x4F, 0x00, 0x07, 0x00, 0x19, 0x00, 0x00, 0x00, 0xD3, 0x00, 0x00, 0x00, 0xD2, 0x00, 0x00, 0x00,
            0xD2, 0x00, 0x00, 0x00, 0x00, 0x00, 0x00, 0x00, 0x01, 0x00, 0x00, 0x00, 0x7C, 0x00, 0x04, 0x00,
            0xD4, 0x00, 0x00, 0x00, 0xD5, 0x00, 0x00, 0x00, 0xD3, 0x00, 0x00, 0x00, 0x50, 0x00, 0x05, 0x00,
            0xD6, 0x00, 0x00, 0x00, 0xD7, 0x00, 0x00, 0x00, 0xD5, 0x00, 0x00, 0x00, 0x4C, 0x00, 0x00, 0x00,
            0x4F, 0x00, 0x07, 0x00, 0xD4, 0x00, 0x00, 0x00, 0xD8, 0x00, 0x00, 0x00, 0xD7, 0x00, 0x00, 0x00,
            0xD7, 0x00, 0x00, 0x00, 0x00, 0x00, 0x00, 0x00, 0x01, 0x00, 0x00, 0x00, 0x5F, 0x00, 0x07, 0x00,
            0x17, 0x00, 0x00, 0x00, 0xD9, 0x00, 0x00, 0x00, 0xD1, 0x00, 0x00, 0x00, 0xD8, 0x00, 0x00, 0x00,
            0x02, 0x00, 0x00, 0x00, 0x4C, 0x00, 0x00, 0x00, 0x51, 0x00, 0x05, 0x00, 0x05, 0x00, 0x00, 0x00,
            0xDB, 0x00, 0x00, 0x00, 0xD9, 0x00, 0x00, 0x00, 0x00, 0x00, 0x00, 0x00, 0xBA, 0x00, 0x05, 0x00,
            0x8A, 0x00, 0x00, 0x00, 0xDC, 0x00, 0x00, 0x00, 0xDB, 0x00, 0x00, 0x00, 0x51, 0x00, 0x00, 0x00,
            0xF7, 0x00, 0x03, 0x00, 0x13, 0x00, 0x00, 0x00, 0x00, 0x00, 0x00, 0x00, 0xFA, 0x00, 0x04, 0x00,
            0xDC, 0x00, 0x00, 0x00, 0x11, 0x00, 0x00, 0x00, 0x12, 0x00, 0x00, 0x00, 0xF8, 0x00, 0x02, 0x00,
            0x11, 0x00, 0x00, 0x00, 0x4F, 0x00, 0x07, 0x00, 0x08, 0x00, 0x00, 0x00, 0x6E, 0x01, 0x00, 0x00,
            0xD9, 0x00, 0x00, 0x00, 0x78, 0x01, 0x00, 0x00, 0x00, 0x00, 0x00, 0x00, 0x01, 0x00, 0x00, 0x00,
            0x8E, 0x00, 0x05, 0x00, 0x08, 0x00, 0x00, 0x00, 0x6F, 0x01, 0x00, 0x00, 0x6E, 0x01, 0x00, 0x00,
            0xE7, 0x00, 0x00, 0x00, 0x83, 0x00, 0x05, 0x00, 0x08, 0x00, 0x00, 0x00, 0x71, 0x01, 0x00, 0x00,
            0x6F, 0x01, 0x00, 0x00, 0x77, 0x01, 0x00, 0x00, 0x41, 0x00, 0x05, 0x00, 0x06, 0x00, 0x00, 0x00,
            0x72, 0x01, 0x00, 0x00, 0x6B, 0x01, 0x00, 0x00, 0x4C, 0x00, 0x00, 0x00, 0x51, 0x00, 0x05, 0x00,
            0x05, 0x00, 0x00, 0x00, 0x73, 0x01, 0x00, 0x00, 0x71, 0x01, 0x00, 0x00, 0x00, 0x00, 0x00, 0x00,
            0x3E, 0x00, 0x03, 0x00, 0x72, 0x01, 0x00, 0x00, 0x73, 0x01, 0x00, 0x00, 0x41, 0x00, 0x05, 0x00,
            0x06, 0x00, 0x00, 0x00, 0x74, 0x01, 0x00, 0x00, 0x6B, 0x01, 0x00, 0x00, 0x22, 0x00, 0x00, 0x00,
            0x51, 0x00, 0x05, 0x00, 0x05, 0x00, 0x00, 0x00, 0x75, 0x01, 0x00, 0x00, 0x71, 0x01, 0x00, 0x00,
            0x01, 0x00, 0x00, 0x00, 0x3E, 0x00, 0x03, 0x00, 0x74, 0x01, 0x00, 0x00, 0x75, 0x01, 0x00, 0x00,
            0x3D, 0x00, 0x04, 0x00, 0x08, 0x00, 0x00, 0x00, 0x76, 0x01, 0x00, 0x00, 0x6B, 0x01, 0x00, 0x00,
            0x3E, 0x00, 0x03, 0x00, 0x6C, 0x01, 0x00, 0x00, 0x76, 0x01, 0x00, 0x00, 0x3D, 0x00, 0x04, 0x00,
            0x08, 0x00, 0x00, 0x00, 0xDF, 0x00, 0x00, 0x00, 0x6C, 0x01, 0x00, 0x00, 0x3E, 0x00, 0x03, 0x00,
            0x0A, 0x00, 0x00, 0x00, 0xDF, 0x00, 0x00, 0x00, 0xF9, 0x00, 0x02, 0x00, 0x13, 0x00, 0x00, 0x00,
            0xF8, 0x00, 0x02, 0x00, 0x12, 0x00, 0x00, 0x00, 0x51, 0x00, 0x05, 0x00, 0x05, 0x00, 0x00, 0x00,
            0xF4, 0x00, 0x00, 0x00, 0x32, 0x00, 0x00, 0x00, 0x00, 0x00, 0x00, 0x00, 0x85, 0x00, 0x05, 0x00,
            0x05, 0x00, 0x00, 0x00, 0xF5, 0x00, 0x00, 0x00, 0x4F, 0x00, 0x00, 0x00, 0xF4, 0x00, 0x00, 0x00,
            0x83, 0x00, 0x05, 0x00, 0x05, 0x00, 0x00, 0x00, 0xF6, 0x00, 0x00, 0x00, 0xF5, 0x00, 0x00, 0x00,
            0xAA, 0x00, 0x00, 0x00, 0x51, 0x00, 0x05, 0x00, 0x05, 0x00, 0x00, 0x00, 0xF7, 0x00, 0x00, 0x00,
            0x32, 0x00, 0x00, 0x00, 0x01, 0x00, 0x00, 0x00, 0x85, 0x00, 0x05, 0x00, 0x05, 0x00, 0x00, 0x00,
            0xF8, 0x00, 0x00, 0x00, 0x4F, 0x00, 0x00, 0x00, 0xF7, 0x00, 0x00, 0x00, 0x83, 0x00, 0x05, 0x00,
            0x05, 0x00, 0x00, 0x00, 0xF9, 0x00, 0x00, 0x00, 0xAA, 0x00, 0x00, 0x00, 0xF8, 0x00, 0x00, 0x00,
            0x50, 0x00, 0x05, 0x00, 0x08, 0x00, 0x00, 0x00, 0xFA, 0x00, 0x00, 0x00, 0xF6, 0x00, 0x00, 0x00,
            0xF9, 0x00, 0x00, 0x00, 0x50, 0x00, 0x06, 0x00, 0x17, 0x00, 0x00, 0x00, 0xFB, 0x00, 0x00, 0x00,
            0xFA, 0x00, 0x00, 0x00, 0x89, 0x00, 0x00, 0x00, 0xAA, 0x00, 0x00, 0x00, 0x41, 0x00, 0x05, 0x00,
            0xFD, 0x00, 0x00, 0x00, 0xFE, 0x00, 0x00, 0x00, 0x1B, 0x00, 0x00, 0x00, 0xFC, 0x00, 0x00, 0x00,
            0x3D, 0x00, 0x04, 0x00, 0x18, 0x00, 0x00, 0x00, 0xFF, 0x00, 0x00, 0x00, 0xFE, 0x00, 0x00, 0x00,
            0x91, 0x00, 0x05, 0x00, 0x17, 0x00, 0x00, 0x00, 0x00, 0x01, 0x00, 0x00, 0xFF, 0x00, 0x00, 0x00,
            0xFB, 0x00, 0x00, 0x00, 0x4F, 0x00, 0x07, 0x00, 0x08, 0x00, 0x00, 0x00, 0x01, 0x01, 0x00, 0x00,
            0x00, 0x01, 0x00, 0x00, 0x00, 0x01, 0x00, 0x00, 0x00, 0x00, 0x00, 0x00, 0x01, 0x00, 0x00, 0x00,
            0x51, 0x00, 0x05, 0x00, 0x05, 0x00, 0x00, 0x00, 0x02, 0x01, 0x00, 0x00, 0x00, 0x01, 0x00, 0x00,
            0x03, 0x00, 0x00, 0x00, 0x50, 0x00, 0x05, 0x00, 0x08, 0x00, 0x00, 0x00, 0x03, 0x01, 0x00, 0x00,
            0x02, 0x01, 0x00, 0x00, 0x02, 0x01, 0x00, 0x00, 0x88, 0x00, 0x05, 0x00, 0x08, 0x00, 0x00, 0x00,
            0x04, 0x01, 0x00, 0x00, 0x01, 0x01, 0x00, 0x00, 0x03, 0x01, 0x00, 0x00, 0x4F, 0x00, 0x07, 0x00,
            0x08, 0x00, 0x00, 0x00, 0x05, 0x01, 0x00, 0x00, 0xFB, 0x00, 0x00, 0x00, 0xFB, 0x00, 0x00, 0x00,
            0x00, 0x00, 0x00, 0x00, 0x01, 0x00, 0x00, 0x00, 0x83, 0x00, 0x05, 0x00, 0x08, 0x00, 0x00, 0x00,
            0x06, 0x01, 0x00, 0x00, 0x05, 0x01, 0x00, 0x00, 0x04, 0x01, 0x00, 0x00, 0x3E, 0x00, 0x03, 0x00,
            0x0A, 0x00, 0x00, 0x00, 0x06, 0x01, 0x00, 0x00, 0xF9, 0x00, 0x02, 0x00, 0x13, 0x00, 0x00, 0x00,
            0xF8, 0x00, 0x02, 0x00, 0x13, 0x00, 0x00, 0x00, 0x41, 0x00, 0x05, 0x00, 0x34, 0x00, 0x00, 0x00,
            0x0A, 0x01, 0x00, 0x00, 0x1B, 0x00, 0x00, 0x00, 0x09, 0x01, 0x00, 0x00, 0x3D, 0x00, 0x04, 0x00,
            0x19, 0x00, 0x00, 0x00, 0x0B, 0x01, 0x00, 0x00, 0x0A, 0x01, 0x00, 0x00, 0x51, 0x00, 0x05, 0x00,
            0x15, 0x00, 0x00, 0x00, 0x0C, 0x01, 0x00, 0x00, 0x0B, 0x01, 0x00, 0x00, 0x00, 0x00, 0x00, 0x00,
            0x43, 0x11, 0x06, 0x00, 0x3B, 0x00, 0x00, 0x00, 0x0D, 0x01, 0x00, 0x00, 0x3A, 0x00, 0x00, 0x00,
            0x3D, 0x00, 0x00, 0x00, 0x0C, 0x01, 0x00, 0x00, 0x3D, 0x00, 0x04, 0x00, 0x38, 0x00, 0x00, 0x00,
            0x0E, 0x01, 0x00, 0x00, 0x0D, 0x01, 0x00, 0x00, 0x7C, 0x00, 0x04, 0x00, 0xD4, 0x00, 0x00, 0x00,
            0x0F, 0x01, 0x00, 0x00, 0x2A, 0x00, 0x00, 0x00, 0x50, 0x00, 0x05, 0x00, 0xD6, 0x00, 0x00, 0x00,
            0x10, 0x01, 0x00, 0x00, 0x0F, 0x01, 0x00, 0x00, 0x4C, 0x00, 0x00, 0x00, 0x4F, 0x00, 0x07, 0x00,
            0xD4, 0x00, 0x00, 0x00, 0x11, 0x01, 0x00, 0x00, 0x10, 0x01, 0x00, 0x00, 0x10, 0x01, 0x00, 0x00,
            0x00, 0x00, 0x00, 0x00, 0x01, 0x00, 0x00, 0x00, 0x5F, 0x00, 0x07, 0x00, 0x17, 0x00, 0x00, 0x00,
            0x12, 0x01, 0x00, 0x00, 0x0E, 0x01, 0x00, 0x00, 0x11, 0x01, 0x00, 0x00, 0x02, 0x00, 0x00, 0x00,
            0x4C, 0x00, 0x00, 0x00, 0x4F, 0x00, 0x08, 0x00, 0x0B, 0x00, 0x00, 0x00, 0x14, 0x01, 0x00, 0x00,
            0x12, 0x01, 0x00, 0x00, 0x12, 0x01, 0x00, 0x00, 0x00, 0x00, 0x00, 0x00, 0x01, 0x00, 0x00, 0x00,
            0x02, 0x00, 0x00, 0x00, 0x51, 0x00, 0x05, 0x00, 0x05, 0x00, 0x00, 0x00, 0x15, 0x01, 0x00, 0x00,
            0x12, 0x01, 0x00, 0x00, 0x00, 0x00, 0x00, 0x00, 0x51, 0x00, 0x05, 0x00, 0x05, 0x00, 0x00, 0x00,
            0x16, 0x01, 0x00, 0x00, 0x12, 0x01, 0x00, 0x00, 0x01, 0x00, 0x00, 0x00, 0x0C, 0x00, 0x07, 0x00,
            0x05, 0x00, 0x00, 0x00, 0x17, 0x01, 0x00, 0x00, 0x7A, 0x00, 0x00, 0x00, 0x28, 0x00, 0x00, 0x00,
            0x15, 0x01, 0x00, 0x00, 0x16, 0x01, 0x00, 0x00, 0x51, 0x00, 0x05, 0x00, 0x05, 0x00, 0x00, 0x00,
            0x18, 0x01, 0x00, 0x00, 0x12, 0x01, 0x00, 0x00, 0x02, 0x00, 0x00, 0x00, 0x0C, 0x00, 0x07, 0x00,
            0x05, 0x00, 0x00, 0x00, 0x19, 0x01, 0x00, 0x00, 0x7A, 0x00, 0x00, 0x00, 0x28, 0x00, 0x00, 0x00,
            0x17, 0x01, 0x00, 0x00, 0x18, 0x01, 0x00, 0x00, 0x81, 0x00, 0x05, 0x00, 0x05, 0x00, 0x00, 0x00,
            0x1A, 0x01, 0x00, 0x00, 0x19, 0x01, 0x00, 0x00, 0x21, 0x00, 0x00, 0x00, 0x50, 0x00, 0x06, 0x00,
            0x0B, 0x00, 0x00, 0x00, 0x1B, 0x01, 0x00, 0x00, 0x1A, 0x01, 0x00, 0x00, 0x1A, 0x01, 0x00, 0x00,
            0x1A, 0x01, 0x00, 0x00, 0x88, 0x00, 0x05, 0x00, 0x0B, 0x00, 0x00, 0x00, 0x1C, 0x01, 0x00, 0x00,
            0x14, 0x01, 0x00, 0x00, 0x1B, 0x01, 0x00, 0x00, 0x41, 0x00, 0x05, 0x00, 0x06, 0x00, 0x00, 0x00,
            0x1D, 0x01, 0x00, 0x00, 0x0D, 0x00, 0x00, 0x00, 0x4C, 0x00, 0x00, 0x00, 0x51, 0x00, 0x05, 0x00,
            0x05, 0x00, 0x00, 0x00, 0x1E, 0x01, 0x00, 0x00, 0x1C, 0x01, 0x00, 0x00, 0x00, 0x00, 0x00, 0x00,
            0x51, 0x00, 0x05, 0x00, 0x05, 0x00, 0x00, 0x00, 0x1F, 0x01, 0x00, 0x00, 0x1C, 0x01, 0x00, 0x00,
            0x01, 0x00, 0x00, 0x00, 0x85, 0x00, 0x05, 0x00, 0x05, 0x00, 0x00, 0x00, 0x20, 0x01, 0x00, 0x00,
            0x4F, 0x00, 0x00, 0x00, 0x1F, 0x01, 0x00, 0x00, 0x81, 0x00, 0x05, 0x00, 0x05, 0x00, 0x00, 0x00,
            0x21, 0x01, 0x00, 0x00, 0x1E, 0x01, 0x00, 0x00, 0x20, 0x01, 0x00, 0x00, 0x51, 0x00, 0x05, 0x00,
            0x05, 0x00, 0x00, 0x00, 0x22, 0x01, 0x00, 0x00, 0x1C, 0x01, 0x00, 0x00, 0x02, 0x00, 0x00, 0x00,
            0x81, 0x00, 0x05, 0x00, 0x05, 0x00, 0x00, 0x00, 0x23, 0x01, 0x00, 0x00, 0x21, 0x01, 0x00, 0x00,
            0x22, 0x01, 0x00, 0x00, 0x85, 0x00, 0x05, 0x00, 0x05, 0x00, 0x00, 0x00, 0x24, 0x01, 0x00, 0x00,
            0xC5, 0x00, 0x00, 0x00, 0x23, 0x01, 0x00, 0x00, 0x3E, 0x00, 0x03, 0x00, 0x1D, 0x01, 0x00, 0x00,
            0x24, 0x01, 0x00, 0x00, 0x41, 0x00, 0x05, 0x00, 0x06, 0x00, 0x00, 0x00, 0x26, 0x01, 0x00, 0x00,
            0x0D, 0x00, 0x00, 0x00, 0x22, 0x00, 0x00, 0x00, 0x85, 0x00, 0x05, 0x00, 0x05, 0x00, 0x00, 0x00,
            0x27, 0x01, 0x00, 0x00, 0x31, 0x00, 0x00, 0x00, 0x1E, 0x01, 0x00, 0x00, 0x81, 0x00, 0x05, 0x00,
            0x05, 0x00, 0x00, 0x00, 0x28, 0x01, 0x00, 0x00, 0x27, 0x01, 0x00, 0x00, 0x31, 0x00, 0x00, 0x00,
            0x85, 0x00, 0x05, 0x00, 0x05, 0x00, 0x00, 0x00, 0x29, 0x01, 0x00, 0x00, 0x31, 0x00, 0x00, 0x00,
            0x22, 0x01, 0x00, 0x00, 0x83, 0x00, 0x05, 0x00, 0x05, 0x00, 0x00, 0x00, 0x2A, 0x01, 0x00, 0x00,
            0x28, 0x01, 0x00, 0x00, 0x29, 0x01, 0x00, 0x00, 0x0C, 0x00, 0x08, 0x00, 0x05, 0x00, 0x00, 0x00,
            0x2B, 0x01, 0x00, 0x00, 0x7A, 0x00, 0x00, 0x00, 0x2B, 0x00, 0x00, 0x00, 0x2A, 0x01, 0x00, 0x00,
            0x51, 0x00, 0x00, 0x00, 0xAA, 0x00, 0x00, 0x00, 0x3E, 0x00, 0x03, 0x00, 0x26, 0x01, 0x00, 0x00,
            0x2B, 0x01, 0x00, 0x00, 0x41, 0x00, 0x05, 0x00, 0x06, 0x00, 0x00, 0x00, 0x2D, 0x01, 0x00, 0x00,
            0x0D, 0x00, 0x00, 0x00, 0x2E, 0x01, 0x00, 0x00, 0x3D, 0x00, 0x04, 0x00, 0x0B, 0x00, 0x00, 0x00,
            0x2F, 0x01, 0x00, 0x00, 0x0D, 0x00, 0x00, 0x00, 0x51, 0x00, 0x05, 0x00, 0x05, 0x00, 0x00, 0x00,
            0x30, 0x01, 0x00, 0x00, 0x2F, 0x01, 0x00, 0x00, 0x00, 0x00, 0x00, 0x00, 0x3D, 0x00, 0x04, 0x00,
            0x0B, 0x00, 0x00, 0x00, 0x31, 0x01, 0x00, 0x00, 0x0D, 0x00, 0x00, 0x00, 0x51, 0x00, 0x05, 0x00,
            0x05, 0x00, 0x00, 0x00, 0x32, 0x01, 0x00, 0x00, 0x31, 0x01, 0x00, 0x00, 0x01, 0x00, 0x00, 0x00,
            0x81, 0x00, 0x05, 0x00, 0x05, 0x00, 0x00, 0x00, 0x33, 0x01, 0x00, 0x00, 0x30, 0x01, 0x00, 0x00,
            0x32, 0x01, 0x00, 0x00, 0x83, 0x00, 0x05, 0x00, 0x05, 0x00, 0x00, 0x00, 0x34, 0x01, 0x00, 0x00,
            0x33, 0x01, 0x00, 0x00, 0x1E, 0x01, 0x00, 0x00, 0x0C, 0x00, 0x08, 0x00, 0x05, 0x00, 0x00, 0x00,
            0x35, 0x01, 0x00, 0x00, 0x7A, 0x00, 0x00, 0x00, 0x2B, 0x00, 0x00, 0x00, 0x34, 0x01, 0x00, 0x00,
            0x51, 0x00, 0x00, 0x00, 0xAA, 0x00, 0x00, 0x00, 0x3E, 0x00, 0x03, 0x00, 0x2D, 0x01, 0x00, 0x00,
            0x35, 0x01, 0x00, 0x00, 0x3D, 0x00, 0x04, 0x00, 0x0B, 0x00, 0x00, 0x00, 0x37, 0x01, 0x00, 0x00,
            0x0D, 0x00, 0x00, 0x00, 0x51, 0x00, 0x05, 0x00, 0x05, 0x00, 0x00, 0x00, 0x38, 0x01, 0x00, 0x00,
            0x37, 0x01, 0x00, 0x00, 0x00, 0x00, 0x00, 0x00, 0x85, 0x00, 0x05, 0x00, 0x05, 0x00, 0x00, 0x00,
            0x39, 0x01, 0x00, 0x00, 0x38, 0x01, 0x00, 0x00, 0x3A, 0x01, 0x00, 0x00, 0x6D, 0x00, 0x04, 0x00,
            0x15, 0x00, 0x00, 0x00, 0x3B, 0x01, 0x00, 0x00, 0x39, 0x01, 0x00, 0x00, 0x3D, 0x00, 0x04, 0x00,
            0x0B, 0x00, 0x00, 0x00, 0x3C, 0x01, 0x00, 0x00, 0x0D, 0x00, 0x00, 0x00, 0x51, 0x00, 0x05, 0x00,
            0x05, 0x00, 0x00, 0x00, 0x3D, 0x01, 0x00, 0x00, 0x3C, 0x01, 0x00, 0x00, 0x01, 0x00, 0x00, 0x00,
            0x85, 0x00, 0x05, 0x00, 0x05, 0x00, 0x00, 0x00, 0x3E, 0x01, 0x00, 0x00, 0x3D, 0x01, 0x00, 0x00,
            0x3A, 0x01, 0x00, 0x00, 0x6D, 0x00, 0x04, 0x00, 0x15, 0x00, 0x00, 0x00, 0x3F, 0x01, 0x00, 0x00,
            0x3E, 0x01, 0x00, 0x00, 0x3D, 0x00, 0x04, 0x00, 0x0B, 0x00, 0x00, 0x00, 0x40, 0x01, 0x00, 0x00,
            0x0D, 0x00, 0x00, 0x00, 0x51, 0x00, 0x05, 0x00, 0x05, 0x00, 0x00, 0x00, 0x41, 0x01, 0x00, 0x00,
            0x40, 0x01, 0x00, 0x00, 0x02, 0x00, 0x00, 0x00, 0x85, 0x00, 0x05, 0x00, 0x05, 0x00, 0x00, 0x00,
            0x42, 0x01, 0x00, 0x00, 0x41, 0x01, 0x00, 0x00, 0x43, 0x01, 0x00, 0x00, 0x6D, 0x00, 0x04, 0x00,
            0x15, 0x00, 0x00, 0x00, 0x44, 0x01, 0x00, 0x00, 0x42, 0x01, 0x00, 0x00, 0x41, 0x00, 0x05, 0x00,
            0x34, 0x00, 0x00, 0x00, 0x46, 0x01, 0x00, 0x00, 0x1B, 0x00, 0x00, 0x00, 0x45, 0x01, 0x00, 0x00,
            0x3D, 0x00, 0x04, 0x00, 0x19, 0x00, 0x00, 0x00, 0x47, 0x01, 0x00, 0x00, 0x46, 0x01, 0x00, 0x00,
            0x51, 0x00, 0x05, 0x00, 0x15, 0x00, 0x00, 0x00, 0x48, 0x01, 0x00, 0x00, 0x47, 0x01, 0x00, 0x00,
            0x00, 0x00, 0x00, 0x00, 0x43, 0x11, 0x06, 0x00, 0x3B, 0x00, 0x00, 0x00, 0x4C, 0x01, 0x00, 0x00,
            0x4B, 0x01, 0x00, 0x00, 0x3D, 0x00, 0x00, 0x00, 0x48, 0x01, 0x00, 0x00, 0x3D, 0x00, 0x04, 0x00,
            0x49, 0x01, 0x00, 0x00, 0x4D, 0x01, 0x00, 0x00, 0x4C, 0x01, 0x00, 0x00, 0x3D, 0x00, 0x04, 0x00,
            0x26, 0x00, 0x00, 0x00, 0x4E, 0x01, 0x00, 0x00, 0x29, 0x00, 0x00, 0x00, 0x4F, 0x00, 0x07, 0x00,
            0x19, 0x00, 0x00, 0x00, 0x4F, 0x01, 0x00, 0x00, 0x4E, 0x01, 0x00, 0x00, 0x4E, 0x01, 0x00, 0x00,
            0x00, 0x00, 0x00, 0x00, 0x01, 0x00, 0x00, 0x00, 0xC4, 0x00, 0x05, 0x00, 0x15, 0x00, 0x00, 0x00,
            0x52, 0x01, 0x00, 0x00, 0x3B, 0x01, 0x00, 0x00, 0x53, 0x01, 0x00, 0x00, 0xC4, 0x00, 0x05, 0x00,
            0x15, 0x00, 0x00, 0x00, 0x54, 0x01, 0x00, 0x00, 0x3F, 0x01, 0x00, 0x00, 0x45, 0x01, 0x00, 0x00,
            0xC5, 0x00, 0x05, 0x00, 0x15, 0x00, 0x00, 0x00, 0x55, 0x01, 0x00, 0x00, 0x52, 0x01, 0x00, 0x00,
            0x54, 0x01, 0x00, 0x00, 0xC5, 0x00, 0x05, 0x00, 0x15, 0x00, 0x00, 0x00, 0x56, 0x01, 0x00, 0x00,
            0x55, 0x01, 0x00, 0x00, 0x44, 0x01, 0x00, 0x00, 0x50, 0x00, 0x07, 0x00, 0x16, 0x00, 0x00, 0x00,
            0x57, 0x01, 0x00, 0x00, 0x56, 0x01, 0x00, 0x00, 0x56, 0x01, 0x00, 0x00, 0x56, 0x01, 0x00, 0x00,
            0x56, 0x01, 0x00, 0x00, 0x63, 0x00, 0x04, 0x00, 0x4D, 0x01, 0x00, 0x00, 0x4F, 0x01, 0x00, 0x00,
            0x57, 0x01, 0x00, 0x00, 0x3D, 0x00, 0x04, 0x00, 0x05, 0x00, 0x00, 0x00, 0x59, 0x01, 0x00, 0x00,
            0x07, 0x00, 0x00, 0x00, 0x3D, 0x00, 0x04, 0x00, 0x08, 0x00, 0x00, 0x00, 0x5A, 0x01, 0x00, 0x00,
            0x0A, 0x00, 0x00, 0x00, 0x50, 0x00, 0x06, 0x00, 0x17, 0x00, 0x00, 0x00, 0x5B, 0x01, 0x00, 0x00,
            0x5A, 0x01, 0x00, 0x00, 0x59, 0x01, 0x00, 0x00, 0x1A, 0x01, 0x00, 0x00, 0x41, 0x00, 0x05, 0x00,
            0x34, 0x00, 0x00, 0x00, 0x5D, 0x01, 0x00, 0x00, 0x1B, 0x00, 0x00, 0x00, 0x5C, 0x01, 0x00, 0x00,
            0x3D, 0x00, 0x04, 0x00, 0x19, 0x00, 0x00, 0x00, 0x5E, 0x01, 0x00, 0x00, 0x5D, 0x01, 0x00, 0x00,
            0x51, 0x00, 0x05, 0x00, 0x15, 0x00, 0x00, 0x00, 0x5F, 0x01, 0x00, 0x00, 0x5E, 0x01, 0x00, 0x00,
            0x00, 0x00, 0x00, 0x00, 0x43, 0x11, 0x06, 0x00, 0x3B, 0x00, 0x00, 0x00, 0x63, 0x01, 0x00, 0x00,
            0x62, 0x01, 0x00, 0x00, 0x3D, 0x00, 0x00, 0x00, 0x5F, 0x01, 0x00, 0x00, 0x3D, 0x00, 0x04, 0x00,
            0x60, 0x01, 0x00, 0x00, 0x64, 0x01, 0x00, 0x00, 0x63, 0x01, 0x00, 0x00, 0x3D, 0x00, 0x04, 0x00,
            0x26, 0x00, 0x00, 0x00, 0x65, 0x01, 0x00, 0x00, 0x29, 0x00, 0x00, 0x00, 0x4F, 0x00, 0x07, 0x00,
            0x19, 0x00, 0x00, 0x00, 0x66, 0x01, 0x00, 0x00, 0x65, 0x01, 0x00, 0x00, 0x65, 0x01, 0x00, 0x00,
            0x00, 0x00, 0x00, 0x00, 0x01, 0x00, 0x00, 0x00, 0x63, 0x00, 0x04, 0x00, 0x64, 0x01, 0x00, 0x00,
            0x66, 0x01, 0x00, 0x00, 0x5B, 0x01, 0x00, 0x00, 0xFD, 0x00, 0x01, 0x00, 0x38, 0x00, 0x01, 0x00
        ],
        ThreadGroupSize = new()
        {
            X = 8,
            Y = 8,
            Z = 1
        }
    };

    private static readonly ShaderDesc VulkanQualityMain = new()
    {
        Name = "Main",
        CodeBytes =
        [
            0x03, 0x02, 0x23, 0x07, 0x00, 0x06, 0x01, 0x00, 0x00, 0x00, 0x28, 0x00, 0x4E, 0x01, 0x00, 0x00,
            0x00, 0x00, 0x00, 0x00, 0x11, 0x00, 0x02, 0x00, 0x79, 0x11, 0x00, 0x00, 0x11, 0x00, 0x02, 0x00,
            0x08, 0x14, 0x00, 0x00, 0x11, 0x00, 0x02, 0x00, 0x37, 0x00, 0x00, 0x00, 0x11, 0x00, 0x02, 0x00,
            0x38, 0x00, 0x00, 0x00, 0x11, 0x00, 0x02, 0x00, 0x01, 0x00, 0x00, 0x00, 0x0A, 0x00, 0x08, 0x00,
            0x53, 0x50, 0x56, 0x5F, 0x4B, 0x48, 0x52, 0x5F, 0x75, 0x6E, 0x74, 0x79, 0x70, 0x65, 0x64, 0x5F,
            0x70, 0x6F, 0x69, 0x6E, 0x74, 0x65, 0x72, 0x73, 0x00, 0x00, 0x00, 0x00, 0x0A, 0x00, 0x07, 0x00,
            0x53, 0x50, 0x56, 0x5F, 0x45, 0x58, 0x54, 0x5F, 0x64, 0x65, 0x73, 0x63, 0x72, 0x69, 0x70, 0x74,
            0x6F, 0x72, 0x5F, 0x68, 0x65, 0x61, 0x70, 0x00, 0x0B, 0x00, 0x06, 0x00, 0x59, 0x00, 0x00, 0x00,
            0x47, 0x4C, 0x53, 0x4C, 0x2E, 0x73, 0x74, 0x64, 0x2E, 0x34, 0x35, 0x30, 0x00, 0x00, 0x00, 0x00,
            0x0E, 0x00, 0x03, 0x00, 0x00, 0x00, 0x00, 0x00, 0x01, 0x00, 0x00, 0x00, 0x0F, 0x00, 0x09, 0x00,
            0x05, 0x00, 0x00, 0x00, 0x02, 0x00, 0x00, 0x00, 0x4D, 0x61, 0x69, 0x6E, 0x00, 0x00, 0x00, 0x00,
            0x3E, 0x00, 0x00, 0x00, 0x52, 0x00, 0x00, 0x00, 0x16, 0x00, 0x00, 0x00, 0x24, 0x00, 0x00, 0x00,
            0x10, 0x00, 0x06, 0x00, 0x02, 0x00, 0x00, 0x00, 0x11, 0x00, 0x00, 0x00, 0x08, 0x00, 0x00, 0x00,
            0x08, 0x00, 0x00, 0x00, 0x01, 0x00, 0x00, 0x00, 0x03, 0x00, 0x03, 0x00, 0x0B, 0x00, 0x00, 0x00,
            0x01, 0x00, 0x00, 0x00, 0x05, 0x00, 0x04, 0x00, 0x08, 0x00, 0x00, 0x00, 0x6D, 0x6F, 0x74, 0x69,
            0x6F, 0x6E, 0x00, 0x00, 0x05, 0x00, 0x04, 0x00, 0x08, 0x00, 0x00, 0x00, 0x6D, 0x6F, 0x74, 0x69,
            0x6F, 0x6E, 0x00, 0x00, 0x05, 0x00, 0x05, 0x00, 0x0B, 0x00, 0x00, 0x00, 0x43, 0x6F, 0x6C, 0x6F,
            0x72, 0x79, 0x63, 0x6F, 0x63, 0x67, 0x00, 0x00, 0x05, 0x00, 0x05, 0x00, 0x0B, 0x00, 0x00, 0x00,
            0x43, 0x6F, 0x6C, 0x6F, 0x72, 0x79, 0x63, 0x6F, 0x63, 0x67, 0x00, 0x00, 0x05, 0x00, 0x07, 0x00,
            0x0F, 0x00, 0x00, 0x00, 0x43, 0x6F, 0x6E, 0x73, 0x74, 0x61, 0x6E, 0x74, 0x73, 0x5F, 0x73, 0x74,
            0x64, 0x31, 0x34, 0x30, 0x00, 0x00, 0x00, 0x00, 0x06, 0x00, 0x08, 0x00, 0x0F, 0x00, 0x00, 0x00,
            0x00, 0x00, 0x00, 0x00, 0x52, 0x65, 0x6E, 0x64, 0x65, 0x72, 0x44, 0x69, 0x73, 0x70, 0x6C, 0x61,
            0x79, 0x53, 0x69, 0x7A, 0x65, 0x00, 0x00, 0x00, 0x06, 0x00, 0x08, 0x00, 0x0F, 0x00, 0x00, 0x00,
            0x01, 0x00, 0x00, 0x00, 0x56, 0x69, 0x65, 0x77, 0x70, 0x6F, 0x72, 0x74, 0x44, 0x69, 0x73, 0x70,
            0x6C, 0x61, 0x79, 0x52, 0x63, 0x70, 0x00, 0x00, 0x06, 0x00, 0x07, 0x00, 0x0F, 0x00, 0x00, 0x00,
            0x02, 0x00, 0x00, 0x00, 0x4A, 0x69, 0x74, 0x74, 0x65, 0x72, 0x50, 0x61, 0x64, 0x64, 0x69, 0x6E,
            0x67, 0x00, 0x00, 0x00, 0x06, 0x00, 0x07, 0x00, 0x0F, 0x00, 0x00, 0x00, 0x03, 0x00, 0x00, 0x00,
            0x43, 0x6C, 0x69, 0x70, 0x54, 0x6F, 0x50, 0x72, 0x65, 0x76, 0x43, 0x6C, 0x69, 0x70, 0x00, 0x00,
            0x06, 0x00, 0x09, 0x00, 0x0F, 0x00, 0x00, 0x00, 0x04, 0x00, 0x00, 0x00, 0x45, 0x78, 0x70, 0x6F,
            0x73, 0x75, 0x72, 0x65, 0x46, 0x6F, 0x76, 0x4E, 0x65, 0x61, 0x72, 0x4D, 0x69, 0x6E, 0x4C, 0x65,
            0x72, 0x70, 0x00, 0x00, 0x06, 0x00, 0x07, 0x00, 0x0F, 0x00, 0x00, 0x00, 0x05, 0x00, 0x00, 0x00,
            0x53, 0x61, 0x6D, 0x65, 0x43, 0x61, 0x6D, 0x65, 0x72, 0x61, 0x52, 0x65, 0x73, 0x65, 0x74, 0x00,
            0x06, 0x00, 0x05, 0x00, 0x0F, 0x00, 0x00, 0x00, 0x06, 0x00, 0x00, 0x00, 0x49, 0x6E, 0x70, 0x75,
            0x74, 0x00, 0x00, 0x00, 0x06, 0x00, 0x06, 0x00, 0x0F, 0x00, 0x00, 0x00, 0x07, 0x00, 0x00, 0x00,
            0x4F, 0x70, 0x61, 0x71, 0x75, 0x65, 0x49, 0x6E, 0x70, 0x75, 0x74, 0x00, 0x06, 0x00, 0x05, 0x00,
            0x0F, 0x00, 0x00, 0x00, 0x08, 0x00, 0x00, 0x00, 0x44, 0x65, 0x70, 0x74, 0x68, 0x00, 0x00, 0x00,
            0x06, 0x00, 0x07, 0x00, 0x0F, 0x00, 0x00, 0x00, 0x09, 0x00, 0x00, 0x00, 0x4D, 0x6F, 0x74, 0x69,
            0x6F, 0x6E, 0x56, 0x65, 0x63, 0x74, 0x6F, 0x72, 0x73, 0x00, 0x00, 0x00, 0x06, 0x00, 0x05, 0x00,
            0x0F, 0x00, 0x00, 0x00, 0x0A, 0x00, 0x00, 0x00, 0x59, 0x43, 0x6F, 0x43, 0x67, 0x00, 0x00, 0x00,
            0x06, 0x00, 0x05, 0x00, 0x0F, 0x00, 0x00, 0x00, 0x0B, 0x00, 0x00, 0x00, 0x4D, 0x6F, 0x74, 0x69,
            0x6F, 0x6E, 0x00, 0x00, 0x06, 0x00, 0x05, 0x00, 0x0F, 0x00, 0x00, 0x00, 0x0C, 0x00, 0x00, 0x00,
            0x53, 0x61, 0x6D, 0x70, 0x6C, 0x65, 0x72, 0x00, 0x06, 0x00, 0x04, 0x00, 0x0F, 0x00, 0x00, 0x00,
            0x0D, 0x00, 0x00, 0x00, 0x50, 0x61, 0x64, 0x00, 0x05, 0x00, 0x05, 0x00, 0x16, 0x00, 0x00, 0x00,
            0x63, 0x6F, 0x6E, 0x73, 0x74, 0x61, 0x6E, 0x74, 0x73, 0x00, 0x00, 0x00, 0x05, 0x00, 0x03, 0x00,
            0x1C, 0x00, 0x00, 0x00, 0x68, 0x30, 0x00, 0x00, 0x05, 0x00, 0x07, 0x00, 0x20, 0x00, 0x00, 0x00,
            0x56, 0x69, 0x65, 0x77, 0x70, 0x6F, 0x72, 0x74, 0x53, 0x69, 0x7A, 0x65, 0x49, 0x6E, 0x76, 0x65,
            0x72, 0x73, 0x65, 0x00, 0x05, 0x00, 0x05, 0x00, 0x25, 0x00, 0x00, 0x00, 0x49, 0x6E, 0x70, 0x75,
            0x74, 0x50, 0x6F, 0x73, 0x00, 0x00, 0x00, 0x00, 0x05, 0x00, 0x05, 0x00, 0x29, 0x00, 0x00, 0x00,
            0x67, 0x61, 0x74, 0x68, 0x65, 0x72, 0x43, 0x6F, 0x6F, 0x72, 0x64, 0x00, 0x05, 0x00, 0x05, 0x00,
            0x2D, 0x00, 0x00, 0x00, 0x56, 0x69, 0x65, 0x77, 0x70, 0x6F, 0x72, 0x74, 0x55, 0x56, 0x00, 0x00,
            0x05, 0x00, 0x07, 0x00, 0x32, 0x00, 0x00, 0x00, 0x49, 0x6E, 0x70, 0x75, 0x74, 0x50, 0x6F, 0x73,
            0x42, 0x74, 0x6D, 0x52, 0x69, 0x67, 0x68, 0x74, 0x00, 0x00, 0x00, 0x00, 0x05, 0x00, 0x07, 0x00,
            0x3E, 0x00, 0x00, 0x00, 0x73, 0x6C, 0x61, 0x6E, 0x67, 0x5F, 0x72, 0x65, 0x73, 0x6F, 0x75, 0x72,
            0x63, 0x65, 0x48, 0x65, 0x61, 0x70, 0x00, 0x00, 0x05, 0x00, 0x05, 0x00, 0x44, 0x00, 0x00, 0x00,
            0x5F, 0x5F, 0x73, 0x61, 0x6D, 0x70, 0x6C, 0x65, 0x64, 0x00, 0x00, 0x00, 0x05, 0x00, 0x07, 0x00,
            0x52, 0x00, 0x00, 0x00, 0x73, 0x6C, 0x61, 0x6E, 0x67, 0x5F, 0x73, 0x61, 0x6D, 0x70, 0x6C, 0x65,
            0x72, 0x48, 0x65, 0x61, 0x70, 0x00, 0x00, 0x00, 0x05, 0x00, 0x03, 0x00, 0x61, 0x00, 0x00, 0x00,
            0x76, 0x31, 0x31, 0x00, 0x05, 0x00, 0x03, 0x00, 0x74, 0x00, 0x00, 0x00, 0x76, 0x31, 0x33, 0x00,
            0x05, 0x00, 0x05, 0x00, 0x90, 0x00, 0x00, 0x00, 0x5F, 0x5F, 0x73, 0x61, 0x6D, 0x70, 0x6C, 0x65,
            0x64, 0x00, 0x00, 0x00, 0x05, 0x00, 0x05, 0x00, 0xB5, 0x00, 0x00, 0x00, 0x53, 0x63, 0x72, 0x65,
            0x65, 0x6E, 0x50, 0x6F, 0x73, 0x00, 0x00, 0x00, 0x05, 0x00, 0x05, 0x00, 0xB6, 0x00, 0x00, 0x00,
            0x50, 0x6F, 0x73, 0x69, 0x74, 0x69, 0x6F, 0x6E, 0x00, 0x00, 0x00, 0x00, 0x05, 0x00, 0x05, 0x00,
            0xBF, 0x00, 0x00, 0x00, 0x50, 0x72, 0x65, 0x53, 0x63, 0x72, 0x65, 0x65, 0x6E, 0x00, 0x00, 0x00,
            0x05, 0x00, 0x05, 0x00, 0xCD, 0x00, 0x00, 0x00, 0x5F, 0x5F, 0x73, 0x61, 0x6D, 0x70, 0x6C, 0x65,
            0x64, 0x00, 0x00, 0x00, 0x05, 0x00, 0x05, 0x00, 0xCF, 0x00, 0x00, 0x00, 0x43, 0x6F, 0x6C, 0x6F,
            0x72, 0x72, 0x67, 0x62, 0x00, 0x00, 0x00, 0x00, 0x05, 0x00, 0x05, 0x00, 0xD7, 0x00, 0x00, 0x00,
            0x43, 0x6F, 0x6C, 0x6F, 0x72, 0x72, 0x67, 0x62, 0x00, 0x00, 0x00, 0x00, 0x05, 0x00, 0x03, 0x00,
            0xF7, 0x00, 0x00, 0x00, 0x78, 0x31, 0x31, 0x00, 0x05, 0x00, 0x03, 0x00, 0xFB, 0x00, 0x00, 0x00,
            0x79, 0x31, 0x31, 0x00, 0x05, 0x00, 0x03, 0x00, 0x00, 0x01, 0x00, 0x00, 0x7A, 0x31, 0x30, 0x00,
            0x05, 0x00, 0x05, 0x00, 0x07, 0x01, 0x00, 0x00, 0x5F, 0x5F, 0x73, 0x61, 0x6D, 0x70, 0x6C, 0x65,
            0x64, 0x00, 0x00, 0x00, 0x05, 0x00, 0x05, 0x00, 0x09, 0x01, 0x00, 0x00, 0x43, 0x6F, 0x6C, 0x6F,
            0x72, 0x70, 0x72, 0x65, 0x72, 0x67, 0x62, 0x00, 0x05, 0x00, 0x05, 0x00, 0x11, 0x01, 0x00, 0x00,
            0x43, 0x6F, 0x6C, 0x6F, 0x72, 0x70, 0x72, 0x65, 0x72, 0x67, 0x62, 0x00, 0x05, 0x00, 0x05, 0x00,
            0x19, 0x01, 0x00, 0x00, 0x61, 0x6C, 0x70, 0x68, 0x61, 0x5F, 0x6D, 0x61, 0x73, 0x6B, 0x00, 0x00,
            0x05, 0x00, 0x03, 0x00, 0x30, 0x01, 0x00, 0x00, 0x76, 0x32, 0x39, 0x00, 0x05, 0x00, 0x04, 0x00,
            0x02, 0x00, 0x00, 0x00, 0x4D, 0x61, 0x69, 0x6E, 0x00, 0x00, 0x00, 0x00, 0x47, 0x00, 0x03, 0x00,
            0x0F, 0x00, 0x00, 0x00, 0x02, 0x00, 0x00, 0x00, 0x48, 0x00, 0x05, 0x00, 0x0F, 0x00, 0x00, 0x00,
            0x00, 0x00, 0x00, 0x00, 0x23, 0x00, 0x00, 0x00, 0x00, 0x00, 0x00, 0x00, 0x48, 0x00, 0x05, 0x00,
            0x0F, 0x00, 0x00, 0x00, 0x01, 0x00, 0x00, 0x00, 0x23, 0x00, 0x00, 0x00, 0x10, 0x00, 0x00, 0x00,
            0x48, 0x00, 0x05, 0x00, 0x0F, 0x00, 0x00, 0x00, 0x02, 0x00, 0x00, 0x00, 0x23, 0x00, 0x00, 0x00,
            0x20, 0x00, 0x00, 0x00, 0x48, 0x00, 0x05, 0x00, 0x0F, 0x00, 0x00, 0x00, 0x03, 0x00, 0x00, 0x00,
            0x23, 0x00, 0x00, 0x00, 0x30, 0x00, 0x00, 0x00, 0x48, 0x00, 0x04, 0x00, 0x0F, 0x00, 0x00, 0x00,
            0x03, 0x00, 0x00, 0x00, 0x05, 0x00, 0x00, 0x00, 0x48, 0x00, 0x05, 0x00, 0x0F, 0x00, 0x00, 0x00,
            0x03, 0x00, 0x00, 0x00, 0x07, 0x00, 0x00, 0x00, 0x10, 0x00, 0x00, 0x00, 0x48, 0x00, 0x05, 0x00,
            0x0F, 0x00, 0x00, 0x00, 0x04, 0x00, 0x00, 0x00, 0x23, 0x00, 0x00, 0x00, 0x70, 0x00, 0x00, 0x00,
            0x48, 0x00, 0x05, 0x00, 0x0F, 0x00, 0x00, 0x00, 0x05, 0x00, 0x00, 0x00, 0x23, 0x00, 0x00, 0x00,
            0x80, 0x00, 0x00, 0x00, 0x48, 0x00, 0x05, 0x00, 0x0F, 0x00, 0x00, 0x00, 0x06, 0x00, 0x00, 0x00,
            0x23, 0x00, 0x00, 0x00, 0x90, 0x00, 0x00, 0x00, 0x48, 0x00, 0x05, 0x00, 0x0F, 0x00, 0x00, 0x00,
            0x07, 0x00, 0x00, 0x00, 0x23, 0x00, 0x00, 0x00, 0x98, 0x00, 0x00, 0x00, 0x48, 0x00, 0x05, 0x00,
            0x0F, 0x00, 0x00, 0x00, 0x08, 0x00, 0x00, 0x00, 0x23, 0x00, 0x00, 0x00, 0xA0, 0x00, 0x00, 0x00,
            0x48, 0x00, 0x05, 0x00, 0x0F, 0x00, 0x00, 0x00, 0x09, 0x00, 0x00, 0x00, 0x23, 0x00, 0x00, 0x00,
            0xA8, 0x00, 0x00, 0x00, 0x48, 0x00, 0x05, 0x00, 0x0F, 0x00, 0x00, 0x00, 0x0A, 0x00, 0x00, 0x00,
            0x23, 0x00, 0x00, 0x00, 0xB0, 0x00, 0x00, 0x00, 0x48, 0x00, 0x05, 0x00, 0x0F, 0x00, 0x00, 0x00,
            0x0B, 0x00, 0x00, 0x00, 0x23, 0x00, 0x00, 0x00, 0xB8, 0x00, 0x00, 0x00, 0x48, 0x00, 0x05, 0x00,
            0x0F, 0x00, 0x00, 0x00, 0x0C, 0x00, 0x00, 0x00, 0x23, 0x00, 0x00, 0x00, 0xC0, 0x00, 0x00, 0x00,
            0x48, 0x00, 0x05, 0x00, 0x0F, 0x00, 0x00, 0x00, 0x0D, 0x00, 0x00, 0x00, 0x23, 0x00, 0x00, 0x00,
            0xC8, 0x00, 0x00, 0x00, 0x47, 0x00, 0x04, 0x00, 0x16, 0x00, 0x00, 0x00, 0x21, 0x00, 0x00, 0x00,
            0x00, 0x00, 0x00, 0x00, 0x47, 0x00, 0x04, 0x00, 0x16, 0x00, 0x00, 0x00, 0x22, 0x00, 0x00, 0x00,
            0x00, 0x00, 0x00, 0x00, 0x47, 0x00, 0x04, 0x00, 0x24, 0x00, 0x00, 0x00, 0x0B, 0x00, 0x00, 0x00,
            0x1C, 0x00, 0x00, 0x00, 0x4C, 0x01, 0x04, 0x00, 0x3B, 0x00, 0x00, 0x00, 0x04, 0x14, 0x00, 0x00,
            0x3A, 0x00, 0x00, 0x00, 0x47, 0x00, 0x04, 0x00, 0x3E, 0x00, 0x00, 0x00, 0x0B, 0x00, 0x00, 0x00,
            0x03, 0x14, 0x00, 0x00, 0x4C, 0x01, 0x04, 0x00, 0x50, 0x00, 0x00, 0x00, 0x04, 0x14, 0x00, 0x00,
            0x4F, 0x00, 0x00, 0x00, 0x47, 0x00, 0x04, 0x00, 0x52, 0x00, 0x00, 0x00, 0x0B, 0x00, 0x00, 0x00,
            0x02, 0x14, 0x00, 0x00, 0x4C, 0x01, 0x04, 0x00, 0x21, 0x01, 0x00, 0x00, 0x04, 0x14, 0x00, 0x00,
            0x20, 0x01, 0x00, 0x00, 0x4C, 0x01, 0x04, 0x00, 0x37, 0x01, 0x00, 0x00, 0x04, 0x14, 0x00, 0x00,
            0x36, 0x01, 0x00, 0x00, 0x13, 0x00, 0x02, 0x00, 0x01, 0x00, 0x00, 0x00, 0x21, 0x00, 0x03, 0x00,
            0x03, 0x00, 0x00, 0x00, 0x01, 0x00, 0x00, 0x00, 0x16, 0x00, 0x03, 0x00, 0x05, 0x00, 0x00, 0x00,
            0x20, 0x00, 0x00, 0x00, 0x17, 0x00, 0x04, 0x00, 0x06, 0x00, 0x00, 0x00, 0x05, 0x00, 0x00, 0x00,
            0x02, 0x00, 0x00, 0x00, 0x20, 0x00, 0x04, 0x00, 0x07, 0x00, 0x00, 0x00, 0x07, 0x00, 0x00, 0x00,
            0x06, 0x00, 0x00, 0x00, 0x17, 0x00, 0x04, 0x00, 0x09, 0x00, 0x00, 0x00, 0x05, 0x00, 0x00, 0x00,
            0x03, 0x00, 0x00, 0x00, 0x20, 0x00, 0x04, 0x00, 0x0A, 0x00, 0x00, 0x00, 0x07, 0x00, 0x00, 0x00,
            0x09, 0x00, 0x00, 0x00, 0x15, 0x00, 0x04, 0x00, 0x10, 0x00, 0x00, 0x00, 0x20, 0x00, 0x00, 0x00,
            0x00, 0x00, 0x00, 0x00, 0x17, 0x00, 0x04, 0x00, 0x11, 0x00, 0x00, 0x00, 0x10, 0x00, 0x00, 0x00,
            0x04, 0x00, 0x00, 0x00, 0x17, 0x00, 0x04, 0x00, 0x12, 0x00, 0x00, 0x00, 0x05, 0x00, 0x00, 0x00,
            0x04, 0x00, 0x00, 0x00, 0x18, 0x00, 0x04, 0x00, 0x13, 0x00, 0x00, 0x00, 0x12, 0x00, 0x00, 0x00,
            0x04, 0x00, 0x00, 0x00, 0x17, 0x00, 0x04, 0x00, 0x14, 0x00, 0x00, 0x00, 0x10, 0x00, 0x00, 0x00,
            0x02, 0x00, 0x00, 0x00, 0x1E, 0x00, 0x10, 0x00, 0x0F, 0x00, 0x00, 0x00, 0x11, 0x00, 0x00, 0x00,
            0x12, 0x00, 0x00, 0x00, 0x12, 0x00, 0x00, 0x00, 0x13, 0x00, 0x00, 0x00, 0x12, 0x00, 0x00, 0x00,
            0x11, 0x00, 0x00, 0x00, 0x14, 0x00, 0x00, 0x00, 0x14, 0x00, 0x00, 0x00, 0x14, 0x00, 0x00, 0x00,
            0x14, 0x00, 0x00, 0x00, 0x14, 0x00, 0x00, 0x00, 0x14, 0x00, 0x00, 0x00, 0x14, 0x00, 0x00, 0x00,
            0x14, 0x00, 0x00, 0x00, 0x20, 0x00, 0x04, 0x00, 0x15, 0x00, 0x00, 0x00, 0x02, 0x00, 0x00, 0x00,
            0x0F, 0x00, 0x00, 0x00, 0x15, 0x00, 0x04, 0x00, 0x17, 0x00, 0x00, 0x00, 0x20, 0x00, 0x00, 0x00,
            0x01, 0x00, 0x00, 0x00, 0x2B, 0x00, 0x04, 0x00, 0x17, 0x00, 0x00, 0x00, 0x18, 0x00, 0x00, 0x00,
            0x04, 0x00, 0x00, 0x00, 0x20, 0x00, 0x04, 0x00, 0x19, 0x00, 0x00, 0x00, 0x02, 0x00, 0x00, 0x00,
            0x12, 0x00, 0x00, 0x00, 0x2B, 0x00, 0x04, 0x00, 0x17, 0x00, 0x00, 0x00, 0x1D, 0x00, 0x00, 0x00,
            0x01, 0x00, 0x00, 0x00, 0x17, 0x00, 0x04, 0x00, 0x21, 0x00, 0x00, 0x00, 0x10, 0x00, 0x00, 0x00,
            0x03, 0x00, 0x00, 0x00, 0x20, 0x00, 0x04, 0x00, 0x23, 0x00, 0x00, 0x00, 0x01, 0x00, 0x00, 0x00,
            0x21, 0x00, 0x00, 0x00, 0x2B, 0x00, 0x04, 0x00, 0x05, 0x00, 0x00, 0x00, 0x2C, 0x00, 0x00, 0x00,
            0x00, 0x00, 0x00, 0x3F, 0x2C, 0x00, 0x05, 0x00, 0x06, 0x00, 0x00, 0x00, 0x2B, 0x00, 0x00, 0x00,
            0x2C, 0x00, 0x00, 0x00, 0x2C, 0x00, 0x00, 0x00, 0x17, 0x00, 0x04, 0x00, 0x30, 0x00, 0x00, 0x00,
            0x17, 0x00, 0x00, 0x00, 0x02, 0x00, 0x00, 0x00, 0x2C, 0x00, 0x05, 0x00, 0x30, 0x00, 0x00, 0x00,
            0x33, 0x00, 0x00, 0x00, 0x1D, 0x00, 0x00, 0x00, 0x1D, 0x00, 0x00, 0x00, 0x2B, 0x00, 0x04, 0x00,
            0x17, 0x00, 0x00, 0x00, 0x34, 0x00, 0x00, 0x00, 0x08, 0x00, 0x00, 0x00, 0x20, 0x00, 0x04, 0x00,
            0x35, 0x00, 0x00, 0x00, 0x02, 0x00, 0x00, 0x00, 0x14, 0x00, 0x00, 0x00, 0x19, 0x00, 0x09, 0x00,
            0x39, 0x00, 0x00, 0x00, 0x05, 0x00, 0x00, 0x00, 0x01, 0x00, 0x00, 0x00, 0x02, 0x00, 0x00, 0x00,
            0x00, 0x00, 0x00, 0x00, 0x00, 0x00, 0x00, 0x00, 0x01, 0x00, 0x00, 0x00, 0x00, 0x00, 0x00, 0x00,
            0x09, 0x14, 0x04, 0x00, 0x10, 0x00, 0x00, 0x00, 0x3A, 0x00, 0x00, 0x00, 0x39, 0x00, 0x00, 0x00,
            0x1D, 0x00, 0x03, 0x00, 0x3B, 0x00, 0x00, 0x00, 0x39, 0x00, 0x00, 0x00, 0x41, 0x11, 0x03, 0x00,
            0x3C, 0x00, 0x00, 0x00, 0x00, 0x00, 0x00, 0x00, 0x17, 0x00, 0x04, 0x00, 0x40, 0x00, 0x00, 0x00,
            0x17, 0x00, 0x00, 0x00, 0x03, 0x00, 0x00, 0x00, 0x2B, 0x00, 0x04, 0x00, 0x17, 0x00, 0x00, 0x00,
            0x42, 0x00, 0x00, 0x00, 0x00, 0x00, 0x00, 0x00, 0x2B, 0x00, 0x04, 0x00, 0x17, 0x00, 0x00, 0x00,
            0x4A, 0x00, 0x00, 0x00, 0x0C, 0x00, 0x00, 0x00, 0x1A, 0x00, 0x02, 0x00, 0x4E, 0x00, 0x00, 0x00,
            0x09, 0x14, 0x04, 0x00, 0x10, 0x00, 0x00, 0x00, 0x4F, 0x00, 0x00, 0x00, 0x4E, 0x00, 0x00, 0x00,
            0x1D, 0x00, 0x03, 0x00, 0x50, 0x00, 0x00, 0x00, 0x4E, 0x00, 0x00, 0x00, 0x1B, 0x00, 0x03, 0x00,
            0x54, 0x00, 0x00, 0x00, 0x39, 0x00, 0x00, 0x00, 0x2B, 0x00, 0x04, 0x00, 0x05, 0x00, 0x00, 0x00,
            0x62, 0x00, 0x00, 0x00, 0x00, 0x00, 0x00, 0x00, 0x2B, 0x00, 0x04, 0x00, 0x17, 0x00, 0x00, 0x00,
            0x85, 0x00, 0x00, 0x00, 0x09, 0x00, 0x00, 0x00, 0x14, 0x00, 0x02, 0x00, 0x93, 0x00, 0x00, 0x00,
            0x2B, 0x00, 0x04, 0x00, 0x05, 0x00, 0x00, 0x00, 0x9F, 0x00, 0x00, 0x00, 0xAB, 0x41, 0x80, 0x40,
            0x2B, 0x00, 0x04, 0x00, 0x05, 0x00, 0x00, 0x00, 0xA1, 0x00, 0x00, 0x00, 0x2B, 0x41, 0x00, 0x40,
            0x20, 0x00, 0x04, 0x00, 0xA3, 0x00, 0x00, 0x00, 0x07, 0x00, 0x00, 0x00, 0x05, 0x00, 0x00, 0x00,
            0x2B, 0x00, 0x04, 0x00, 0x05, 0x00, 0x00, 0x00, 0xAF, 0x00, 0x00, 0x00, 0x00, 0x00, 0x00, 0x40,
            0x2B, 0x00, 0x04, 0x00, 0x05, 0x00, 0x00, 0x00, 0xB1, 0x00, 0x00, 0x00, 0x00, 0x00, 0x80, 0x3F,
            0x2B, 0x00, 0x04, 0x00, 0x17, 0x00, 0x00, 0x00, 0xB7, 0x00, 0x00, 0x00, 0x03, 0x00, 0x00, 0x00,
            0x20, 0x00, 0x04, 0x00, 0xB8, 0x00, 0x00, 0x00, 0x02, 0x00, 0x00, 0x00, 0x13, 0x00, 0x00, 0x00,
            0x2B, 0x00, 0x04, 0x00, 0x17, 0x00, 0x00, 0x00, 0xC4, 0x00, 0x00, 0x00, 0x06, 0x00, 0x00, 0x00,
            0x2B, 0x00, 0x04, 0x00, 0x05, 0x00, 0x00, 0x00, 0xE0, 0x00, 0x00, 0x00, 0x00, 0x00, 0x80, 0x3E,
            0x2B, 0x00, 0x04, 0x00, 0x17, 0x00, 0x00, 0x00, 0xEA, 0x00, 0x00, 0x00, 0x02, 0x00, 0x00, 0x00,
            0x2B, 0x00, 0x04, 0x00, 0x05, 0x00, 0x00, 0x00, 0xF6, 0x00, 0x00, 0x00, 0x00, 0xF0, 0xFF, 0x44,
            0x2B, 0x00, 0x04, 0x00, 0x05, 0x00, 0x00, 0x00, 0xFF, 0x00, 0x00, 0x00, 0x00, 0xE0, 0x7F, 0x44,
            0x2B, 0x00, 0x04, 0x00, 0x17, 0x00, 0x00, 0x00, 0x01, 0x01, 0x00, 0x00, 0x07, 0x00, 0x00, 0x00,
            0x2B, 0x00, 0x04, 0x00, 0x05, 0x00, 0x00, 0x00, 0x1A, 0x01, 0x00, 0x00, 0x00, 0x00, 0xAF, 0x43,
            0x2B, 0x00, 0x04, 0x00, 0x17, 0x00, 0x00, 0x00, 0x1B, 0x01, 0x00, 0x00, 0x0A, 0x00, 0x00, 0x00,
            0x19, 0x00, 0x09, 0x00, 0x1F, 0x01, 0x00, 0x00, 0x10, 0x00, 0x00, 0x00, 0x01, 0x00, 0x00, 0x00,
            0x02, 0x00, 0x00, 0x00, 0x00, 0x00, 0x00, 0x00, 0x00, 0x00, 0x00, 0x00, 0x02, 0x00, 0x00, 0x00,
            0x00, 0x00, 0x00, 0x00, 0x09, 0x14, 0x04, 0x00, 0x10, 0x00, 0x00, 0x00, 0x20, 0x01, 0x00, 0x00,
            0x1F, 0x01, 0x00, 0x00, 0x1D, 0x00, 0x03, 0x00, 0x21, 0x01, 0x00, 0x00, 0x1F, 0x01, 0x00, 0x00,
            0x2B, 0x00, 0x04, 0x00, 0x17, 0x00, 0x00, 0x00, 0x29, 0x01, 0x00, 0x00, 0x15, 0x00, 0x00, 0x00,
            0x2B, 0x00, 0x04, 0x00, 0x17, 0x00, 0x00, 0x00, 0x31, 0x01, 0x00, 0x00, 0x0B, 0x00, 0x00, 0x00,
            0x19, 0x00, 0x09, 0x00, 0x35, 0x01, 0x00, 0x00, 0x05, 0x00, 0x00, 0x00, 0x01, 0x00, 0x00, 0x00,
            0x02, 0x00, 0x00, 0x00, 0x00, 0x00, 0x00, 0x00, 0x00, 0x00, 0x00, 0x00, 0x02, 0x00, 0x00, 0x00,
            0x00, 0x00, 0x00, 0x00, 0x09, 0x14, 0x04, 0x00, 0x10, 0x00, 0x00, 0x00, 0x36, 0x01, 0x00, 0x00,
            0x35, 0x01, 0x00, 0x00, 0x1D, 0x00, 0x03, 0x00, 0x37, 0x01, 0x00, 0x00, 0x35, 0x01, 0x00, 0x00,
            0x3B, 0x00, 0x04, 0x00, 0x15, 0x00, 0x00, 0x00, 0x16, 0x00, 0x00, 0x00, 0x02, 0x00, 0x00, 0x00,
            0x3B, 0x00, 0x04, 0x00, 0x23, 0x00, 0x00, 0x00, 0x24, 0x00, 0x00, 0x00, 0x01, 0x00, 0x00, 0x00,
            0x42, 0x11, 0x04, 0x00, 0x3C, 0x00, 0x00, 0x00, 0x3E, 0x00, 0x00, 0x00, 0x00, 0x00, 0x00, 0x00,
            0x42, 0x11, 0x04, 0x00, 0x3C, 0x00, 0x00, 0x00, 0x52, 0x00, 0x00, 0x00, 0x00, 0x00, 0x00, 0x00,
            0x2C, 0x00, 0x05, 0x00, 0x06, 0x00, 0x00, 0x00, 0x4C, 0x01, 0x00, 0x00, 0xA1, 0x00, 0x00, 0x00,
            0xA1, 0x00, 0x00, 0x00, 0x2E, 0x00, 0x03, 0x00, 0x06, 0x00, 0x00, 0x00, 0x4D, 0x01, 0x00, 0x00,
            0x36, 0x00, 0x05, 0x00, 0x01, 0x00, 0x00, 0x00, 0x02, 0x00, 0x00, 0x00, 0x00, 0x00, 0x00, 0x00,
            0x03, 0x00, 0x00, 0x00, 0xF8, 0x00, 0x02, 0x00, 0x04, 0x00, 0x00, 0x00, 0x3B, 0x00, 0x04, 0x00,
            0x07, 0x00, 0x00, 0x00, 0x40, 0x01, 0x00, 0x00, 0x07, 0x00, 0x00, 0x00, 0x3B, 0x00, 0x04, 0x00,
            0x07, 0x00, 0x00, 0x00, 0x41, 0x01, 0x00, 0x00, 0x07, 0x00, 0x00, 0x00, 0x3B, 0x00, 0x04, 0x00,
            0x07, 0x00, 0x00, 0x00, 0x08, 0x00, 0x00, 0x00, 0x07, 0x00, 0x00, 0x00, 0x3B, 0x00, 0x04, 0x00,
            0x0A, 0x00, 0x00, 0x00, 0x0B, 0x00, 0x00, 0x00, 0x07, 0x00, 0x00, 0x00, 0x41, 0x00, 0x05, 0x00,
            0x19, 0x00, 0x00, 0x00, 0x1A, 0x00, 0x00, 0x00, 0x16, 0x00, 0x00, 0x00, 0x18, 0x00, 0x00, 0x00,
            0x3D, 0x00, 0x04, 0x00, 0x12, 0x00, 0x00, 0x00, 0x1B, 0x00, 0x00, 0x00, 0x1A, 0x00, 0x00, 0x00,
            0x51, 0x00, 0x05, 0x00, 0x05, 0x00, 0x00, 0x00, 0x1C, 0x00, 0x00, 0x00, 0x1B, 0x00, 0x00, 0x00,
            0x00, 0x00, 0x00, 0x00, 0x41, 0x00, 0x05, 0x00, 0x19, 0x00, 0x00, 0x00, 0x1E, 0x00, 0x00, 0x00,
            0x16, 0x00, 0x00, 0x00, 0x1D, 0x00, 0x00, 0x00, 0x3D, 0x00, 0x04, 0x00, 0x12, 0x00, 0x00, 0x00,
            0x1F, 0x00, 0x00, 0x00, 0x1E, 0x00, 0x00, 0x00, 0x4F, 0x00, 0x07, 0x00, 0x06, 0x00, 0x00, 0x00,
            0x20, 0x00, 0x00, 0x00, 0x1F, 0x00, 0x00, 0x00, 0x1F, 0x00, 0x00, 0x00, 0x00, 0x00, 0x00, 0x00,
            0x01, 0x00, 0x00, 0x00, 0x3D, 0x00, 0x04, 0x00, 0x21, 0x00, 0x00, 0x00, 0x22, 0x00, 0x00, 0x00,
            0x24, 0x00, 0x00, 0x00, 0x4F, 0x00, 0x07, 0x00, 0x14, 0x00, 0x00, 0x00, 0x25, 0x00, 0x00, 0x00,
            0x22, 0x00, 0x00, 0x00, 0x22, 0x00, 0x00, 0x00, 0x00, 0x00, 0x00, 0x00, 0x01, 0x00, 0x00, 0x00,
            0x3D, 0x00, 0x04, 0x00, 0x21, 0x00, 0x00, 0x00, 0x26, 0x00, 0x00, 0x00, 0x24, 0x00, 0x00, 0x00,
            0x4F, 0x00, 0x07, 0x00, 0x14, 0x00, 0x00, 0x00, 0x27, 0x00, 0x00, 0x00, 0x26, 0x00, 0x00, 0x00,
            0x26, 0x00, 0x00, 0x00, 0x00, 0x00, 0x00, 0x00, 0x01, 0x00, 0x00, 0x00, 0x70, 0x00, 0x04, 0x00,
            0x06, 0x00, 0x00, 0x00, 0x28, 0x00, 0x00, 0x00, 0x27, 0x00, 0x00, 0x00, 0x85, 0x00, 0x05, 0x00,
            0x06, 0x00, 0x00, 0x00, 0x29, 0x00, 0x00, 0x00, 0x28, 0x00, 0x00, 0x00, 0x20, 0x00, 0x00, 0x00,
            0x85, 0x00, 0x05, 0x00, 0x06, 0x00, 0x00, 0x00, 0x2A, 0x00, 0x00, 0x00, 0x2B, 0x00, 0x00, 0x00,
            0x20, 0x00, 0x00, 0x00, 0x81, 0x00, 0x05, 0x00, 0x06, 0x00, 0x00, 0x00, 0x2D, 0x00, 0x00, 0x00,
            0x29, 0x00, 0x00, 0x00, 0x2A, 0x00, 0x00, 0x00, 0x3D, 0x00, 0x04, 0x00, 0x21, 0x00, 0x00, 0x00,
            0x2E, 0x00, 0x00, 0x00, 0x24, 0x00, 0x00, 0x00, 0x4F, 0x00, 0x07, 0x00, 0x14, 0x00, 0x00, 0x00,
            0x2F, 0x00, 0x00, 0x00, 0x2E, 0x00, 0x00, 0x00, 0x2E, 0x00, 0x00, 0x00, 0x00, 0x00, 0x00, 0x00,
            0x01, 0x00, 0x00, 0x00, 0x7C, 0x00, 0x04, 0x00, 0x30, 0x00, 0x00, 0x00, 0x31, 0x00, 0x00, 0x00,
            0x2F, 0x00, 0x00, 0x00, 0x80, 0x00, 0x05, 0x00, 0x30, 0x00, 0x00, 0x00, 0x32, 0x00, 0x00, 0x00,
            0x33, 0x00, 0x00, 0x00, 0x31, 0x00, 0x00, 0x00, 0x41, 0x00, 0x05, 0x00, 0x35, 0x00, 0x00, 0x00,
            0x36, 0x00, 0x00, 0x00, 0x16, 0x00, 0x00, 0x00, 0x34, 0x00, 0x00, 0x00, 0x3D, 0x00, 0x04, 0x00,
            0x14, 0x00, 0x00, 0x00, 0x37, 0x00, 0x00, 0x00, 0x36, 0x00, 0x00, 0x00, 0x51, 0x00, 0x05, 0x00,
            0x10, 0x00, 0x00, 0x00, 0x38, 0x00, 0x00, 0x00, 0x37, 0x00, 0x00, 0x00, 0x00, 0x00, 0x00, 0x00,
            0x43, 0x11, 0x06, 0x00, 0x3C, 0x00, 0x00, 0x00, 0x3D, 0x00, 0x00, 0x00, 0x3B, 0x00, 0x00, 0x00,
            0x3E, 0x00, 0x00, 0x00, 0x38, 0x00, 0x00, 0x00, 0x3D, 0x00, 0x04, 0x00, 0x39, 0x00, 0x00, 0x00,
            0x3F, 0x00, 0x00, 0x00, 0x3D, 0x00, 0x00, 0x00, 0x50, 0x00, 0x05, 0x00, 0x40, 0x00, 0x00, 0x00,
            0x41, 0x00, 0x00, 0x00, 0x32, 0x00, 0x00, 0x00, 0x42, 0x00, 0x00, 0x00, 0x4F, 0x00, 0x07, 0x00,
            0x30, 0x00, 0x00, 0x00, 0x43, 0x00, 0x00, 0x00, 0x41, 0x00, 0x00, 0x00, 0x41, 0x00, 0x00, 0x00,
            0x00, 0x00, 0x00, 0x00, 0x01, 0x00, 0x00, 0x00, 0x5F, 0x00, 0x07, 0x00, 0x12, 0x00, 0x00, 0x00,
            0x44, 0x00, 0x00, 0x00, 0x3F, 0x00, 0x00, 0x00, 0x43, 0x00, 0x00, 0x00, 0x02, 0x00, 0x00, 0x00,
            0x42, 0x00, 0x00, 0x00, 0x51, 0x00, 0x05, 0x00, 0x05, 0x00, 0x00, 0x00, 0x45, 0x00, 0x00, 0x00,
            0x44, 0x00, 0x00, 0x00, 0x00, 0x00, 0x00, 0x00, 0x3D, 0x00, 0x04, 0x00, 0x14, 0x00, 0x00, 0x00,
            0x46, 0x00, 0x00, 0x00, 0x36, 0x00, 0x00, 0x00, 0x51, 0x00, 0x05, 0x00, 0x10, 0x00, 0x00, 0x00,
            0x47, 0x00, 0x00, 0x00, 0x46, 0x00, 0x00, 0x00, 0x00, 0x00, 0x00, 0x00, 0x43, 0x11, 0x06, 0x00,
            0x3C, 0x00, 0x00, 0x00, 0x48, 0x00, 0x00, 0x00, 0x3B, 0x00, 0x00, 0x00, 0x3E, 0x00, 0x00, 0x00,
            0x47, 0x00, 0x00, 0x00, 0x3D, 0x00, 0x04, 0x00, 0x39, 0x00, 0x00, 0x00, 0x49, 0x00, 0x00, 0x00,
            0x48, 0x00, 0x00, 0x00, 0x41, 0x00, 0x05, 0x00, 0x35, 0x00, 0x00, 0x00, 0x4B, 0x00, 0x00, 0x00,
            0x16, 0x00, 0x00, 0x00, 0x4A, 0x00, 0x00, 0x00, 0x3D, 0x00, 0x04, 0x00, 0x14, 0x00, 0x00, 0x00,
            0x4C, 0x00, 0x00, 0x00, 0x4B, 0x00, 0x00, 0x00, 0x51, 0x00, 0x05, 0x00, 0x10, 0x00, 0x00, 0x00,
            0x4D, 0x00, 0x00, 0x00, 0x4C, 0x00, 0x00, 0x00, 0x00, 0x00, 0x00, 0x00, 0x43, 0x11, 0x06, 0x00,
            0x3C, 0x00, 0x00, 0x00, 0x51, 0x00, 0x00, 0x00, 0x50, 0x00, 0x00, 0x00, 0x52, 0x00, 0x00, 0x00,
            0x4D, 0x00, 0x00, 0x00, 0x3D, 0x00, 0x04, 0x00, 0x4E, 0x00, 0x00, 0x00, 0x53, 0x00, 0x00, 0x00,
            0x51, 0x00, 0x00, 0x00, 0x56, 0x00, 0x05, 0x00, 0x54, 0x00, 0x00, 0x00, 0x55, 0x00, 0x00, 0x00,
            0x49, 0x00, 0x00, 0x00, 0x53, 0x00, 0x00, 0x00, 0x60, 0x00, 0x06, 0x00, 0x12, 0x00, 0x00, 0x00,
            0x56, 0x00, 0x00, 0x00, 0x55, 0x00, 0x00, 0x00, 0x29, 0x00, 0x00, 0x00, 0x42, 0x00, 0x00, 0x00,
            0x51, 0x00, 0x05, 0x00, 0x05, 0x00, 0x00, 0x00, 0x57, 0x00, 0x00, 0x00, 0x56, 0x00, 0x00, 0x00,
            0x00, 0x00, 0x00, 0x00, 0x0C, 0x00, 0x07, 0x00, 0x05, 0x00, 0x00, 0x00, 0x58, 0x00, 0x00, 0x00,
            0x59, 0x00, 0x00, 0x00, 0x25, 0x00, 0x00, 0x00, 0x57, 0x00, 0x00, 0x00, 0x45, 0x00, 0x00, 0x00,
            0x51, 0x00, 0x05, 0x00, 0x05, 0x00, 0x00, 0x00, 0x5A, 0x00, 0x00, 0x00, 0x56, 0x00, 0x00, 0x00,
            0x01, 0x00, 0x00, 0x00, 0x0C, 0x00, 0x07, 0x00, 0x05, 0x00, 0x00, 0x00, 0x5B, 0x00, 0x00, 0x00,
            0x59, 0x00, 0x00, 0x00, 0x25, 0x00, 0x00, 0x00, 0x5A, 0x00, 0x00, 0x00, 0x58, 0x00, 0x00, 0x00,
            0x51, 0x00, 0x05, 0x00, 0x05, 0x00, 0x00, 0x00, 0x5C, 0x00, 0x00, 0x00, 0x56, 0x00, 0x00, 0x00,
            0x02, 0x00, 0x00, 0x00, 0x0C, 0x00, 0x07, 0x00, 0x05, 0x00, 0x00, 0x00, 0x5D, 0x00, 0x00, 0x00,
            0x59, 0x00, 0x00, 0x00, 0x25, 0x00, 0x00, 0x00, 0x5C, 0x00, 0x00, 0x00, 0x5B, 0x00, 0x00, 0x00,
            0x51, 0x00, 0x05, 0x00, 0x05, 0x00, 0x00, 0x00, 0x5E, 0x00, 0x00, 0x00, 0x56, 0x00, 0x00, 0x00,
            0x03, 0x00, 0x00, 0x00, 0x0C, 0x00, 0x07, 0x00, 0x05, 0x00, 0x00, 0x00, 0x5F, 0x00, 0x00, 0x00,
            0x59, 0x00, 0x00, 0x00, 0x25, 0x00, 0x00, 0x00, 0x5E, 0x00, 0x00, 0x00, 0x5D, 0x00, 0x00, 0x00,
            0x51, 0x00, 0x05, 0x00, 0x05, 0x00, 0x00, 0x00, 0x60, 0x00, 0x00, 0x00, 0x1F, 0x00, 0x00, 0x00,
            0x00, 0x00, 0x00, 0x00, 0x50, 0x00, 0x05, 0x00, 0x06, 0x00, 0x00, 0x00, 0x61, 0x00, 0x00, 0x00,
            0x60, 0x00, 0x00, 0x00, 0x62, 0x00, 0x00, 0x00, 0x3D, 0x00, 0x04, 0x00, 0x14, 0x00, 0x00, 0x00,
            0x63, 0x00, 0x00, 0x00, 0x36, 0x00, 0x00, 0x00, 0x51, 0x00, 0x05, 0x00, 0x10, 0x00, 0x00, 0x00,
            0x64, 0x00, 0x00, 0x00, 0x63, 0x00, 0x00, 0x00, 0x00, 0x00, 0x00, 0x00, 0x43, 0x11, 0x06, 0x00,
            0x3C, 0x00, 0x00, 0x00, 0x65, 0x00, 0x00, 0x00, 0x3B, 0x00, 0x00, 0x00, 0x3E, 0x00, 0x00, 0x00,
            0x64, 0x00, 0x00, 0x00, 0x3D, 0x00, 0x04, 0x00, 0x39, 0x00, 0x00, 0x00, 0x66, 0x00, 0x00, 0x00,
            0x65, 0x00, 0x00, 0x00, 0x3D, 0x00, 0x04, 0x00, 0x14, 0x00, 0x00, 0x00, 0x67, 0x00, 0x00, 0x00,
            0x4B, 0x00, 0x00, 0x00, 0x51, 0x00, 0x05, 0x00, 0x10, 0x00, 0x00, 0x00, 0x68, 0x00, 0x00, 0x00,
            0x67, 0x00, 0x00, 0x00, 0x00, 0x00, 0x00, 0x00, 0x43, 0x11, 0x06, 0x00, 0x3C, 0x00, 0x00, 0x00,
            0x69, 0x00, 0x00, 0x00, 0x50, 0x00, 0x00, 0x00, 0x52, 0x00, 0x00, 0x00, 0x68, 0x00, 0x00, 0x00,
            0x3D, 0x00, 0x04, 0x00, 0x4E, 0x00, 0x00, 0x00, 0x6A, 0x00, 0x00, 0x00, 0x69, 0x00, 0x00, 0x00,
            0x81, 0x00, 0x05, 0x00, 0x06, 0x00, 0x00, 0x00, 0x6B, 0x00, 0x00, 0x00, 0x29, 0x00, 0x00, 0x00,
            0x61, 0x00, 0x00, 0x00, 0x56, 0x00, 0x05, 0x00, 0x54, 0x00, 0x00, 0x00, 0x6C, 0x00, 0x00, 0x00,
            0x66, 0x00, 0x00, 0x00, 0x6A, 0x00, 0x00, 0x00, 0x60, 0x00, 0x06, 0x00, 0x12, 0x00, 0x00, 0x00,
            0x6D, 0x00, 0x00, 0x00, 0x6C, 0x00, 0x00, 0x00, 0x6B, 0x00, 0x00, 0x00, 0x42, 0x00, 0x00, 0x00,
            0x51, 0x00, 0x05, 0x00, 0x05, 0x00, 0x00, 0x00, 0x6F, 0x00, 0x00, 0x00, 0x6D, 0x00, 0x00, 0x00,
            0x01, 0x00, 0x00, 0x00, 0x0C, 0x00, 0x07, 0x00, 0x05, 0x00, 0x00, 0x00, 0x70, 0x00, 0x00, 0x00,
            0x59, 0x00, 0x00, 0x00, 0x25, 0x00, 0x00, 0x00, 0x6F, 0x00, 0x00, 0x00, 0x5F, 0x00, 0x00, 0x00,
            0x51, 0x00, 0x05, 0x00, 0x05, 0x00, 0x00, 0x00, 0x71, 0x00, 0x00, 0x00, 0x6D, 0x00, 0x00, 0x00,
            0x02, 0x00, 0x00, 0x00, 0x0C, 0x00, 0x07, 0x00, 0x05, 0x00, 0x00, 0x00, 0x72, 0x00, 0x00, 0x00,
            0x59, 0x00, 0x00, 0x00, 0x25, 0x00, 0x00, 0x00, 0x71, 0x00, 0x00, 0x00, 0x70, 0x00, 0x00, 0x00,
            0x51, 0x00, 0x05, 0x00, 0x05, 0x00, 0x00, 0x00, 0x73, 0x00, 0x00, 0x00, 0x1F, 0x00, 0x00, 0x00,
            0x01, 0x00, 0x00, 0x00, 0x50, 0x00, 0x05, 0x00, 0x06, 0x00, 0x00, 0x00, 0x74, 0x00, 0x00, 0x00,
            0x62, 0x00, 0x00, 0x00, 0x73, 0x00, 0x00, 0x00, 0x3D, 0x00, 0x04, 0x00, 0x14, 0x00, 0x00, 0x00,
            0x75, 0x00, 0x00, 0x00, 0x36, 0x00, 0x00, 0x00, 0x51, 0x00, 0x05, 0x00, 0x10, 0x00, 0x00, 0x00,
            0x76, 0x00, 0x00, 0x00, 0x75, 0x00, 0x00, 0x00, 0x00, 0x00, 0x00, 0x00, 0x43, 0x11, 0x06, 0x00,
            0x3C, 0x00, 0x00, 0x00, 0x77, 0x00, 0x00, 0x00, 0x3B, 0x00, 0x00, 0x00, 0x3E, 0x00, 0x00, 0x00,
            0x76, 0x00, 0x00, 0x00, 0x3D, 0x00, 0x04, 0x00, 0x39, 0x00, 0x00, 0x00, 0x78, 0x00, 0x00, 0x00,
            0x77, 0x00, 0x00, 0x00, 0x3D, 0x00, 0x04, 0x00, 0x14, 0x00, 0x00, 0x00, 0x79, 0x00, 0x00, 0x00,
            0x4B, 0x00, 0x00, 0x00, 0x51, 0x00, 0x05, 0x00, 0x10, 0x00, 0x00, 0x00, 0x7A, 0x00, 0x00, 0x00,
            0x79, 0x00, 0x00, 0x00, 0x00, 0x00, 0x00, 0x00, 0x43, 0x11, 0x06, 0x00, 0x3C, 0x00, 0x00, 0x00,
            0x7B, 0x00, 0x00, 0x00, 0x50, 0x00, 0x00, 0x00, 0x52, 0x00, 0x00, 0x00, 0x7A, 0x00, 0x00, 0x00,
            0x3D, 0x00, 0x04, 0x00, 0x4E, 0x00, 0x00, 0x00, 0x7C, 0x00, 0x00, 0x00, 0x7B, 0x00, 0x00, 0x00,
            0x81, 0x00, 0x05, 0x00, 0x06, 0x00, 0x00, 0x00, 0x7D, 0x00, 0x00, 0x00, 0x29, 0x00, 0x00, 0x00,
            0x74, 0x00, 0x00, 0x00, 0x56, 0x00, 0x05, 0x00, 0x54, 0x00, 0x00, 0x00, 0x7E, 0x00, 0x00, 0x00,
            0x78, 0x00, 0x00, 0x00, 0x7C, 0x00, 0x00, 0x00, 0x60, 0x00, 0x06, 0x00, 0x12, 0x00, 0x00, 0x00,
            0x7F, 0x00, 0x00, 0x00, 0x7E, 0x00, 0x00, 0x00, 0x7D, 0x00, 0x00, 0x00, 0x42, 0x00, 0x00, 0x00,
            0x51, 0x00, 0x05, 0x00, 0x05, 0x00, 0x00, 0x00, 0x81, 0x00, 0x00, 0x00, 0x7F, 0x00, 0x00, 0x00,
            0x00, 0x00, 0x00, 0x00, 0x0C, 0x00, 0x07, 0x00, 0x05, 0x00, 0x00, 0x00, 0x82, 0x00, 0x00, 0x00,
            0x59, 0x00, 0x00, 0x00, 0x25, 0x00, 0x00, 0x00, 0x81, 0x00, 0x00, 0x00, 0x72, 0x00, 0x00, 0x00,
            0x51, 0x00, 0x05, 0x00, 0x05, 0x00, 0x00, 0x00, 0x83, 0x00, 0x00, 0x00, 0x7F, 0x00, 0x00, 0x00,
            0x01, 0x00, 0x00, 0x00, 0x0C, 0x00, 0x07, 0x00, 0x05, 0x00, 0x00, 0x00, 0x84, 0x00, 0x00, 0x00,
            0x59, 0x00, 0x00, 0x00, 0x25, 0x00, 0x00, 0x00, 0x83, 0x00, 0x00, 0x00, 0x82, 0x00, 0x00, 0x00,
            0x41, 0x00, 0x05, 0x00, 0x35, 0x00, 0x00, 0x00, 0x86, 0x00, 0x00, 0x00, 0x16, 0x00, 0x00, 0x00,
            0x85, 0x00, 0x00, 0x00, 0x3D, 0x00, 0x04, 0x00, 0x14, 0x00, 0x00, 0x00, 0x87, 0x00, 0x00, 0x00,
            0x86, 0x00, 0x00, 0x00, 0x51, 0x00, 0x05, 0x00, 0x10, 0x00, 0x00, 0x00, 0x88, 0x00, 0x00, 0x00,
            0x87, 0x00, 0x00, 0x00, 0x00, 0x00, 0x00, 0x00, 0x43, 0x11, 0x06, 0x00, 0x3C, 0x00, 0x00, 0x00,
            0x89, 0x00, 0x00, 0x00, 0x3B, 0x00, 0x00, 0x00, 0x3E, 0x00, 0x00, 0x00, 0x88, 0x00, 0x00, 0x00,
            0x3D, 0x00, 0x04, 0x00, 0x39, 0x00, 0x00, 0x00, 0x8A, 0x00, 0x00, 0x00, 0x89, 0x00, 0x00, 0x00,
            0x3D, 0x00, 0x04, 0x00, 0x21, 0x00, 0x00, 0x00, 0x8B, 0x00, 0x00, 0x00, 0x24, 0x00, 0x00, 0x00,
            0x4F, 0x00, 0x07, 0x00, 0x14, 0x00, 0x00, 0x00, 0x8C, 0x00, 0x00, 0x00, 0x8B, 0x00, 0x00, 0x00,
            0x8B, 0x00, 0x00, 0x00, 0x00, 0x00, 0x00, 0x00, 0x01, 0x00, 0x00, 0x00, 0x7C, 0x00, 0x04, 0x00,
            0x30, 0x00, 0x00, 0x00, 0x8D, 0x00, 0x00, 0x00, 0x8C, 0x00, 0x00, 0x00, 0x50, 0x00, 0x05, 0x00,
            0x40, 0x00, 0x00, 0x00, 0x8E, 0x00, 0x00, 0x00, 0x8D, 0x00, 0x00, 0x00, 0x42, 0x00, 0x00, 0x00,
            0x4F, 0x00, 0x07, 0x00, 0x30, 0x00, 0x00, 0x00, 0x8F, 0x00, 0x00, 0x00, 0x8E, 0x00, 0x00, 0x00,
            0x8E, 0x00, 0x00, 0x00, 0x00, 0x00, 0x00, 0x00, 0x01, 0x00, 0x00, 0x00, 0x5F, 0x00, 0x07, 0x00,
            0x12, 0x00, 0x00, 0x00, 0x90, 0x00, 0x00, 0x00, 0x8A, 0x00, 0x00, 0x00, 0x8F, 0x00, 0x00, 0x00,
            0x02, 0x00, 0x00, 0x00, 0x42, 0x00, 0x00, 0x00, 0x51, 0x00, 0x05, 0x00, 0x05, 0x00, 0x00, 0x00,
            0x92, 0x00, 0x00, 0x00, 0x90, 0x00, 0x00, 0x00, 0x00, 0x00, 0x00, 0x00, 0xBA, 0x00, 0x05, 0x00,
            0x93, 0x00, 0x00, 0x00, 0x94, 0x00, 0x00, 0x00, 0x92, 0x00, 0x00, 0x00, 0x62, 0x00, 0x00, 0x00,
            0xF7, 0x00, 0x03, 0x00, 0x0E, 0x00, 0x00, 0x00, 0x00, 0x00, 0x00, 0x00, 0xFA, 0x00, 0x04, 0x00,
            0x94, 0x00, 0x00, 0x00, 0x0C, 0x00, 0x00, 0x00, 0x0D, 0x00, 0x00, 0x00, 0xF8, 0x00, 0x02, 0x00,
            0x0C, 0x00, 0x00, 0x00, 0x4F, 0x00, 0x07, 0x00, 0x06, 0x00, 0x00, 0x00, 0x43, 0x01, 0x00, 0x00,
            0x90, 0x00, 0x00, 0x00, 0x4D, 0x01, 0x00, 0x00, 0x00, 0x00, 0x00, 0x00, 0x01, 0x00, 0x00, 0x00,
            0x8E, 0x00, 0x05, 0x00, 0x06, 0x00, 0x00, 0x00, 0x44, 0x01, 0x00, 0x00, 0x43, 0x01, 0x00, 0x00,
            0x9F, 0x00, 0x00, 0x00, 0x83, 0x00, 0x05, 0x00, 0x06, 0x00, 0x00, 0x00, 0x46, 0x01, 0x00, 0x00,
            0x44, 0x01, 0x00, 0x00, 0x4C, 0x01, 0x00, 0x00, 0x41, 0x00, 0x05, 0x00, 0xA3, 0x00, 0x00, 0x00,
            0x47, 0x01, 0x00, 0x00, 0x40, 0x01, 0x00, 0x00, 0x42, 0x00, 0x00, 0x00, 0x51, 0x00, 0x05, 0x00,
            0x05, 0x00, 0x00, 0x00, 0x48, 0x01, 0x00, 0x00, 0x46, 0x01, 0x00, 0x00, 0x00, 0x00, 0x00, 0x00,
            0x3E, 0x00, 0x03, 0x00, 0x47, 0x01, 0x00, 0x00, 0x48, 0x01, 0x00, 0x00, 0x41, 0x00, 0x05, 0x00,
            0xA3, 0x00, 0x00, 0x00, 0x49, 0x01, 0x00, 0x00, 0x40, 0x01, 0x00, 0x00, 0x1D, 0x00, 0x00, 0x00,
            0x51, 0x00, 0x05, 0x00, 0x05, 0x00, 0x00, 0x00, 0x4A, 0x01, 0x00, 0x00, 0x46, 0x01, 0x00, 0x00,
            0x01, 0x00, 0x00, 0x00, 0x3E, 0x00, 0x03, 0x00, 0x49, 0x01, 0x00, 0x00, 0x4A, 0x01, 0x00, 0x00,
            0x3D, 0x00, 0x04, 0x00, 0x06, 0x00, 0x00, 0x00, 0x4B, 0x01, 0x00, 0x00, 0x40, 0x01, 0x00, 0x00,
            0x3E, 0x00, 0x03, 0x00, 0x41, 0x01, 0x00, 0x00, 0x4B, 0x01, 0x00, 0x00, 0x3D, 0x00, 0x04, 0x00,
            0x06, 0x00, 0x00, 0x00, 0x97, 0x00, 0x00, 0x00, 0x41, 0x01, 0x00, 0x00, 0x3E, 0x00, 0x03, 0x00,
            0x08, 0x00, 0x00, 0x00, 0x97, 0x00, 0x00, 0x00, 0xF9, 0x00, 0x02, 0x00, 0x0E, 0x00, 0x00, 0x00,
            0xF8, 0x00, 0x02, 0x00, 0x0D, 0x00, 0x00, 0x00, 0x51, 0x00, 0x05, 0x00, 0x05, 0x00, 0x00, 0x00,
            0xAD, 0x00, 0x00, 0x00, 0x2D, 0x00, 0x00, 0x00, 0x00, 0x00, 0x00, 0x00, 0x85, 0x00, 0x05, 0x00,
            0x05, 0x00, 0x00, 0x00, 0xAE, 0x00, 0x00, 0x00, 0xAF, 0x00, 0x00, 0x00, 0xAD, 0x00, 0x00, 0x00,
            0x83, 0x00, 0x05, 0x00, 0x05, 0x00, 0x00, 0x00, 0xB0, 0x00, 0x00, 0x00, 0xAE, 0x00, 0x00, 0x00,
            0xB1, 0x00, 0x00, 0x00, 0x51, 0x00, 0x05, 0x00, 0x05, 0x00, 0x00, 0x00, 0xB2, 0x00, 0x00, 0x00,
            0x2D, 0x00, 0x00, 0x00, 0x01, 0x00, 0x00, 0x00, 0x85, 0x00, 0x05, 0x00, 0x05, 0x00, 0x00, 0x00,
            0xB3, 0x00, 0x00, 0x00, 0xAF, 0x00, 0x00, 0x00, 0xB2, 0x00, 0x00, 0x00, 0x83, 0x00, 0x05, 0x00,
            0x05, 0x00, 0x00, 0x00, 0xB4, 0x00, 0x00, 0x00, 0xB1, 0x00, 0x00, 0x00, 0xB3, 0x00, 0x00, 0x00,
            0x50, 0x00, 0x05, 0x00, 0x06, 0x00, 0x00, 0x00, 0xB5, 0x00, 0x00, 0x00, 0xB0, 0x00, 0x00, 0x00,
            0xB4, 0x00, 0x00, 0x00, 0x50, 0x00, 0x06, 0x00, 0x12, 0x00, 0x00, 0x00, 0xB6, 0x00, 0x00, 0x00,
            0xB5, 0x00, 0x00, 0x00, 0x84, 0x00, 0x00, 0x00, 0xB1, 0x00, 0x00, 0x00, 0x41, 0x00, 0x05, 0x00,
            0xB8, 0x00, 0x00, 0x00, 0xB9, 0x00, 0x00, 0x00, 0x16, 0x00, 0x00, 0x00, 0xB7, 0x00, 0x00, 0x00,
            0x3D, 0x00, 0x04, 0x00, 0x13, 0x00, 0x00, 0x00, 0xBA, 0x00, 0x00, 0x00, 0xB9, 0x00, 0x00, 0x00,
            0x91, 0x00, 0x05, 0x00, 0x12, 0x00, 0x00, 0x00, 0xBB, 0x00, 0x00, 0x00, 0xBA, 0x00, 0x00, 0x00,
            0xB6, 0x00, 0x00, 0x00, 0x4F, 0x00, 0x07, 0x00, 0x06, 0x00, 0x00, 0x00, 0xBC, 0x00, 0x00, 0x00,
            0xBB, 0x00, 0x00, 0x00, 0xBB, 0x00, 0x00, 0x00, 0x00, 0x00, 0x00, 0x00, 0x01, 0x00, 0x00, 0x00,
            0x51, 0x00, 0x05, 0x00, 0x05, 0x00, 0x00, 0x00, 0xBD, 0x00, 0x00, 0x00, 0xBB, 0x00, 0x00, 0x00,
            0x03, 0x00, 0x00, 0x00, 0x50, 0x00, 0x05, 0x00, 0x06, 0x00, 0x00, 0x00, 0xBE, 0x00, 0x00, 0x00,
            0xBD, 0x00, 0x00, 0x00, 0xBD, 0x00, 0x00, 0x00, 0x88, 0x00, 0x05, 0x00, 0x06, 0x00, 0x00, 0x00,
            0xBF, 0x00, 0x00, 0x00, 0xBC, 0x00, 0x00, 0x00, 0xBE, 0x00, 0x00, 0x00, 0x4F, 0x00, 0x07, 0x00,
            0x06, 0x00, 0x00, 0x00, 0xC0, 0x00, 0x00, 0x00, 0xB6, 0x00, 0x00, 0x00, 0xB6, 0x00, 0x00, 0x00,
            0x00, 0x00, 0x00, 0x00, 0x01, 0x00, 0x00, 0x00, 0x83, 0x00, 0x05, 0x00, 0x06, 0x00, 0x00, 0x00,
            0xC1, 0x00, 0x00, 0x00, 0xC0, 0x00, 0x00, 0x00, 0xBF, 0x00, 0x00, 0x00, 0x3E, 0x00, 0x03, 0x00,
            0x08, 0x00, 0x00, 0x00, 0xC1, 0x00, 0x00, 0x00, 0xF9, 0x00, 0x02, 0x00, 0x0E, 0x00, 0x00, 0x00,
            0xF8, 0x00, 0x02, 0x00, 0x0E, 0x00, 0x00, 0x00, 0x41, 0x00, 0x05, 0x00, 0x35, 0x00, 0x00, 0x00,
            0xC5, 0x00, 0x00, 0x00, 0x16, 0x00, 0x00, 0x00, 0xC4, 0x00, 0x00, 0x00, 0x3D, 0x00, 0x04, 0x00,
            0x14, 0x00, 0x00, 0x00, 0xC6, 0x00, 0x00, 0x00, 0xC5, 0x00, 0x00, 0x00, 0x51, 0x00, 0x05, 0x00,
            0x10, 0x00, 0x00, 0x00, 0xC7, 0x00, 0x00, 0x00, 0xC6, 0x00, 0x00, 0x00, 0x00, 0x00, 0x00, 0x00,
            0x43, 0x11, 0x06, 0x00, 0x3C, 0x00, 0x00, 0x00, 0xC8, 0x00, 0x00, 0x00, 0x3B, 0x00, 0x00, 0x00,
            0x3E, 0x00, 0x00, 0x00, 0xC7, 0x00, 0x00, 0x00, 0x3D, 0x00, 0x04, 0x00, 0x39, 0x00, 0x00, 0x00,
            0xC9, 0x00, 0x00, 0x00, 0xC8, 0x00, 0x00, 0x00, 0x7C, 0x00, 0x04, 0x00, 0x30, 0x00, 0x00, 0x00,
            0xCA, 0x00, 0x00, 0x00, 0x25, 0x00, 0x00, 0x00, 0x50, 0x00, 0x05, 0x00, 0x40, 0x00, 0x00, 0x00,
            0xCB, 0x00, 0x00, 0x00, 0xCA, 0x00, 0x00, 0x00, 0x42, 0x00, 0x00, 0x00, 0x4F, 0x00, 0x07, 0x00,
            0x30, 0x00, 0x00, 0x00, 0xCC, 0x00, 0x00, 0x00, 0xCB, 0x00, 0x00, 0x00, 0xCB, 0x00, 0x00, 0x00,
            0x00, 0x00, 0x00, 0x00, 0x01, 0x00, 0x00, 0x00, 0x5F, 0x00, 0x07, 0x00, 0x12, 0x00, 0x00, 0x00,
            0xCD, 0x00, 0x00, 0x00, 0xC9, 0x00, 0x00, 0x00, 0xCC, 0x00, 0x00, 0x00, 0x02, 0x00, 0x00, 0x00,
            0x42, 0x00, 0x00, 0x00, 0x4F, 0x00, 0x08, 0x00, 0x09, 0x00, 0x00, 0x00, 0xCF, 0x00, 0x00, 0x00,
            0xCD, 0x00, 0x00, 0x00, 0xCD, 0x00, 0x00, 0x00, 0x00, 0x00, 0x00, 0x00, 0x01, 0x00, 0x00, 0x00,
            0x02, 0x00, 0x00, 0x00, 0x51, 0x00, 0x05, 0x00, 0x05, 0x00, 0x00, 0x00, 0xD0, 0x00, 0x00, 0x00,
            0xCD, 0x00, 0x00, 0x00, 0x00, 0x00, 0x00, 0x00, 0x51, 0x00, 0x05, 0x00, 0x05, 0x00, 0x00, 0x00,
            0xD1, 0x00, 0x00, 0x00, 0xCD, 0x00, 0x00, 0x00, 0x01, 0x00, 0x00, 0x00, 0x0C, 0x00, 0x07, 0x00,
            0x05, 0x00, 0x00, 0x00, 0xD2, 0x00, 0x00, 0x00, 0x59, 0x00, 0x00, 0x00, 0x28, 0x00, 0x00, 0x00,
            0xD0, 0x00, 0x00, 0x00, 0xD1, 0x00, 0x00, 0x00, 0x51, 0x00, 0x05, 0x00, 0x05, 0x00, 0x00, 0x00,
            0xD3, 0x00, 0x00, 0x00, 0xCD, 0x00, 0x00, 0x00, 0x02, 0x00, 0x00, 0x00, 0x0C, 0x00, 0x07, 0x00,
            0x05, 0x00, 0x00, 0x00, 0xD4, 0x00, 0x00, 0x00, 0x59, 0x00, 0x00, 0x00, 0x28, 0x00, 0x00, 0x00,
            0xD2, 0x00, 0x00, 0x00, 0xD3, 0x00, 0x00, 0x00, 0x81, 0x00, 0x05, 0x00, 0x05, 0x00, 0x00, 0x00,
            0xD5, 0x00, 0x00, 0x00, 0xD4, 0x00, 0x00, 0x00, 0x1C, 0x00, 0x00, 0x00, 0x50, 0x00, 0x06, 0x00,
            0x09, 0x00, 0x00, 0x00, 0xD6, 0x00, 0x00, 0x00, 0xD5, 0x00, 0x00, 0x00, 0xD5, 0x00, 0x00, 0x00,
            0xD5, 0x00, 0x00, 0x00, 0x88, 0x00, 0x05, 0x00, 0x09, 0x00, 0x00, 0x00, 0xD7, 0x00, 0x00, 0x00,
            0xCF, 0x00, 0x00, 0x00, 0xD6, 0x00, 0x00, 0x00, 0x41, 0x00, 0x05, 0x00, 0xA3, 0x00, 0x00, 0x00,
            0xD8, 0x00, 0x00, 0x00, 0x0B, 0x00, 0x00, 0x00, 0x42, 0x00, 0x00, 0x00, 0x51, 0x00, 0x05, 0x00,
            0x05, 0x00, 0x00, 0x00, 0xD9, 0x00, 0x00, 0x00, 0xD7, 0x00, 0x00, 0x00, 0x00, 0x00, 0x00, 0x00,
            0x51, 0x00, 0x05, 0x00, 0x05, 0x00, 0x00, 0x00, 0xDA, 0x00, 0x00, 0x00, 0xD7, 0x00, 0x00, 0x00,
            0x01, 0x00, 0x00, 0x00, 0x85, 0x00, 0x05, 0x00, 0x05, 0x00, 0x00, 0x00, 0xDB, 0x00, 0x00, 0x00,
            0xAF, 0x00, 0x00, 0x00, 0xDA, 0x00, 0x00, 0x00, 0x81, 0x00, 0x05, 0x00, 0x05, 0x00, 0x00, 0x00,
            0xDC, 0x00, 0x00, 0x00, 0xD9, 0x00, 0x00, 0x00, 0xDB, 0x00, 0x00, 0x00, 0x51, 0x00, 0x05, 0x00,
            0x05, 0x00, 0x00, 0x00, 0xDD, 0x00, 0x00, 0x00, 0xD7, 0x00, 0x00, 0x00, 0x02, 0x00, 0x00, 0x00,
            0x81, 0x00, 0x05, 0x00, 0x05, 0x00, 0x00, 0x00, 0xDE, 0x00, 0x00, 0x00, 0xDC, 0x00, 0x00, 0x00,
            0xDD, 0x00, 0x00, 0x00, 0x85, 0x00, 0x05, 0x00, 0x05, 0x00, 0x00, 0x00, 0xDF, 0x00, 0x00, 0x00,
            0xE0, 0x00, 0x00, 0x00, 0xDE, 0x00, 0x00, 0x00, 0x3E, 0x00, 0x03, 0x00, 0xD8, 0x00, 0x00, 0x00,
            0xDF, 0x00, 0x00, 0x00, 0x41, 0x00, 0x05, 0x00, 0xA3, 0x00, 0x00, 0x00, 0xE2, 0x00, 0x00, 0x00,
            0x0B, 0x00, 0x00, 0x00, 0x1D, 0x00, 0x00, 0x00, 0x85, 0x00, 0x05, 0x00, 0x05, 0x00, 0x00, 0x00,
            0xE3, 0x00, 0x00, 0x00, 0x2C, 0x00, 0x00, 0x00, 0xD9, 0x00, 0x00, 0x00, 0x81, 0x00, 0x05, 0x00,
            0x05, 0x00, 0x00, 0x00, 0xE4, 0x00, 0x00, 0x00, 0xE3, 0x00, 0x00, 0x00, 0x2C, 0x00, 0x00, 0x00,
            0x85, 0x00, 0x05, 0x00, 0x05, 0x00, 0x00, 0x00, 0xE5, 0x00, 0x00, 0x00, 0x2C, 0x00, 0x00, 0x00,
            0xDD, 0x00, 0x00, 0x00, 0x83, 0x00, 0x05, 0x00, 0x05, 0x00, 0x00, 0x00, 0xE6, 0x00, 0x00, 0x00,
            0xE4, 0x00, 0x00, 0x00, 0xE5, 0x00, 0x00, 0x00, 0x0C, 0x00, 0x08, 0x00, 0x05, 0x00, 0x00, 0x00,
            0xE7, 0x00, 0x00, 0x00, 0x59, 0x00, 0x00, 0x00, 0x2B, 0x00, 0x00, 0x00, 0xE6, 0x00, 0x00, 0x00,
            0x62, 0x00, 0x00, 0x00, 0xB1, 0x00, 0x00, 0x00, 0x3E, 0x00, 0x03, 0x00, 0xE2, 0x00, 0x00, 0x00,
            0xE7, 0x00, 0x00, 0x00, 0x41, 0x00, 0x05, 0x00, 0xA3, 0x00, 0x00, 0x00, 0xE9, 0x00, 0x00, 0x00,
            0x0B, 0x00, 0x00, 0x00, 0xEA, 0x00, 0x00, 0x00, 0x3D, 0x00, 0x04, 0x00, 0x09, 0x00, 0x00, 0x00,
            0xEB, 0x00, 0x00, 0x00, 0x0B, 0x00, 0x00, 0x00, 0x51, 0x00, 0x05, 0x00, 0x05, 0x00, 0x00, 0x00,
            0xEC, 0x00, 0x00, 0x00, 0xEB, 0x00, 0x00, 0x00, 0x00, 0x00, 0x00, 0x00, 0x3D, 0x00, 0x04, 0x00,
            0x09, 0x00, 0x00, 0x00, 0xED, 0x00, 0x00, 0x00, 0x0B, 0x00, 0x00, 0x00, 0x51, 0x00, 0x05, 0x00,
            0x05, 0x00, 0x00, 0x00, 0xEE, 0x00, 0x00, 0x00, 0xED, 0x00, 0x00, 0x00, 0x01, 0x00, 0x00, 0x00,
            0x81, 0x00, 0x05, 0x00, 0x05, 0x00, 0x00, 0x00, 0xEF, 0x00, 0x00, 0x00, 0xEC, 0x00, 0x00, 0x00,
            0xEE, 0x00, 0x00, 0x00, 0x83, 0x00, 0x05, 0x00, 0x05, 0x00, 0x00, 0x00, 0xF0, 0x00, 0x00, 0x00,
            0xEF, 0x00, 0x00, 0x00, 0xD9, 0x00, 0x00, 0x00, 0x0C, 0x00, 0x08, 0x00, 0x05, 0x00, 0x00, 0x00,
            0xF1, 0x00, 0x00, 0x00, 0x59, 0x00, 0x00, 0x00, 0x2B, 0x00, 0x00, 0x00, 0xF0, 0x00, 0x00, 0x00,
            0x62, 0x00, 0x00, 0x00, 0xB1, 0x00, 0x00, 0x00, 0x3E, 0x00, 0x03, 0x00, 0xE9, 0x00, 0x00, 0x00,
            0xF1, 0x00, 0x00, 0x00, 0x3D, 0x00, 0x04, 0x00, 0x09, 0x00, 0x00, 0x00, 0xF3, 0x00, 0x00, 0x00,
            0x0B, 0x00, 0x00, 0x00, 0x51, 0x00, 0x05, 0x00, 0x05, 0x00, 0x00, 0x00, 0xF4, 0x00, 0x00, 0x00,
            0xF3, 0x00, 0x00, 0x00, 0x00, 0x00, 0x00, 0x00, 0x85, 0x00, 0x05, 0x00, 0x05, 0x00, 0x00, 0x00,
            0xF5, 0x00, 0x00, 0x00, 0xF4, 0x00, 0x00, 0x00, 0xF6, 0x00, 0x00, 0x00, 0x6D, 0x00, 0x04, 0x00,
            0x10, 0x00, 0x00, 0x00, 0xF7, 0x00, 0x00, 0x00, 0xF5, 0x00, 0x00, 0x00, 0x3D, 0x00, 0x04, 0x00,
            0x09, 0x00, 0x00, 0x00, 0xF8, 0x00, 0x00, 0x00, 0x0B, 0x00, 0x00, 0x00, 0x51, 0x00, 0x05, 0x00,
            0x05, 0x00, 0x00, 0x00, 0xF9, 0x00, 0x00, 0x00, 0xF8, 0x00, 0x00, 0x00, 0x01, 0x00, 0x00, 0x00,
            0x85, 0x00, 0x05, 0x00, 0x05, 0x00, 0x00, 0x00, 0xFA, 0x00, 0x00, 0x00, 0xF9, 0x00, 0x00, 0x00,
            0xF6, 0x00, 0x00, 0x00, 0x6D, 0x00, 0x04, 0x00, 0x10, 0x00, 0x00, 0x00, 0xFB, 0x00, 0x00, 0x00,
            0xFA, 0x00, 0x00, 0x00, 0x3D, 0x00, 0x04, 0x00, 0x09, 0x00, 0x00, 0x00, 0xFC, 0x00, 0x00, 0x00,
            0x0B, 0x00, 0x00, 0x00, 0x51, 0x00, 0x05, 0x00, 0x05, 0x00, 0x00, 0x00, 0xFD, 0x00, 0x00, 0x00,
            0xFC, 0x00, 0x00, 0x00, 0x02, 0x00, 0x00, 0x00, 0x85, 0x00, 0x05, 0x00, 0x05, 0x00, 0x00, 0x00,
            0xFE, 0x00, 0x00, 0x00, 0xFD, 0x00, 0x00, 0x00, 0xFF, 0x00, 0x00, 0x00, 0x6D, 0x00, 0x04, 0x00,
            0x10, 0x00, 0x00, 0x00, 0x00, 0x01, 0x00, 0x00, 0xFE, 0x00, 0x00, 0x00, 0x41, 0x00, 0x05, 0x00,
            0x35, 0x00, 0x00, 0x00, 0x02, 0x01, 0x00, 0x00, 0x16, 0x00, 0x00, 0x00, 0x01, 0x01, 0x00, 0x00,
            0x3D, 0x00, 0x04, 0x00, 0x14, 0x00, 0x00, 0x00, 0x03, 0x01, 0x00, 0x00, 0x02, 0x01, 0x00, 0x00,
            0x51, 0x00, 0x05, 0x00, 0x10, 0x00, 0x00, 0x00, 0x04, 0x01, 0x00, 0x00, 0x03, 0x01, 0x00, 0x00,
            0x00, 0x00, 0x00, 0x00, 0x43, 0x11, 0x06, 0x00, 0x3C, 0x00, 0x00, 0x00, 0x05, 0x01, 0x00, 0x00,
            0x3B, 0x00, 0x00, 0x00, 0x3E, 0x00, 0x00, 0x00, 0x04, 0x01, 0x00, 0x00, 0x3D, 0x00, 0x04, 0x00,
            0x39, 0x00, 0x00, 0x00, 0x06, 0x01, 0x00, 0x00, 0x05, 0x01, 0x00, 0x00, 0x5F, 0x00, 0x07, 0x00,
            0x12, 0x00, 0x00, 0x00, 0x07, 0x01, 0x00, 0x00, 0x06, 0x01, 0x00, 0x00, 0xCC, 0x00, 0x00, 0x00,
            0x02, 0x00, 0x00, 0x00, 0x42, 0x00, 0x00, 0x00, 0x4F, 0x00, 0x08, 0x00, 0x09, 0x00, 0x00, 0x00,
            0x09, 0x01, 0x00, 0x00, 0x07, 0x01, 0x00, 0x00, 0x07, 0x01, 0x00, 0x00, 0x00, 0x00, 0x00, 0x00,
            0x01, 0x00, 0x00, 0x00, 0x02, 0x00, 0x00, 0x00, 0x51, 0x00, 0x05, 0x00, 0x05, 0x00, 0x00, 0x00,
            0x0A, 0x01, 0x00, 0x00, 0x07, 0x01, 0x00, 0x00, 0x00, 0x00, 0x00, 0x00, 0x51, 0x00, 0x05, 0x00,
            0x05, 0x00, 0x00, 0x00, 0x0B, 0x01, 0x00, 0x00, 0x07, 0x01, 0x00, 0x00, 0x01, 0x00, 0x00, 0x00,
            0x0C, 0x00, 0x07, 0x00, 0x05, 0x00, 0x00, 0x00, 0x0C, 0x01, 0x00, 0x00, 0x59, 0x00, 0x00, 0x00,
            0x28, 0x00, 0x00, 0x00, 0x0A, 0x01, 0x00, 0x00, 0x0B, 0x01, 0x00, 0x00, 0x51, 0x00, 0x05, 0x00,
            0x05, 0x00, 0x00, 0x00, 0x0D, 0x01, 0x00, 0x00, 0x07, 0x01, 0x00, 0x00, 0x02, 0x00, 0x00, 0x00,
            0x0C, 0x00, 0x07, 0x00, 0x05, 0x00, 0x00, 0x00, 0x0E, 0x01, 0x00, 0x00, 0x59, 0x00, 0x00, 0x00,
            0x28, 0x00, 0x00, 0x00, 0x0C, 0x01, 0x00, 0x00, 0x0D, 0x01, 0x00, 0x00, 0x81, 0x00, 0x05, 0x00,
            0x05, 0x00, 0x00, 0x00, 0x0F, 0x01, 0x00, 0x00, 0x0E, 0x01, 0x00, 0x00, 0x1C, 0x00, 0x00, 0x00,
            0x50, 0x00, 0x06, 0x00, 0x09, 0x00, 0x00, 0x00, 0x10, 0x01, 0x00, 0x00, 0x0F, 0x01, 0x00, 0x00,
            0x0F, 0x01, 0x00, 0x00, 0x0F, 0x01, 0x00, 0x00, 0x88, 0x00, 0x05, 0x00, 0x09, 0x00, 0x00, 0x00,
            0x11, 0x01, 0x00, 0x00, 0x09, 0x01, 0x00, 0x00, 0x10, 0x01, 0x00, 0x00, 0x83, 0x00, 0x05, 0x00,
            0x09, 0x00, 0x00, 0x00, 0x12, 0x01, 0x00, 0x00, 0xD7, 0x00, 0x00, 0x00, 0x11, 0x01, 0x00, 0x00,
            0x0C, 0x00, 0x06, 0x00, 0x09, 0x00, 0x00, 0x00, 0x13, 0x01, 0x00, 0x00, 0x59, 0x00, 0x00, 0x00,
            0x04, 0x00, 0x00, 0x00, 0x12, 0x01, 0x00, 0x00, 0x51, 0x00, 0x05, 0x00, 0x05, 0x00, 0x00, 0x00,
            0x14, 0x01, 0x00, 0x00, 0x13, 0x01, 0x00, 0x00, 0x00, 0x00, 0x00, 0x00, 0x51, 0x00, 0x05, 0x00,
            0x05, 0x00, 0x00, 0x00, 0x15, 0x01, 0x00, 0x00, 0x13, 0x01, 0x00, 0x00, 0x01, 0x00, 0x00, 0x00,
            0x51, 0x00, 0x05, 0x00, 0x05, 0x00, 0x00, 0x00, 0x16, 0x01, 0x00, 0x00, 0x13, 0x01, 0x00, 0x00,
            0x02, 0x00, 0x00, 0x00, 0x0C, 0x00, 0x07, 0x00, 0x05, 0x00, 0x00, 0x00, 0x17, 0x01, 0x00, 0x00,
            0x59, 0x00, 0x00, 0x00, 0x28, 0x00, 0x00, 0x00, 0x15, 0x01, 0x00, 0x00, 0x16, 0x01, 0x00, 0x00,
            0x0C, 0x00, 0x07, 0x00, 0x05, 0x00, 0x00, 0x00, 0x18, 0x01, 0x00, 0x00, 0x59, 0x00, 0x00, 0x00,
            0x28, 0x00, 0x00, 0x00, 0x14, 0x01, 0x00, 0x00, 0x17, 0x01, 0x00, 0x00, 0x85, 0x00, 0x05, 0x00,
            0x05, 0x00, 0x00, 0x00, 0x19, 0x01, 0x00, 0x00, 0x1A, 0x01, 0x00, 0x00, 0x18, 0x01, 0x00, 0x00,
            0x41, 0x00, 0x05, 0x00, 0x35, 0x00, 0x00, 0x00, 0x1C, 0x01, 0x00, 0x00, 0x16, 0x00, 0x00, 0x00,
            0x1B, 0x01, 0x00, 0x00, 0x3D, 0x00, 0x04, 0x00, 0x14, 0x00, 0x00, 0x00, 0x1D, 0x01, 0x00, 0x00,
            0x1C, 0x01, 0x00, 0x00, 0x51, 0x00, 0x05, 0x00, 0x10, 0x00, 0x00, 0x00, 0x1E, 0x01, 0x00, 0x00,
            0x1D, 0x01, 0x00, 0x00, 0x00, 0x00, 0x00, 0x00, 0x43, 0x11, 0x06, 0x00, 0x3C, 0x00, 0x00, 0x00,
            0x22, 0x01, 0x00, 0x00, 0x21, 0x01, 0x00, 0x00, 0x3E, 0x00, 0x00, 0x00, 0x1E, 0x01, 0x00, 0x00,
            0x3D, 0x00, 0x04, 0x00, 0x1F, 0x01, 0x00, 0x00, 0x23, 0x01, 0x00, 0x00, 0x22, 0x01, 0x00, 0x00,
            0x3D, 0x00, 0x04, 0x00, 0x21, 0x00, 0x00, 0x00, 0x24, 0x01, 0x00, 0x00, 0x24, 0x00, 0x00, 0x00,
            0x4F, 0x00, 0x07, 0x00, 0x14, 0x00, 0x00, 0x00, 0x25, 0x01, 0x00, 0x00, 0x24, 0x01, 0x00, 0x00,
            0x24, 0x01, 0x00, 0x00, 0x00, 0x00, 0x00, 0x00, 0x01, 0x00, 0x00, 0x00, 0xC4, 0x00, 0x05, 0x00,
            0x10, 0x00, 0x00, 0x00, 0x28, 0x01, 0x00, 0x00, 0xF7, 0x00, 0x00, 0x00, 0x29, 0x01, 0x00, 0x00,
            0xC4, 0x00, 0x05, 0x00, 0x10, 0x00, 0x00, 0x00, 0x2A, 0x01, 0x00, 0x00, 0xFB, 0x00, 0x00, 0x00,
            0x1B, 0x01, 0x00, 0x00, 0xC5, 0x00, 0x05, 0x00, 0x10, 0x00, 0x00, 0x00, 0x2B, 0x01, 0x00, 0x00,
            0x28, 0x01, 0x00, 0x00, 0x2A, 0x01, 0x00, 0x00, 0xC5, 0x00, 0x05, 0x00, 0x10, 0x00, 0x00, 0x00,
            0x2C, 0x01, 0x00, 0x00, 0x2B, 0x01, 0x00, 0x00, 0x00, 0x01, 0x00, 0x00, 0x50, 0x00, 0x07, 0x00,
            0x11, 0x00, 0x00, 0x00, 0x2D, 0x01, 0x00, 0x00, 0x2C, 0x01, 0x00, 0x00, 0x2C, 0x01, 0x00, 0x00,
            0x2C, 0x01, 0x00, 0x00, 0x2C, 0x01, 0x00, 0x00, 0x63, 0x00, 0x04, 0x00, 0x23, 0x01, 0x00, 0x00,
            0x25, 0x01, 0x00, 0x00, 0x2D, 0x01, 0x00, 0x00, 0x3D, 0x00, 0x04, 0x00, 0x06, 0x00, 0x00, 0x00,
            0x2F, 0x01, 0x00, 0x00, 0x08, 0x00, 0x00, 0x00, 0x50, 0x00, 0x06, 0x00, 0x12, 0x00, 0x00, 0x00,
            0x30, 0x01, 0x00, 0x00, 0x2F, 0x01, 0x00, 0x00, 0x84, 0x00, 0x00, 0x00, 0x19, 0x01, 0x00, 0x00,
            0x41, 0x00, 0x05, 0x00, 0x35, 0x00, 0x00, 0x00, 0x32, 0x01, 0x00, 0x00, 0x16, 0x00, 0x00, 0x00,
            0x31, 0x01, 0x00, 0x00, 0x3D, 0x00, 0x04, 0x00, 0x14, 0x00, 0x00, 0x00, 0x33, 0x01, 0x00, 0x00,
            0x32, 0x01, 0x00, 0x00, 0x51, 0x00, 0x05, 0x00, 0x10, 0x00, 0x00, 0x00, 0x34, 0x01, 0x00, 0x00,
            0x33, 0x01, 0x00, 0x00, 0x00, 0x00, 0x00, 0x00, 0x43, 0x11, 0x06, 0x00, 0x3C, 0x00, 0x00, 0x00,
            0x38, 0x01, 0x00, 0x00, 0x37, 0x01, 0x00, 0x00, 0x3E, 0x00, 0x00, 0x00, 0x34, 0x01, 0x00, 0x00,
            0x3D, 0x00, 0x04, 0x00, 0x35, 0x01, 0x00, 0x00, 0x39, 0x01, 0x00, 0x00, 0x38, 0x01, 0x00, 0x00,
            0x3D, 0x00, 0x04, 0x00, 0x21, 0x00, 0x00, 0x00, 0x3A, 0x01, 0x00, 0x00, 0x24, 0x00, 0x00, 0x00,
            0x4F, 0x00, 0x07, 0x00, 0x14, 0x00, 0x00, 0x00, 0x3B, 0x01, 0x00, 0x00, 0x3A, 0x01, 0x00, 0x00,
            0x3A, 0x01, 0x00, 0x00, 0x00, 0x00, 0x00, 0x00, 0x01, 0x00, 0x00, 0x00, 0x63, 0x00, 0x04, 0x00,
            0x39, 0x01, 0x00, 0x00, 0x3B, 0x01, 0x00, 0x00, 0x30, 0x01, 0x00, 0x00, 0xFD, 0x00, 0x01, 0x00,
            0x38, 0x00, 0x01, 0x00
        ],
        ThreadGroupSize = new()
        {
            X = 8,
            Y = 8,
            Z = 1
        }
    };
}
